# mode=database | scenario=CycloneBaseCase | db=Full_database | selection=Full_db_random_999 | sweeps=— | runs=999 | exported=2026-06-09
999
73
USE_larmor USE_coll USE_turb USE_magnturb USE_freq USE_polar USE_PC USE_real USE_corr USE_balloon USE_tilt USE_testing t0 tc tt tmax Nt Nreal Nc Nloop Np ntraj Ti Te Zeff Aeff ndens Ln Li Le magnetic_model B0 R0 a0 s1 s2 s3 amp elong device shot shotslice Omgt0 Omgtprim turb_model x_corr y_corr t_corr Phi turbprof Ai lambdax lambday lambdaz lbalonz tauc k0i k0e gamma_ZF X0 Y0 Z0 Ts Es pitch As Zs position_type annulus_width pitch_type energy_type Lns Lts
1 0 1 0 1 0 0 0 0 1 1 0 40 -1 -1 0 1200 1 50 1 50000 10 3 3 1 1 5 0 6.9 6.9 4 2.5 1.65 0.6 0.28 2.24 0.0001 1 1.2 3 54178 6 0 0 2 1 1 1 0.0075 5 1 2.35 5.95 3.76 1.48 0.5 0.05 0.05 0 1.95 0 0 0.7 0.1 0.4 1 3.1 3 0.1 2 2 0 0
1 0 1 0 1 0 0 0 0 1 1 0 40 -1 -1 0 1200 1 50 1 50000 10 3 3 1 1 5 3.5 6.9 6.9 4 2.5 1.65 0.6 0.28 2.24 0.0001 1 1.2 3 54178 6 0 0 2 1 1 1 0.0275 5 1 6.4 3.25 4.24 3.28 10.25 0.05 0.05 0 1.95 0 0 0.1 0.1 0.4 3.6 0.6 3 0.1 2 2 0 0
1 0 1 0 1 0 0 0 0 1 1 0 40 -1 -1 0 1200 1 50 1 50000 10 3 3 1 1 5 6 6.9 6.9 4 2.5 1.65 0.6 0.28 2.24 0.0001 1 1.2 3 54178 6 0 0 2 1 1 1 0.0425 5 1 1 5.95 0.88 3.1 10.25 0.05 0.05 0 1.95 0 0 3.7 0.1 0.4 1.4 4.85 3 0.1 2 2 0 0
1 0 1 0 1 0 0 0 0 1 1 0 40 -1 -1 0 1200 1 50 1 50000 10 3 3 1 1 5 4.5 6.9 6.9 4 2.5 1.65 0.6 0.28 2.24 0.0001 1 1.2 3 54178 6 0 0 2 1 1 1 0.015 5 1 5.05 6.85 6.16 1.48 16.1 0.05 0.05 0 1.95 0 0 0.5 0.1 0.4 3.8 0.85 3 0.1 2 2 0 0
1 0 1 0 1 0 0 0 0 1 1 0 40 -1 -1 0 1200 1 50 1 50000 10 3 3 1 1 5 10 6.9 6.9 4 2.5 1.65 0.6 0.28 2.24 0.0001 1 1.2 3 54178 6 0 0 2 1 1 1 0.025 5 1 5.05 1.9 0.88 1.48 4.4 0.05 0.05 0 1.95 0 0 1.7 0.1 0.4 4.6 2.1 3 0.1 2 2 0 0
1 0 1 0 1 0 0 0 0 1 1 0 40 -1 -1 0 1200 1 50 1 50000 10 3 3 1 1 5 5.5 6.9 6.9 4 2.5 1.65 0.6 0.28 2.24 0.0001 1 1.2 3 54178 6 0 0 2 1 1 1 0.03 5 1 10 8.2 3.28 2.56 18.05 0.05 0.05 0 1.95 0 0 2.5 0.1 0.4 3.4 3.85 3 0.1 2 2 0 0
1 0 1 0 1 0 0 0 0 1 1 0 40 -1 -1 0 1200 1 50 1 50000 10 3 3 1 1 5 8 6.9 6.9 4 2.5 1.65 0.6 0.28 2.24 0.0001 1 1.2 3 54178 6 0 0 2 1 1 1 0.02 5 1 7.75 1.9 7.6 3.46 0.5 0.05 0.05 0 1.95 0 0 3.3 0.1 0.4 3.4 3.1 3 0.1 2 2 0 0
1 0 1 0 1 0 0 0 0 1 1 0 40 -1 -1 0 1200 1 50 1 50000 10 3 3 1 1 5 4.5 6.9 6.9 4 2.5 1.65 0.6 0.28 2.24 0.0001 1 1.2 3 54178 6 0 0 2 1 1 1 0.0025 5 1 4.6 1.9 0.88 1.66 6.35 0.05 0.05 0 1.95 0 0 3.7 0.1 0.4 4.8 3.1 3 0.1 2 2 0 0
1 0 1 0 1 0 0 0 0 1 1 0 40 -1 -1 0 1200 1 50 1 50000 10 3 3 1 1 5 3 6.9 6.9 4 2.5 1.65 0.6 0.28 2.24 0.0001 1 1.2 3 54178 6 0 0 2 1 1 1 0.0475 5 1 6.85 5.95 9.04 0.76 15.125 0.05 0.05 0 1.95 0 0 0.7 0.1 0.4 1.4 4.1 3 0.1 2 2 0 0
1 0 1 0 1 0 0 0 0 1 1 0 40 -1 -1 0 1200 1 50 1 50000 10 3 3 1 1 5 1.5 6.9 6.9 4 2.5 1.65 0.6 0.28 2.24 0.0001 1 1.2 3 54178 6 0 0 2 1 1 1 0.0375 5 1 5.05 8.2 0.88 3.82 0.5 0.05 0.05 0 1.95 0 0 2.7 0.1 0.4 3 2.1 3 0.1 2 2 0 0
1 0 1 0 1 0 0 0 0 1 1 0 40 -1 -1 0 1200 1 50 1 50000 10 3 3 1 1 5 4 6.9 6.9 4 2.5 1.65 0.6 0.28 2.24 0.0001 1 1.2 3 54178 6 0 0 2 1 1 1 0.04 5 1 10 3.25 1.36 2.74 3.425 0.05 0.05 0 1.95 0 0 0.3 0.1 0.4 3 4.85 3 0.1 2 2 0 0
1 0 1 0 1 0 0 0 0 1 1 0 40 -1 -1 0 1200 1 50 1 50000 10 3 3 1 1 5 3.5 6.9 6.9 4 2.5 1.65 0.6 0.28 2.24 0.0001 1 1.2 3 54178 6 0 0 2 1 1 1 0.045 5 1 10 1 9.04 3.64 18.05 0.05 0.05 0 1.95 0 0 0.9 0.1 0.4 4.2 1.6 3 0.1 2 2 0 0
1 0 1 0 1 0 0 0 0 1 1 0 40 -1 -1 0 1200 1 50 1 50000 10 3 3 1 1 5 6.5 6.9 6.9 4 2.5 1.65 0.6 0.28 2.24 0.0001 1 1.2 3 54178 6 0 0 2 1 1 1 0.02 5 1 6.4 1.45 5.68 1.84 1.475 0.05 0.05 0 1.95 0 0 2.9 0.1 0.4 3.4 0.85 3 0.1 2 2 0 0
1 0 1 0 1 0 0 0 0 1 1 0 40 -1 -1 0 1200 1 50 1 50000 10 3 3 1 1 5 4.5 6.9 6.9 4 2.5 1.65 0.6 0.28 2.24 0.0001 1 1.2 3 54178 6 0 0 2 1 1 1 0.025 5 1 4.15 1.45 3.28 0.4 1.475 0.05 0.05 0 1.95 0 0 1.1 0.1 0.4 2.4 5.1 3 0.1 2 2 0 0
1 0 1 0 1 0 0 0 0 1 1 0 40 -1 -1 0 1200 1 50 1 50000 10 3 3 1 1 5 1 6.9 6.9 4 2.5 1.65 0.6 0.28 2.24 0.0001 1 1.2 3 54178 6 0 0 2 1 1 1 0.0375 5 1 7.3 7.3 6.16 0.94 9.275 0.05 0.05 0 1.95 0 0 2.5 0.1 0.4 3.8 2.6 3 0.1 2 2 0 0
1 0 1 0 1 0 0 0 0 1 1 0 40 -1 -1 0 1200 1 50 1 50000 10 3 3 1 1 5 2 6.9 6.9 4 2.5 1.65 0.6 0.28 2.24 0.0001 1 1.2 3 54178 6 0 0 2 1 1 1 0.0275 5 1 1.45 1 3.76 1.66 8.3 0.05 0.05 0 1.95 0 0 4.1 0.1 0.4 1.6 1.6 3 0.1 2 2 0 0
1 0 1 0 1 0 0 0 0 1 1 0 40 -1 -1 0 1200 1 50 1 50000 10 3 3 1 1 5 2.5 6.9 6.9 4 2.5 1.65 0.6 0.28 2.24 0.0001 1 1.2 3 54178 6 0 0 2 1 1 1 0.0175 5 1 5.5 6.4 3.28 2.56 9.275 0.05 0.05 0 1.95 0 0 0.7 0.1 0.4 4 2.35 3 0.1 2 2 0 0
1 0 1 0 1 0 0 0 0 1 1 0 40 -1 -1 0 1200 1 50 1 50000 10 3 3 1 1 5 0.5 6.9 6.9 4 2.5 1.65 0.6 0.28 2.24 0.0001 1 1.2 3 54178 6 0 0 2 1 1 1 0.015 5 1 9.55 8.2 9.04 1.3 11.225 0.05 0.05 0 1.95 0 0 3.7 0.1 0.4 1.6 3.6 3 0.1 2 2 0 0
1 0 1 0 1 0 0 0 0 1 1 0 40 -1 -1 0 1200 1 50 1 50000 10 3 3 1 1 5 6.5 6.9 6.9 4 2.5 1.65 0.6 0.28 2.24 0.0001 1 1.2 3 54178 6 0 0 2 1 1 1 0.0025 5 1 3.7 8.65 3.28 2.38 12.2 0.05 0.05 0 1.95 0 0 0.7 0.1 0.4 4.4 1.6 3 0.1 2 2 0 0
1 0 1 0 1 0 0 0 0 1 1 0 40 -1 -1 0 1200 1 50 1 50000 10 3 3 1 1 5 8 6.9 6.9 4 2.5 1.65 0.6 0.28 2.24 0.0001 1 1.2 3 54178 6 0 0 2 1 1 1 0.0025 5 1 6.4 6.4 10 0.58 17.075 0.05 0.05 0 1.95 0 0 3.7 0.1 0.4 3.2 4.35 3 0.1 2 2 0 0
1 0 1 0 1 0 0 0 0 1 1 0 40 -1 -1 0 1200 1 50 1 50000 10 3 3 1 1 5 8 6.9 6.9 4 2.5 1.65 0.6 0.28 2.24 0.0001 1 1.2 3 54178 6 0 0 2 1 1 1 0.03 5 1 2.8 3.25 3.76 4 6.35 0.05 0.05 0 1.95 0 0 1.9 0.1 0.4 2.8 4.35 3 0.1 2 2 0 0
1 0 1 0 1 0 0 0 0 1 1 0 40 -1 -1 0 1200 1 50 1 50000 10 3 3 1 1 5 9.5 6.9 6.9 4 2.5 1.65 0.6 0.28 2.24 0.0001 1 1.2 3 54178 6 0 0 2 1 1 1 0.0125 5 1 3.7 7.3 4.72 1.12 7.325 0.05 0.05 0 1.95 0 0 2.9 0.1 0.4 3.8 4.6 3 0.1 2 2 0 0
1 0 1 0 1 0 0 0 0 1 1 0 40 -1 -1 0 1200 1 50 1 50000 10 3 3 1 1 5 2.5 6.9 6.9 4 2.5 1.65 0.6 0.28 2.24 0.0001 1 1.2 3 54178 6 0 0 2 1 1 1 0.045 5 1 8.65 8.65 3.28 2.02 16.1 0.05 0.05 0 1.95 0 0 2.7 0.1 0.4 2 4.1 3 0.1 2 2 0 0
1 0 1 0 1 0 0 0 0 1 1 0 40 -1 -1 0 1200 1 50 1 50000 10 3 3 1 1 5 6 6.9 6.9 4 2.5 1.65 0.6 0.28 2.24 0.0001 1 1.2 3 54178 6 0 0 2 1 1 1 0.0325 5 1 1 6.4 2.8 2.92 19.025 0.05 0.05 0 1.95 0 0 2.7 0.1 0.4 4.8 0.85 3 0.1 2 2 0 0
1 0 1 0 1 0 0 0 0 1 1 0 40 -1 -1 0 1200 1 50 1 50000 10 3 3 1 1 5 4 6.9 6.9 4 2.5 1.65 0.6 0.28 2.24 0.0001 1 1.2 3 54178 6 0 0 2 1 1 1 0.01 5 1 10 5.95 3.28 2.38 12.2 0.05 0.05 0 1.95 0 0 0.9 0.1 0.4 5 4.6 3 0.1 2 2 0 0
1 0 1 0 1 0 0 0 0 1 1 0 40 -1 -1 0 1200 1 50 1 50000 10 3 3 1 1 5 1 6.9 6.9 4 2.5 1.65 0.6 0.28 2.24 0.0001 1 1.2 3 54178 6 0 0 2 1 1 1 0.03 5 1 2.8 10 9.04 0.4 4.4 0.05 0.05 0 1.95 0 0 3.7 0.1 0.4 3.2 1.35 3 0.1 2 2 0 0
1 0 1 0 1 0 0 0 0 1 1 0 40 -1 -1 0 1200 1 50 1 50000 10 3 3 1 1 5 6.5 6.9 6.9 4 2.5 1.65 0.6 0.28 2.24 0.0001 1 1.2 3 54178 6 0 0 2 1 1 1 0.05 5 1 6.4 8.65 1.84 0.58 10.25 0.05 0.05 0 1.95 0 0 3.1 0.1 0.4 5 4.1 3 0.1 2 2 0 0
1 0 1 0 1 0 0 0 0 1 1 0 40 -1 -1 0 1200 1 50 1 50000 10 3 3 1 1 5 5.5 6.9 6.9 4 2.5 1.65 0.6 0.28 2.24 0.0001 1 1.2 3 54178 6 0 0 2 1 1 1 0.04 5 1 10 2.8 2.8 1.3 9.275 0.05 0.05 0 1.95 0 0 3.1 0.1 0.4 4.6 0.1 3 0.1 2 2 0 0
1 0 1 0 1 0 0 0 0 1 1 0 40 -1 -1 0 1200 1 50 1 50000 10 3 3 1 1 5 2 6.9 6.9 4 2.5 1.65 0.6 0.28 2.24 0.0001 1 1.2 3 54178 6 0 0 2 1 1 1 0 5 1 6.4 4.6 8.56 0.4 1.475 0.05 0.05 0 1.95 0 0 3.9 0.1 0.4 3.2 5.1 3 0.1 2 2 0 0
1 0 1 0 1 0 0 0 0 1 1 0 40 -1 -1 0 1200 1 50 1 50000 10 3 3 1 1 5 4 6.9 6.9 4 2.5 1.65 0.6 0.28 2.24 0.0001 1 1.2 3 54178 6 0 0 2 1 1 1 0.025 5 1 3.25 5.5 5.68 1.3 16.1 0.05 0.05 0 1.95 0 0 4.1 0.1 0.4 1.2 0.1 3 0.1 2 2 0 0
1 0 1 0 1 0 0 0 0 1 1 0 40 -1 -1 0 1200 1 50 1 50000 10 3 3 1 1 5 4 6.9 6.9 4 2.5 1.65 0.6 0.28 2.24 0.0001 1 1.2 3 54178 6 0 0 2 1 1 1 0.01 5 1 5.95 9.1 3.76 1.3 15.125 0.05 0.05 0 1.95 0 0 2.1 0.1 0.4 2.4 0.85 3 0.1 2 2 0 0
1 0 1 0 1 0 0 0 0 1 1 0 40 -1 -1 0 1200 1 50 1 50000 10 3 3 1 1 5 5.5 6.9 6.9 4 2.5 1.65 0.6 0.28 2.24 0.0001 1 1.2 3 54178 6 0 0 2 1 1 1 0.025 5 1 1.45 2.8 2.32 2.02 9.275 0.05 0.05 0 1.95 0 0 1.5 0.1 0.4 2.8 5.1 3 0.1 2 2 0 0
1 0 1 0 1 0 0 0 0 1 1 0 40 -1 -1 0 1200 1 50 1 50000 10 3 3 1 1 5 4.5 6.9 6.9 4 2.5 1.65 0.6 0.28 2.24 0.0001 1 1.2 3 54178 6 0 0 2 1 1 1 0.0275 5 1 10 1 4.24 1.66 15.125 0.05 0.05 0 1.95 0 0 0.1 0.1 0.4 5 3.6 3 0.1 2 2 0 0
1 0 1 0 1 0 0 0 0 1 1 0 40 -1 -1 0 1200 1 50 1 50000 10 3 3 1 1 5 9.5 6.9 6.9 4 2.5 1.65 0.6 0.28 2.24 0.0001 1 1.2 3 54178 6 0 0 2 1 1 1 0.0125 5 1 2.35 7.3 2.32 2.74 16.1 0.05 0.05 0 1.95 0 0 0.5 0.1 0.4 3.4 2.85 3 0.1 2 2 0 0
1 0 1 0 1 0 0 0 0 1 1 0 40 -1 -1 0 1200 1 50 1 50000 10 3 3 1 1 5 0 6.9 6.9 4 2.5 1.65 0.6 0.28 2.24 0.0001 1 1.2 3 54178 6 0 0 2 1 1 1 0.0375 5 1 3.7 8.65 4.72 2.56 18.05 0.05 0.05 0 1.95 0 0 3.3 0.1 0.4 4.6 0.35 3 0.1 2 2 0 0
1 0 1 0 1 0 0 0 0 1 1 0 40 -1 -1 0 1200 1 50 1 50000 10 3 3 1 1 5 1.5 6.9 6.9 4 2.5 1.65 0.6 0.28 2.24 0.0001 1 1.2 3 54178 6 0 0 2 1 1 1 0.04 5 1 2.8 4.6 8.56 3.82 8.3 0.05 0.05 0 1.95 0 0 3.7 0.1 0.4 1.2 1.1 3 0.1 2 2 0 0
1 0 1 0 1 0 0 0 0 1 1 0 40 -1 -1 0 1200 1 50 1 50000 10 3 3 1 1 5 2 6.9 6.9 4 2.5 1.65 0.6 0.28 2.24 0.0001 1 1.2 3 54178 6 0 0 2 1 1 1 0.02 5 1 6.85 9.55 3.76 1.84 7.325 0.05 0.05 0 1.95 0 0 3.9 0.1 0.4 2.6 3.35 3 0.1 2 2 0 0
1 0 1 0 1 0 0 0 0 1 1 0 40 -1 -1 0 1200 1 50 1 50000 10 3 3 1 1 5 1.5 6.9 6.9 4 2.5 1.65 0.6 0.28 2.24 0.0001 1 1.2 3 54178 6 0 0 2 1 1 1 0.05 5 1 1.9 9.1 1.36 2.56 4.4 0.05 0.05 0 1.95 0 0 3.5 0.1 0.4 4.6 4.6 3 0.1 2 2 0 0
1 0 1 0 1 0 0 0 0 1 1 0 40 -1 -1 0 1200 1 50 1 50000 10 3 3 1 1 5 10 6.9 6.9 4 2.5 1.65 0.6 0.28 2.24 0.0001 1 1.2 3 54178 6 0 0 2 1 1 1 0.03 5 1 8.2 5.95 5.2 3.64 4.4 0.05 0.05 0 1.95 0 0 0.5 0.1 0.4 2 1.1 3 0.1 2 2 0 0
1 0 1 0 1 0 0 0 0 1 1 0 40 -1 -1 0 1200 1 50 1 50000 10 3 3 1 1 5 6.5 6.9 6.9 4 2.5 1.65 0.6 0.28 2.24 0.0001 1 1.2 3 54178 6 0 0 2 1 1 1 0.0125 5 1 8.2 6.4 3.28 3.82 17.075 0.05 0.05 0 1.95 0 0 3.9 0.1 0.4 2.6 1.35 3 0.1 2 2 0 0
1 0 1 0 1 0 0 0 0 1 1 0 40 -1 -1 0 1200 1 50 1 50000 10 3 3 1 1 5 6.5 6.9 6.9 4 2.5 1.65 0.6 0.28 2.24 0.0001 1 1.2 3 54178 6 0 0 2 1 1 1 0.005 5 1 9.55 5.95 8.56 1.84 0.5 0.05 0.05 0 1.95 0 0 2.3 0.1 0.4 2.4 4.6 3 0.1 2 2 0 0
1 0 1 0 1 0 0 0 0 1 1 0 40 -1 -1 0 1200 1 50 1 50000 10 3 3 1 1 5 5 6.9 6.9 4 2.5 1.65 0.6 0.28 2.24 0.0001 1 1.2 3 54178 6 0 0 2 1 1 1 0.0275 5 1 3.25 8.2 1.84 1.48 14.15 0.05 0.05 0 1.95 0 0 0.1 0.1 0.4 1 2.35 3 0.1 2 2 0 0
1 0 1 0 1 0 0 0 0 1 1 0 40 -1 -1 0 1200 1 50 1 50000 10 3 3 1 1 5 6.5 6.9 6.9 4 2.5 1.65 0.6 0.28 2.24 0.0001 1 1.2 3 54178 6 0 0 2 1 1 1 0.02 5 1 9.55 4.6 9.04 1.12 1.475 0.05 0.05 0 1.95 0 0 3.3 0.1 0.4 3.6 2.6 3 0.1 2 2 0 0
1 0 1 0 1 0 0 0 0 1 1 0 40 -1 -1 0 1200 1 50 1 50000 10 3 3 1 1 5 1 6.9 6.9 4 2.5 1.65 0.6 0.28 2.24 0.0001 1 1.2 3 54178 6 0 0 2 1 1 1 0.015 5 1 6.4 1 1.36 2.56 0.5 0.05 0.05 0 1.95 0 0 2.7 0.1 0.4 1.2 1.6 3 0.1 2 2 0 0
1 0 1 0 1 0 0 0 0 1 1 0 40 -1 -1 0 1200 1 50 1 50000 10 3 3 1 1 5 6.5 6.9 6.9 4 2.5 1.65 0.6 0.28 2.24 0.0001 1 1.2 3 54178 6 0 0 2 1 1 1 0.0125 5 1 5.95 6.85 6.16 1.66 20 0.05 0.05 0 1.95 0 0 1.1 0.1 0.4 4 2.85 3 0.1 2 2 0 0
1 0 1 0 1 0 0 0 0 1 1 0 40 -1 -1 0 1200 1 50 1 50000 10 3 3 1 1 5 1 6.9 6.9 4 2.5 1.65 0.6 0.28 2.24 0.0001 1 1.2 3 54178 6 0 0 2 1 1 1 0.0375 5 1 1.9 5.95 4.72 1.66 18.05 0.05 0.05 0 1.95 0 0 1.1 0.1 0.4 4.2 1.1 3 0.1 2 2 0 0
1 0 1 0 1 0 0 0 0 1 1 0 40 -1 -1 0 1200 1 50 1 50000 10 3 3 1 1 5 5.5 6.9 6.9 4 2.5 1.65 0.6 0.28 2.24 0.0001 1 1.2 3 54178 6 0 0 2 1 1 1 0.04 5 1 8.2 7.75 8.56 3.1 13.175 0.05 0.05 0 1.95 0 0 1.1 0.1 0.4 1.4 0.1 3 0.1 2 2 0 0
1 0 1 0 1 0 0 0 0 1 1 0 40 -1 -1 0 1200 1 50 1 50000 10 3 3 1 1 5 5.5 6.9 6.9 4 2.5 1.65 0.6 0.28 2.24 0.0001 1 1.2 3 54178 6 0 0 2 1 1 1 0.02 5 1 2.35 9.1 0.4 1.48 20 0.05 0.05 0 1.95 0 0 3.1 0.1 0.4 4.8 4.35 3 0.1 2 2 0 0
1 0 1 0 1 0 0 0 0 1 1 0 40 -1 -1 0 1200 1 50 1 50000 10 3 3 1 1 5 0.5 6.9 6.9 4 2.5 1.65 0.6 0.28 2.24 0.0001 1 1.2 3 54178 6 0 0 2 1 1 1 0.0225 5 1 2.35 1.9 1.84 0.76 12.2 0.05 0.05 0 1.95 0 0 3.1 0.1 0.4 3.4 4.35 3 0.1 2 2 0 0
1 0 1 0 1 0 0 0 0 1 1 0 40 -1 -1 0 1200 1 50 1 50000 10 3 3 1 1 5 4.5 6.9 6.9 4 2.5 1.65 0.6 0.28 2.24 0.0001 1 1.2 3 54178 6 0 0 2 1 1 1 0.0075 5 1 5.05 4.6 4.72 0.58 4.4 0.05 0.05 0 1.95 0 0 3.1 0.1 0.4 4.4 4.6 3 0.1 2 2 0 0
1 0 1 0 1 0 0 0 0 1 1 0 40 -1 -1 0 1200 1 50 1 50000 10 3 3 1 1 5 3 6.9 6.9 4 2.5 1.65 0.6 0.28 2.24 0.0001 1 1.2 3 54178 6 0 0 2 1 1 1 0.0425 5 1 2.35 1.9 4.72 4 8.3 0.05 0.05 0 1.95 0 0 0.1 0.1 0.4 2.2 3.1 3 0.1 2 2 0 0
1 0 1 0 1 0 0 0 0 1 1 0 40 -1 -1 0 1200 1 50 1 50000 10 3 3 1 1 5 3 6.9 6.9 4 2.5 1.65 0.6 0.28 2.24 0.0001 1 1.2 3 54178 6 0 0 2 1 1 1 0.0075 5 1 5.95 8.65 4.24 1.66 6.35 0.05 0.05 0 1.95 0 0 0.7 0.1 0.4 4 2.1 3 0.1 2 2 0 0
1 0 1 0 1 0 0 0 0 1 1 0 40 -1 -1 0 1200 1 50 1 50000 10 3 3 1 1 5 10 6.9 6.9 4 2.5 1.65 0.6 0.28 2.24 0.0001 1 1.2 3 54178 6 0 0 2 1 1 1 0.0075 5 1 5.5 2.8 7.6 0.58 11.225 0.05 0.05 0 1.95 0 0 3.3 0.1 0.4 4.6 1.35 3 0.1 2 2 0 0
1 0 1 0 1 0 0 0 0 1 1 0 40 -1 -1 0 1200 1 50 1 50000 10 3 3 1 1 5 6 6.9 6.9 4 2.5 1.65 0.6 0.28 2.24 0.0001 1 1.2 3 54178 6 0 0 2 1 1 1 0.0325 5 1 5.95 9.55 0.4 2.74 5.375 0.05 0.05 0 1.95 0 0 0.3 0.1 0.4 2.4 3.35 3 0.1 2 2 0 0
1 0 1 0 1 0 0 0 0 1 1 0 40 -1 -1 0 1200 1 50 1 50000 10 3 3 1 1 5 8.5 6.9 6.9 4 2.5 1.65 0.6 0.28 2.24 0.0001 1 1.2 3 54178 6 0 0 2 1 1 1 0 5 1 8.65 6.85 5.68 0.58 6.35 0.05 0.05 0 1.95 0 0 3.3 0.1 0.4 2 2.6 3 0.1 2 2 0 0
1 0 1 0 1 0 0 0 0 1 1 0 40 -1 -1 0 1200 1 50 1 50000 10 3 3 1 1 5 10 6.9 6.9 4 2.5 1.65 0.6 0.28 2.24 0.0001 1 1.2 3 54178 6 0 0 2 1 1 1 0.035 5 1 8.65 1 9.52 2.56 11.225 0.05 0.05 0 1.95 0 0 1.5 0.1 0.4 2.8 4.35 3 0.1 2 2 0 0
1 0 1 0 1 0 0 0 0 1 1 0 40 -1 -1 0 1200 1 50 1 50000 10 3 3 1 1 5 0 6.9 6.9 4 2.5 1.65 0.6 0.28 2.24 0.0001 1 1.2 3 54178 6 0 0 2 1 1 1 0.0475 5 1 5.05 9.55 1.84 4 9.275 0.05 0.05 0 1.95 0 0 4.1 0.1 0.4 2 0.1 3 0.1 2 2 0 0
1 0 1 0 1 0 0 0 0 1 1 0 40 -1 -1 0 1200 1 50 1 50000 10 3 3 1 1 5 10 6.9 6.9 4 2.5 1.65 0.6 0.28 2.24 0.0001 1 1.2 3 54178 6 0 0 2 1 1 1 0.0325 5 1 3.25 4.15 5.68 2.56 12.2 0.05 0.05 0 1.95 0 0 2.7 0.1 0.4 3.6 3.1 3 0.1 2 2 0 0
1 0 1 0 1 0 0 0 0 1 1 0 40 -1 -1 0 1200 1 50 1 50000 10 3 3 1 1 5 3 6.9 6.9 4 2.5 1.65 0.6 0.28 2.24 0.0001 1 1.2 3 54178 6 0 0 2 1 1 1 0.04 5 1 5.5 1.45 9.52 3.64 10.25 0.05 0.05 0 1.95 0 0 1.1 0.1 0.4 2.4 1.6 3 0.1 2 2 0 0
1 0 1 0 1 0 0 0 0 1 1 0 40 -1 -1 0 1200 1 50 1 50000 10 3 3 1 1 5 8 6.9 6.9 4 2.5 1.65 0.6 0.28 2.24 0.0001 1 1.2 3 54178 6 0 0 2 1 1 1 0.035 5 1 1 1 9.52 2.2 14.15 0.05 0.05 0 1.95 0 0 2.9 0.1 0.4 3.4 4.35 3 0.1 2 2 0 0
1 0 1 0 1 0 0 0 0 1 1 0 40 -1 -1 0 1200 1 50 1 50000 10 3 3 1 1 5 1 6.9 6.9 4 2.5 1.65 0.6 0.28 2.24 0.0001 1 1.2 3 54178 6 0 0 2 1 1 1 0.0125 5 1 1 4.6 0.88 0.4 1.475 0.05 0.05 0 1.95 0 0 3.7 0.1 0.4 2 2.35 3 0.1 2 2 0 0
1 0 1 0 1 0 0 0 0 1 1 0 40 -1 -1 0 1200 1 50 1 50000 10 3 3 1 1 5 3 6.9 6.9 4 2.5 1.65 0.6 0.28 2.24 0.0001 1 1.2 3 54178 6 0 0 2 1 1 1 0.005 5 1 7.3 7.3 1.84 2.92 16.1 0.05 0.05 0 1.95 0 0 2.1 0.1 0.4 1.4 2.85 3 0.1 2 2 0 0
1 0 1 0 1 0 0 0 0 1 1 0 40 -1 -1 0 1200 1 50 1 50000 10 3 3 1 1 5 1.5 6.9 6.9 4 2.5 1.65 0.6 0.28 2.24 0.0001 1 1.2 3 54178 6 0 0 2 1 1 1 0.0425 5 1 7.75 6.85 6.16 1.3 2.45 0.05 0.05 0 1.95 0 0 0.9 0.1 0.4 3.6 0.35 3 0.1 2 2 0 0
1 0 1 0 1 0 0 0 0 1 1 0 40 -1 -1 0 1200 1 50 1 50000 10 3 3 1 1 5 5 6.9 6.9 4 2.5 1.65 0.6 0.28 2.24 0.0001 1 1.2 3 54178 6 0 0 2 1 1 1 0.0125 5 1 6.85 2.8 3.76 3.64 6.35 0.05 0.05 0 1.95 0 0 1.9 0.1 0.4 5 4.6 3 0.1 2 2 0 0
1 0 1 0 1 0 0 0 0 1 1 0 40 -1 -1 0 1200 1 50 1 50000 10 3 3 1 1 5 10 6.9 6.9 4 2.5 1.65 0.6 0.28 2.24 0.0001 1 1.2 3 54178 6 0 0 2 1 1 1 0.0275 5 1 1.45 9.55 8.08 3.64 1.475 0.05 0.05 0 1.95 0 0 2.3 0.1 0.4 4.8 3.6 3 0.1 2 2 0 0
1 0 1 0 1 0 0 0 0 1 1 0 40 -1 -1 0 1200 1 50 1 50000 10 3 3 1 1 5 10 6.9 6.9 4 2.5 1.65 0.6 0.28 2.24 0.0001 1 1.2 3 54178 6 0 0 2 1 1 1 0.0325 5 1 6.85 6.4 9.52 1.84 5.375 0.05 0.05 0 1.95 0 0 3.9 0.1 0.4 3.8 2.85 3 0.1 2 2 0 0
1 0 1 0 1 0 0 0 0 1 1 0 40 -1 -1 0 1200 1 50 1 50000 10 3 3 1 1 5 10 6.9 6.9 4 2.5 1.65 0.6 0.28 2.24 0.0001 1 1.2 3 54178 6 0 0 2 1 1 1 0.005 5 1 7.3 10 5.2 0.76 9.275 0.05 0.05 0 1.95 0 0 0.9 0.1 0.4 4 0.6 3 0.1 2 2 0 0
1 0 1 0 1 0 0 0 0 1 1 0 40 -1 -1 0 1200 1 50 1 50000 10 3 3 1 1 5 7 6.9 6.9 4 2.5 1.65 0.6 0.28 2.24 0.0001 1 1.2 3 54178 6 0 0 2 1 1 1 0.0425 5 1 8.2 9.1 6.64 2.02 2.45 0.05 0.05 0 1.95 0 0 1.7 0.1 0.4 1.2 1.6 3 0.1 2 2 0 0
1 0 1 0 1 0 0 0 0 1 1 0 40 -1 -1 0 1200 1 50 1 50000 10 3 3 1 1 5 1.5 6.9 6.9 4 2.5 1.65 0.6 0.28 2.24 0.0001 1 1.2 3 54178 6 0 0 2 1 1 1 0.05 5 1 8.65 7.3 6.16 1.12 12.2 0.05 0.05 0 1.95 0 0 3.5 0.1 0.4 3.8 3.35 3 0.1 2 2 0 0
1 0 1 0 1 0 0 0 0 1 1 0 40 -1 -1 0 1200 1 50 1 50000 10 3 3 1 1 5 2 6.9 6.9 4 2.5 1.65 0.6 0.28 2.24 0.0001 1 1.2 3 54178 6 0 0 2 1 1 1 0.045 5 1 8.65 5.5 9.04 0.94 4.4 0.05 0.05 0 1.95 0 0 3.3 0.1 0.4 2.6 4.6 3 0.1 2 2 0 0
1 0 1 0 1 0 0 0 0 1 1 0 40 -1 -1 0 1200 1 50 1 50000 10 3 3 1 1 5 3.5 6.9 6.9 4 2.5 1.65 0.6 0.28 2.24 0.0001 1 1.2 3 54178 6 0 0 2 1 1 1 0.015 5 1 2.35 2.8 5.68 0.58 1.475 0.05 0.05 0 1.95 0 0 1.5 0.1 0.4 2.4 3.85 3 0.1 2 2 0 0
1 0 1 0 1 0 0 0 0 1 1 0 40 -1 -1 0 1200 1 50 1 50000 10 3 3 1 1 5 7 6.9 6.9 4 2.5 1.65 0.6 0.28 2.24 0.0001 1 1.2 3 54178 6 0 0 2 1 1 1 0.04 5 1 8.65 9.1 6.64 2.74 20 0.05 0.05 0 1.95 0 0 1.1 0.1 0.4 1.4 2.1 3 0.1 2 2 0 0
1 0 1 0 1 0 0 0 0 1 1 0 40 -1 -1 0 1200 1 50 1 50000 10 3 3 1 1 5 7 6.9 6.9 4 2.5 1.65 0.6 0.28 2.24 0.0001 1 1.2 3 54178 6 0 0 2 1 1 1 0.04 5 1 6.4 1.9 8.08 3.46 13.175 0.05 0.05 0 1.95 0 0 0.9 0.1 0.4 4 3.1 3 0.1 2 2 0 0
1 0 1 0 1 0 0 0 0 1 1 0 40 -1 -1 0 1200 1 50 1 50000 10 3 3 1 1 5 9.5 6.9 6.9 4 2.5 1.65 0.6 0.28 2.24 0.0001 1 1.2 3 54178 6 0 0 2 1 1 1 0.025 5 1 5.05 9.55 7.12 0.94 6.35 0.05 0.05 0 1.95 0 0 3.7 0.1 0.4 4.2 3.6 3 0.1 2 2 0 0
1 0 1 0 1 0 0 0 0 1 1 0 40 -1 -1 0 1200 1 50 1 50000 10 3 3 1 1 5 6.5 6.9 6.9 4 2.5 1.65 0.6 0.28 2.24 0.0001 1 1.2 3 54178 6 0 0 2 1 1 1 0.0375 5 1 3.7 4.6 6.16 1.84 4.4 0.05 0.05 0 1.95 0 0 0.7 0.1 0.4 4.4 4.35 3 0.1 2 2 0 0
1 0 1 0 1 0 0 0 0 1 1 0 40 -1 -1 0 1200 1 50 1 50000 10 3 3 1 1 5 0.5 6.9 6.9 4 2.5 1.65 0.6 0.28 2.24 0.0001 1 1.2 3 54178 6 0 0 2 1 1 1 0.015 5 1 1.9 4.6 3.76 0.58 5.375 0.05 0.05 0 1.95 0 0 0.1 0.1 0.4 2 1.85 3 0.1 2 2 0 0
1 0 1 0 1 0 0 0 0 1 1 0 40 -1 -1 0 1200 1 50 1 50000 10 3 3 1 1 5 1.5 6.9 6.9 4 2.5 1.65 0.6 0.28 2.24 0.0001 1 1.2 3 54178 6 0 0 2 1 1 1 0.0375 5 1 1.9 5.5 9.04 3.82 7.325 0.05 0.05 0 1.95 0 0 2.9 0.1 0.4 1.4 2.6 3 0.1 2 2 0 0
1 0 1 0 1 0 0 0 0 1 1 0 40 -1 -1 0 1200 1 50 1 50000 10 3 3 1 1 5 8 6.9 6.9 4 2.5 1.65 0.6 0.28 2.24 0.0001 1 1.2 3 54178 6 0 0 2 1 1 1 0.05 5 1 2.35 7.3 2.32 2.2 17.075 0.05 0.05 0 1.95 0 0 3.5 0.1 0.4 2.4 0.85 3 0.1 2 2 0 0
1 0 1 0 1 0 0 0 0 1 1 0 40 -1 -1 0 1200 1 50 1 50000 10 3 3 1 1 5 0.5 6.9 6.9 4 2.5 1.65 0.6 0.28 2.24 0.0001 1 1.2 3 54178 6 0 0 2 1 1 1 0.0025 5 1 9.55 9.55 9.52 3.1 1.475 0.05 0.05 0 1.95 0 0 3.1 0.1 0.4 4.4 4.85 3 0.1 2 2 0 0
1 0 1 0 1 0 0 0 0 1 1 0 40 -1 -1 0 1200 1 50 1 50000 10 3 3 1 1 5 8 6.9 6.9 4 2.5 1.65 0.6 0.28 2.24 0.0001 1 1.2 3 54178 6 0 0 2 1 1 1 0.0325 5 1 4.15 3.7 6.64 0.94 0.5 0.05 0.05 0 1.95 0 0 0.5 0.1 0.4 3 2.35 3 0.1 2 2 0 0
1 0 1 0 1 0 0 0 0 1 1 0 40 -1 -1 0 1200 1 50 1 50000 10 3 3 1 1 5 1 6.9 6.9 4 2.5 1.65 0.6 0.28 2.24 0.0001 1 1.2 3 54178 6 0 0 2 1 1 1 0.0325 5 1 3.25 7.75 9.04 1.48 10.25 0.05 0.05 0 1.95 0 0 0.9 0.1 0.4 4.2 0.85 3 0.1 2 2 0 0
1 0 1 0 1 0 0 0 0 1 1 0 40 -1 -1 0 1200 1 50 1 50000 10 3 3 1 1 5 4.5 6.9 6.9 4 2.5 1.65 0.6 0.28 2.24 0.0001 1 1.2 3 54178 6 0 0 2 1 1 1 0.05 5 1 7.75 5.5 0.4 3.28 7.325 0.05 0.05 0 1.95 0 0 2.7 0.1 0.4 4.8 1.6 3 0.1 2 2 0 0
1 0 1 0 1 0 0 0 0 1 1 0 40 -1 -1 0 1200 1 50 1 50000 10 3 3 1 1 5 3 6.9 6.9 4 2.5 1.65 0.6 0.28 2.24 0.0001 1 1.2 3 54178 6 0 0 2 1 1 1 0.0325 5 1 9.55 3.7 5.2 3.46 19.025 0.05 0.05 0 1.95 0 0 3.1 0.1 0.4 4.6 2.35 3 0.1 2 2 0 0
1 0 1 0 1 0 0 0 0 1 1 0 40 -1 -1 0 1200 1 50 1 50000 10 3 3 1 1 5 1 6.9 6.9 4 2.5 1.65 0.6 0.28 2.24 0.0001 1 1.2 3 54178 6 0 0 2 1 1 1 0.02 5 1 9.55 3.25 5.2 1.12 15.125 0.05 0.05 0 1.95 0 0 3.1 0.1 0.4 1.8 5.1 3 0.1 2 2 0 0
1 0 1 0 1 0 0 0 0 1 1 0 40 -1 -1 0 1200 1 50 1 50000 10 3 3 1 1 5 2.5 6.9 6.9 4 2.5 1.65 0.6 0.28 2.24 0.0001 1 1.2 3 54178 6 0 0 2 1 1 1 0.0375 5 1 7.3 9.1 4.24 0.76 13.175 0.05 0.05 0 1.95 0 0 2.7 0.1 0.4 4.8 4.85 3 0.1 2 2 0 0
1 0 1 0 1 0 0 0 0 1 1 0 40 -1 -1 0 1200 1 50 1 50000 10 3 3 1 1 5 7 6.9 6.9 4 2.5 1.65 0.6 0.28 2.24 0.0001 1 1.2 3 54178 6 0 0 2 1 1 1 0.0075 5 1 1 2.35 6.64 3.82 8.3 0.05 0.05 0 1.95 0 0 3.9 0.1 0.4 3 1.35 3 0.1 2 2 0 0
1 0 1 0 1 0 0 0 0 1 1 0 40 -1 -1 0 1200 1 50 1 50000 10 3 3 1 1 5 4.5 6.9 6.9 4 2.5 1.65 0.6 0.28 2.24 0.0001 1 1.2 3 54178 6 0 0 2 1 1 1 0.05 5 1 6.4 6.85 5.2 3.46 0.5 0.05 0.05 0 1.95 0 0 1.3 0.1 0.4 4.2 5.1 3 0.1 2 2 0 0
1 0 1 0 1 0 0 0 0 1 1 0 40 -1 -1 0 1200 1 50 1 50000 10 3 3 1 1 5 10 6.9 6.9 4 2.5 1.65 0.6 0.28 2.24 0.0001 1 1.2 3 54178 6 0 0 2 1 1 1 0.05 5 1 2.8 4.6 1.84 4 8.3 0.05 0.05 0 1.95 0 0 0.1 0.1 0.4 4.6 4.35 3 0.1 2 2 0 0
1 0 1 0 1 0 0 0 0 1 1 0 40 -1 -1 0 1200 1 50 1 50000 10 3 3 1 1 5 9 6.9 6.9 4 2.5 1.65 0.6 0.28 2.24 0.0001 1 1.2 3 54178 6 0 0 2 1 1 1 0.0175 5 1 3.7 3.25 8.56 3.46 5.375 0.05 0.05 0 1.95 0 0 1.3 0.1 0.4 4.6 5.1 3 0.1 2 2 0 0
1 0 1 0 1 0 0 0 0 1 1 0 40 -1 -1 0 1200 1 50 1 50000 10 3 3 1 1 5 0 6.9 6.9 4 2.5 1.65 0.6 0.28 2.24 0.0001 1 1.2 3 54178 6 0 0 2 1 1 1 0.0425 5 1 2.8 9.55 9.04 2.38 2.45 0.05 0.05 0 1.95 0 0 0.9 0.1 0.4 4.2 1.6 3 0.1 2 2 0 0
1 0 1 0 1 0 0 0 0 1 1 0 40 -1 -1 0 1200 1 50 1 50000 10 3 3 1 1 5 5.5 6.9 6.9 4 2.5 1.65 0.6 0.28 2.24 0.0001 1 1.2 3 54178 6 0 0 2 1 1 1 0.045 5 1 1.9 3.7 6.64 2.38 15.125 0.05 0.05 0 1.95 0 0 0.5 0.1 0.4 4.8 3.35 3 0.1 2 2 0 0
1 0 1 0 1 0 0 0 0 1 1 0 40 -1 -1 0 1200 1 50 1 50000 10 3 3 1 1 5 4.5 6.9 6.9 4 2.5 1.65 0.6 0.28 2.24 0.0001 1 1.2 3 54178 6 0 0 2 1 1 1 0.04 5 1 4.6 9.55 7.6 1.66 17.075 0.05 0.05 0 1.95 0 0 2.1 0.1 0.4 1.8 3.85 3 0.1 2 2 0 0
1 0 1 0 1 0 0 0 0 1 1 0 40 -1 -1 0 1200 1 50 1 50000 10 3 3 1 1 5 8 6.9 6.9 4 2.5 1.65 0.6 0.28 2.24 0.0001 1 1.2 3 54178 6 0 0 2 1 1 1 0.0325 5 1 2.8 1.9 6.64 0.76 9.275 0.05 0.05 0 1.95 0 0 3.1 0.1 0.4 4 4.6 3 0.1 2 2 0 0
1 0 1 0 1 0 0 0 0 1 1 0 40 -1 -1 0 1200 1 50 1 50000 10 3 3 1 1 5 0 6.9 6.9 4 2.5 1.65 0.6 0.28 2.24 0.0001 1 1.2 3 54178 6 0 0 2 1 1 1 0.04 5 1 1.9 9.1 7.6 3.1 17.075 0.05 0.05 0 1.95 0 0 3.5 0.1 0.4 3.6 3.6 3 0.1 2 2 0 0
1 0 1 0 1 0 0 0 0 1 1 0 40 -1 -1 0 1200 1 50 1 50000 10 3 3 1 1 5 8.5 6.9 6.9 4 2.5 1.65 0.6 0.28 2.24 0.0001 1 1.2 3 54178 6 0 0 2 1 1 1 0.0025 5 1 10 3.25 7.6 3.28 14.15 0.05 0.05 0 1.95 0 0 0.5 0.1 0.4 3.6 0.35 3 0.1 2 2 0 0
1 0 1 0 1 0 0 0 0 1 1 0 40 -1 -1 0 1200 1 50 1 50000 10 3 3 1 1 5 6 6.9 6.9 4 2.5 1.65 0.6 0.28 2.24 0.0001 1 1.2 3 54178 6 0 0 2 1 1 1 0.025 5 1 5.95 8.65 8.56 2.56 6.35 0.05 0.05 0 1.95 0 0 1.9 0.1 0.4 2 0.85 3 0.1 2 2 0 0
1 0 1 0 1 0 0 0 0 1 1 0 40 -1 -1 0 1200 1 50 1 50000 10 3 3 1 1 5 0.5 6.9 6.9 4 2.5 1.65 0.6 0.28 2.24 0.0001 1 1.2 3 54178 6 0 0 2 1 1 1 0 5 1 9.55 2.35 1.84 2.38 20 0.05 0.05 0 1.95 0 0 1.5 0.1 0.4 1 3.35 3 0.1 2 2 0 0
1 0 1 0 1 0 0 0 0 1 1 0 40 -1 -1 0 1200 1 50 1 50000 10 3 3 1 1 5 8.5 6.9 6.9 4 2.5 1.65 0.6 0.28 2.24 0.0001 1 1.2 3 54178 6 0 0 2 1 1 1 0.0175 5 1 6.4 7.3 0.88 2.92 15.125 0.05 0.05 0 1.95 0 0 3.3 0.1 0.4 4.6 5.1 3 0.1 2 2 0 0
1 0 1 0 1 0 0 0 0 1 1 0 40 -1 -1 0 1200 1 50 1 50000 10 3 3 1 1 5 1 6.9 6.9 4 2.5 1.65 0.6 0.28 2.24 0.0001 1 1.2 3 54178 6 0 0 2 1 1 1 0.0475 5 1 6.85 7.3 9.52 3.64 20 0.05 0.05 0 1.95 0 0 3.9 0.1 0.4 1 1.6 3 0.1 2 2 0 0
1 0 1 0 1 0 0 0 0 1 1 0 40 -1 -1 0 1200 1 50 1 50000 10 3 3 1 1 5 7 6.9 6.9 4 2.5 1.65 0.6 0.28 2.24 0.0001 1 1.2 3 54178 6 0 0 2 1 1 1 0.015 5 1 7.75 7.3 2.32 3.82 5.375 0.05 0.05 0 1.95 0 0 2.5 0.1 0.4 4.8 1.85 3 0.1 2 2 0 0
1 0 1 0 1 0 0 0 0 1 1 0 40 -1 -1 0 1200 1 50 1 50000 10 3 3 1 1 5 0.5 6.9 6.9 4 2.5 1.65 0.6 0.28 2.24 0.0001 1 1.2 3 54178 6 0 0 2 1 1 1 0.015 5 1 1.45 3.25 3.76 2.02 3.425 0.05 0.05 0 1.95 0 0 2.9 0.1 0.4 2 3.1 3 0.1 2 2 0 0
1 0 1 0 1 0 0 0 0 1 1 0 40 -1 -1 0 1200 1 50 1 50000 10 3 3 1 1 5 1.5 6.9 6.9 4 2.5 1.65 0.6 0.28 2.24 0.0001 1 1.2 3 54178 6 0 0 2 1 1 1 0.045 5 1 1.45 8.2 6.16 3.64 17.075 0.05 0.05 0 1.95 0 0 0.7 0.1 0.4 1 4.35 3 0.1 2 2 0 0
1 0 1 0 1 0 0 0 0 1 1 0 40 -1 -1 0 1200 1 50 1 50000 10 3 3 1 1 5 0 6.9 6.9 4 2.5 1.65 0.6 0.28 2.24 0.0001 1 1.2 3 54178 6 0 0 2 1 1 1 0.0475 5 1 7.75 2.8 5.2 2.56 2.45 0.05 0.05 0 1.95 0 0 1.3 0.1 0.4 4.8 2.1 3 0.1 2 2 0 0
1 0 1 0 1 0 0 0 0 1 1 0 40 -1 -1 0 1200 1 50 1 50000 10 3 3 1 1 5 9.5 6.9 6.9 4 2.5 1.65 0.6 0.28 2.24 0.0001 1 1.2 3 54178 6 0 0 2 1 1 1 0.005 5 1 6.85 3.25 6.16 0.4 3.425 0.05 0.05 0 1.95 0 0 0.1 0.1 0.4 4.2 1.35 3 0.1 2 2 0 0
1 0 1 0 1 0 0 0 0 1 1 0 40 -1 -1 0 1200 1 50 1 50000 10 3 3 1 1 5 0 6.9 6.9 4 2.5 1.65 0.6 0.28 2.24 0.0001 1 1.2 3 54178 6 0 0 2 1 1 1 0.0025 5 1 6.85 9.1 6.16 3.28 1.475 0.05 0.05 0 1.95 0 0 1.7 0.1 0.4 4.8 2.6 3 0.1 2 2 0 0
1 0 1 0 1 0 0 0 0 1 1 0 40 -1 -1 0 1200 1 50 1 50000 10 3 3 1 1 5 7 6.9 6.9 4 2.5 1.65 0.6 0.28 2.24 0.0001 1 1.2 3 54178 6 0 0 2 1 1 1 0.035 5 1 8.2 9.1 9.52 1.48 14.15 0.05 0.05 0 1.95 0 0 2.3 0.1 0.4 3 2.35 3 0.1 2 2 0 0
1 0 1 0 1 0 0 0 0 1 1 0 40 -1 -1 0 1200 1 50 1 50000 10 3 3 1 1 5 4 6.9 6.9 4 2.5 1.65 0.6 0.28 2.24 0.0001 1 1.2 3 54178 6 0 0 2 1 1 1 0.0125 5 1 9.1 7.3 1.36 2.2 16.1 0.05 0.05 0 1.95 0 0 2.7 0.1 0.4 4.2 1.85 3 0.1 2 2 0 0
1 0 1 0 1 0 0 0 0 1 1 0 40 -1 -1 0 1200 1 50 1 50000 10 3 3 1 1 5 6.5 6.9 6.9 4 2.5 1.65 0.6 0.28 2.24 0.0001 1 1.2 3 54178 6 0 0 2 1 1 1 0.0325 5 1 10 2.35 0.4 2.56 11.225 0.05 0.05 0 1.95 0 0 0.1 0.1 0.4 2.8 3.35 3 0.1 2 2 0 0
1 0 1 0 1 0 0 0 0 1 1 0 40 -1 -1 0 1200 1 50 1 50000 10 3 3 1 1 5 2.5 6.9 6.9 4 2.5 1.65 0.6 0.28 2.24 0.0001 1 1.2 3 54178 6 0 0 2 1 1 1 0.0175 5 1 8.65 8.65 9.52 2.2 2.45 0.05 0.05 0 1.95 0 0 2.1 0.1 0.4 1.6 3.6 3 0.1 2 2 0 0
1 0 1 0 1 0 0 0 0 1 1 0 40 -1 -1 0 1200 1 50 1 50000 10 3 3 1 1 5 3.5 6.9 6.9 4 2.5 1.65 0.6 0.28 2.24 0.0001 1 1.2 3 54178 6 0 0 2 1 1 1 0.0075 5 1 9.1 4.6 10 1.84 12.2 0.05 0.05 0 1.95 0 0 3.5 0.1 0.4 4.4 1.85 3 0.1 2 2 0 0
1 0 1 0 1 0 0 0 0 1 1 0 40 -1 -1 0 1200 1 50 1 50000 10 3 3 1 1 5 6.5 6.9 6.9 4 2.5 1.65 0.6 0.28 2.24 0.0001 1 1.2 3 54178 6 0 0 2 1 1 1 0.03 5 1 9.1 4.15 9.04 2.92 15.125 0.05 0.05 0 1.95 0 0 0.5 0.1 0.4 2.4 4.1 3 0.1 2 2 0 0
1 0 1 0 1 0 0 0 0 1 1 0 40 -1 -1 0 1200 1 50 1 50000 10 3 3 1 1 5 6.5 6.9 6.9 4 2.5 1.65 0.6 0.28 2.24 0.0001 1 1.2 3 54178 6 0 0 2 1 1 1 0.015 5 1 3.25 7.75 0.4 2.2 4.4 0.05 0.05 0 1.95 0 0 0.9 0.1 0.4 1.2 1.1 3 0.1 2 2 0 0
1 0 1 0 1 0 0 0 0 1 1 0 40 -1 -1 0 1200 1 50 1 50000 10 3 3 1 1 5 0 6.9 6.9 4 2.5 1.65 0.6 0.28 2.24 0.0001 1 1.2 3 54178 6 0 0 2 1 1 1 0.035 5 1 1 8.65 7.6 4 17.075 0.05 0.05 0 1.95 0 0 0.5 0.1 0.4 4 2.35 3 0.1 2 2 0 0
1 0 1 0 1 0 0 0 0 1 1 0 40 -1 -1 0 1200 1 50 1 50000 10 3 3 1 1 5 7.5 6.9 6.9 4 2.5 1.65 0.6 0.28 2.24 0.0001 1 1.2 3 54178 6 0 0 2 1 1 1 0.025 5 1 8.65 5.5 5.2 1.66 1.475 0.05 0.05 0 1.95 0 0 3.5 0.1 0.4 3 5.1 3 0.1 2 2 0 0
1 0 1 0 1 0 0 0 0 1 1 0 40 -1 -1 0 1200 1 50 1 50000 10 3 3 1 1 5 9.5 6.9 6.9 4 2.5 1.65 0.6 0.28 2.24 0.0001 1 1.2 3 54178 6 0 0 2 1 1 1 0.01 5 1 5.05 1 0.88 2.92 13.175 0.05 0.05 0 1.95 0 0 1.3 0.1 0.4 4.2 0.85 3 0.1 2 2 0 0
1 0 1 0 1 0 0 0 0 1 1 0 40 -1 -1 0 1200 1 50 1 50000 10 3 3 1 1 5 3 6.9 6.9 4 2.5 1.65 0.6 0.28 2.24 0.0001 1 1.2 3 54178 6 0 0 2 1 1 1 0.015 5 1 3.25 1.45 0.4 3.1 12.2 0.05 0.05 0 1.95 0 0 1.5 0.1 0.4 2.6 4.85 3 0.1 2 2 0 0
1 0 1 0 1 0 0 0 0 1 1 0 40 -1 -1 0 1200 1 50 1 50000 10 3 3 1 1 5 9.5 6.9 6.9 4 2.5 1.65 0.6 0.28 2.24 0.0001 1 1.2 3 54178 6 0 0 2 1 1 1 0.0375 5 1 2.35 7.3 2.8 4 18.05 0.05 0.05 0 1.95 0 0 0.5 0.1 0.4 3.4 0.6 3 0.1 2 2 0 0
1 0 1 0 1 0 0 0 0 1 1 0 40 -1 -1 0 1200 1 50 1 50000 10 3 3 1 1 5 2.5 6.9 6.9 4 2.5 1.65 0.6 0.28 2.24 0.0001 1 1.2 3 54178 6 0 0 2 1 1 1 0.015 5 1 6.4 2.8 5.68 2.02 10.25 0.05 0.05 0 1.95 0 0 1.9 0.1 0.4 2.4 5.1 3 0.1 2 2 0 0
1 0 1 0 1 0 0 0 0 1 1 0 40 -1 -1 0 1200 1 50 1 50000 10 3 3 1 1 5 1 6.9 6.9 4 2.5 1.65 0.6 0.28 2.24 0.0001 1 1.2 3 54178 6 0 0 2 1 1 1 0.02 5 1 5.05 5.5 7.6 0.94 15.125 0.05 0.05 0 1.95 0 0 0.3 0.1 0.4 4.8 4.35 3 0.1 2 2 0 0
1 0 1 0 1 0 0 0 0 1 1 0 40 -1 -1 0 1200 1 50 1 50000 10 3 3 1 1 5 2 6.9 6.9 4 2.5 1.65 0.6 0.28 2.24 0.0001 1 1.2 3 54178 6 0 0 2 1 1 1 0.03 5 1 9.55 5.95 6.16 0.4 6.35 0.05 0.05 0 1.95 0 0 0.9 0.1 0.4 4.8 4.6 3 0.1 2 2 0 0
1 0 1 0 1 0 0 0 0 1 1 0 40 -1 -1 0 1200 1 50 1 50000 10 3 3 1 1 5 3 6.9 6.9 4 2.5 1.65 0.6 0.28 2.24 0.0001 1 1.2 3 54178 6 0 0 2 1 1 1 0.0175 5 1 2.35 1.9 8.08 2.92 2.45 0.05 0.05 0 1.95 0 0 0.7 0.1 0.4 4.6 4.6 3 0.1 2 2 0 0
1 0 1 0 1 0 0 0 0 1 1 0 40 -1 -1 0 1200 1 50 1 50000 10 3 3 1 1 5 8 6.9 6.9 4 2.5 1.65 0.6 0.28 2.24 0.0001 1 1.2 3 54178 6 0 0 2 1 1 1 0.045 5 1 9.1 5.05 9.04 1.66 9.275 0.05 0.05 0 1.95 0 0 0.1 0.1 0.4 1.4 3.85 3 0.1 2 2 0 0
1 0 1 0 1 0 0 0 0 1 1 0 40 -1 -1 0 1200 1 50 1 50000 10 3 3 1 1 5 3.5 6.9 6.9 4 2.5 1.65 0.6 0.28 2.24 0.0001 1 1.2 3 54178 6 0 0 2 1 1 1 0.015 5 1 6.4 7.75 8.56 3.82 17.075 0.05 0.05 0 1.95 0 0 4.1 0.1 0.4 4 4.35 3 0.1 2 2 0 0
1 0 1 0 1 0 0 0 0 1 1 0 40 -1 -1 0 1200 1 50 1 50000 10 3 3 1 1 5 9.5 6.9 6.9 4 2.5 1.65 0.6 0.28 2.24 0.0001 1 1.2 3 54178 6 0 0 2 1 1 1 0.035 5 1 10 3.25 9.52 3.64 8.3 0.05 0.05 0 1.95 0 0 3.5 0.1 0.4 4.6 2.35 3 0.1 2 2 0 0
1 0 1 0 1 0 0 0 0 1 1 0 40 -1 -1 0 1200 1 50 1 50000 10 3 3 1 1 5 10 6.9 6.9 4 2.5 1.65 0.6 0.28 2.24 0.0001 1 1.2 3 54178 6 0 0 2 1 1 1 0.0125 5 1 4.15 10 7.6 0.76 16.1 0.05 0.05 0 1.95 0 0 1.9 0.1 0.4 5 4.6 3 0.1 2 2 0 0
1 0 1 0 1 0 0 0 0 1 1 0 40 -1 -1 0 1200 1 50 1 50000 10 3 3 1 1 5 5 6.9 6.9 4 2.5 1.65 0.6 0.28 2.24 0.0001 1 1.2 3 54178 6 0 0 2 1 1 1 0.0475 5 1 8.65 8.65 3.28 3.82 13.175 0.05 0.05 0 1.95 0 0 1.1 0.1 0.4 3.2 4.85 3 0.1 2 2 0 0
1 0 1 0 1 0 0 0 0 1 1 0 40 -1 -1 0 1200 1 50 1 50000 10 3 3 1 1 5 10 6.9 6.9 4 2.5 1.65 0.6 0.28 2.24 0.0001 1 1.2 3 54178 6 0 0 2 1 1 1 0.0175 5 1 9.55 7.3 8.56 2.2 9.275 0.05 0.05 0 1.95 0 0 1.9 0.1 0.4 2 4.6 3 0.1 2 2 0 0
1 0 1 0 1 0 0 0 0 1 1 0 40 -1 -1 0 1200 1 50 1 50000 10 3 3 1 1 5 0 6.9 6.9 4 2.5 1.65 0.6 0.28 2.24 0.0001 1 1.2 3 54178 6 0 0 2 1 1 1 0.0125 5 1 5.5 7.75 7.6 0.76 6.35 0.05 0.05 0 1.95 0 0 4.1 0.1 0.4 5 1.35 3 0.1 2 2 0 0
1 0 1 0 1 0 0 0 0 1 1 0 40 -1 -1 0 1200 1 50 1 50000 10 3 3 1 1 5 2.5 6.9 6.9 4 2.5 1.65 0.6 0.28 2.24 0.0001 1 1.2 3 54178 6 0 0 2 1 1 1 0 5 1 5.5 4.6 3.76 0.76 11.225 0.05 0.05 0 1.95 0 0 1.9 0.1 0.4 1.6 2.1 3 0.1 2 2 0 0
1 0 1 0 1 0 0 0 0 1 1 0 40 -1 -1 0 1200 1 50 1 50000 10 3 3 1 1 5 6 6.9 6.9 4 2.5 1.65 0.6 0.28 2.24 0.0001 1 1.2 3 54178 6 0 0 2 1 1 1 0.0325 5 1 2.8 9.55 1.84 3.82 12.2 0.05 0.05 0 1.95 0 0 3.5 0.1 0.4 1.2 4.6 3 0.1 2 2 0 0
1 0 1 0 1 0 0 0 0 1 1 0 40 -1 -1 0 1200 1 50 1 50000 10 3 3 1 1 5 2.5 6.9 6.9 4 2.5 1.65 0.6 0.28 2.24 0.0001 1 1.2 3 54178 6 0 0 2 1 1 1 0.0125 5 1 1.9 2.8 5.2 3.64 9.275 0.05 0.05 0 1.95 0 0 0.3 0.1 0.4 1 3.6 3 0.1 2 2 0 0
1 0 1 0 1 0 0 0 0 1 1 0 40 -1 -1 0 1200 1 50 1 50000 10 3 3 1 1 5 4.5 6.9 6.9 4 2.5 1.65 0.6 0.28 2.24 0.0001 1 1.2 3 54178 6 0 0 2 1 1 1 0.0175 5 1 10 3.7 1.36 2.02 19.025 0.05 0.05 0 1.95 0 0 2.9 0.1 0.4 1.8 3.85 3 0.1 2 2 0 0
1 0 1 0 1 0 0 0 0 1 1 0 40 -1 -1 0 1200 1 50 1 50000 10 3 3 1 1 5 3.5 6.9 6.9 4 2.5 1.65 0.6 0.28 2.24 0.0001 1 1.2 3 54178 6 0 0 2 1 1 1 0.0325 5 1 2.8 5.5 6.16 0.94 17.075 0.05 0.05 0 1.95 0 0 0.3 0.1 0.4 4.2 2.1 3 0.1 2 2 0 0
1 0 1 0 1 0 0 0 0 1 1 0 40 -1 -1 0 1200 1 50 1 50000 10 3 3 1 1 5 2.5 6.9 6.9 4 2.5 1.65 0.6 0.28 2.24 0.0001 1 1.2 3 54178 6 0 0 2 1 1 1 0.0075 5 1 7.75 4.6 8.56 2.38 20 0.05 0.05 0 1.95 0 0 1.5 0.1 0.4 4.6 0.35 3 0.1 2 2 0 0
1 0 1 0 1 0 0 0 0 1 1 0 40 -1 -1 0 1200 1 50 1 50000 10 3 3 1 1 5 6.5 6.9 6.9 4 2.5 1.65 0.6 0.28 2.24 0.0001 1 1.2 3 54178 6 0 0 2 1 1 1 0 5 1 2.8 5.05 1.84 2.02 17.075 0.05 0.05 0 1.95 0 0 3.3 0.1 0.4 2.6 1.35 3 0.1 2 2 0 0
1 0 1 0 1 0 0 0 0 1 1 0 40 -1 -1 0 1200 1 50 1 50000 10 3 3 1 1 5 8 6.9 6.9 4 2.5 1.65 0.6 0.28 2.24 0.0001 1 1.2 3 54178 6 0 0 2 1 1 1 0.0325 5 1 5.05 7.3 5.68 3.1 6.35 0.05 0.05 0 1.95 0 0 3.3 0.1 0.4 4 0.35 3 0.1 2 2 0 0
1 0 1 0 1 0 0 0 0 1 1 0 40 -1 -1 0 1200 1 50 1 50000 10 3 3 1 1 5 1 6.9 6.9 4 2.5 1.65 0.6 0.28 2.24 0.0001 1 1.2 3 54178 6 0 0 2 1 1 1 0.025 5 1 8.65 9.1 2.32 1.3 17.075 0.05 0.05 0 1.95 0 0 3.7 0.1 0.4 2.2 0.6 3 0.1 2 2 0 0
1 0 1 0 1 0 0 0 0 1 1 0 40 -1 -1 0 1200 1 50 1 50000 10 3 3 1 1 5 9 6.9 6.9 4 2.5 1.65 0.6 0.28 2.24 0.0001 1 1.2 3 54178 6 0 0 2 1 1 1 0.04 5 1 1.45 4.15 5.2 1.3 11.225 0.05 0.05 0 1.95 0 0 3.9 0.1 0.4 3 1.35 3 0.1 2 2 0 0
1 0 1 0 1 0 0 0 0 1 1 0 40 -1 -1 0 1200 1 50 1 50000 10 3 3 1 1 5 4.5 6.9 6.9 4 2.5 1.65 0.6 0.28 2.24 0.0001 1 1.2 3 54178 6 0 0 2 1 1 1 0.025 5 1 1 1.45 3.28 2.38 14.15 0.05 0.05 0 1.95 0 0 0.7 0.1 0.4 2 4.1 3 0.1 2 2 0 0
1 0 1 0 1 0 0 0 0 1 1 0 40 -1 -1 0 1200 1 50 1 50000 10 3 3 1 1 5 7 6.9 6.9 4 2.5 1.65 0.6 0.28 2.24 0.0001 1 1.2 3 54178 6 0 0 2 1 1 1 0.0175 5 1 8.2 7.3 9.52 0.4 18.05 0.05 0.05 0 1.95 0 0 1.3 0.1 0.4 2.4 0.85 3 0.1 2 2 0 0
1 0 1 0 1 0 0 0 0 1 1 0 40 -1 -1 0 1200 1 50 1 50000 10 3 3 1 1 5 2 6.9 6.9 4 2.5 1.65 0.6 0.28 2.24 0.0001 1 1.2 3 54178 6 0 0 2 1 1 1 0.035 5 1 7.75 2.35 9.52 0.58 20 0.05 0.05 0 1.95 0 0 0.3 0.1 0.4 4.6 4.1 3 0.1 2 2 0 0
1 0 1 0 1 0 0 0 0 1 1 0 40 -1 -1 0 1200 1 50 1 50000 10 3 3 1 1 5 3 6.9 6.9 4 2.5 1.65 0.6 0.28 2.24 0.0001 1 1.2 3 54178 6 0 0 2 1 1 1 0.05 5 1 5.05 1 9.52 3.1 10.25 0.05 0.05 0 1.95 0 0 1.9 0.1 0.4 1 1.85 3 0.1 2 2 0 0
1 0 1 0 1 0 0 0 0 1 1 0 40 -1 -1 0 1200 1 50 1 50000 10 3 3 1 1 5 9.5 6.9 6.9 4 2.5 1.65 0.6 0.28 2.24 0.0001 1 1.2 3 54178 6 0 0 2 1 1 1 0.0175 5 1 7.3 3.25 6.64 1.3 19.025 0.05 0.05 0 1.95 0 0 0.1 0.1 0.4 2.4 1.6 3 0.1 2 2 0 0
1 0 1 0 1 0 0 0 0 1 1 0 40 -1 -1 0 1200 1 50 1 50000 10 3 3 1 1 5 4 6.9 6.9 4 2.5 1.65 0.6 0.28 2.24 0.0001 1 1.2 3 54178 6 0 0 2 1 1 1 0.0075 5 1 6.85 2.35 5.68 0.76 16.1 0.05 0.05 0 1.95 0 0 0.5 0.1 0.4 2.6 2.1 3 0.1 2 2 0 0
1 0 1 0 1 0 0 0 0 1 1 0 40 -1 -1 0 1200 1 50 1 50000 10 3 3 1 1 5 0 6.9 6.9 4 2.5 1.65 0.6 0.28 2.24 0.0001 1 1.2 3 54178 6 0 0 2 1 1 1 0.0125 5 1 7.3 3.25 8.56 1.66 9.275 0.05 0.05 0 1.95 0 0 1.1 0.1 0.4 3.2 2.1 3 0.1 2 2 0 0
1 0 1 0 1 0 0 0 0 1 1 0 40 -1 -1 0 1200 1 50 1 50000 10 3 3 1 1 5 10 6.9 6.9 4 2.5 1.65 0.6 0.28 2.24 0.0001 1 1.2 3 54178 6 0 0 2 1 1 1 0.0125 5 1 4.15 6.4 7.6 2.74 9.275 0.05 0.05 0 1.95 0 0 2.1 0.1 0.4 3.4 2.1 3 0.1 2 2 0 0
1 0 1 0 1 0 0 0 0 1 1 0 40 -1 -1 0 1200 1 50 1 50000 10 3 3 1 1 5 0 6.9 6.9 4 2.5 1.65 0.6 0.28 2.24 0.0001 1 1.2 3 54178 6 0 0 2 1 1 1 0.01 5 1 9.55 6.4 7.12 0.76 4.4 0.05 0.05 0 1.95 0 0 0.1 0.1 0.4 3.4 4.85 3 0.1 2 2 0 0
1 0 1 0 1 0 0 0 0 1 1 0 40 -1 -1 0 1200 1 50 1 50000 10 3 3 1 1 5 7 6.9 6.9 4 2.5 1.65 0.6 0.28 2.24 0.0001 1 1.2 3 54178 6 0 0 2 1 1 1 0.01 5 1 4.6 4.6 8.08 1.84 9.275 0.05 0.05 0 1.95 0 0 0.1 0.1 0.4 1.2 0.1 3 0.1 2 2 0 0
1 0 1 0 1 0 0 0 0 1 1 0 40 -1 -1 0 1200 1 50 1 50000 10 3 3 1 1 5 1.5 6.9 6.9 4 2.5 1.65 0.6 0.28 2.24 0.0001 1 1.2 3 54178 6 0 0 2 1 1 1 0.0375 5 1 3.7 1.9 7.6 2.2 0.5 0.05 0.05 0 1.95 0 0 4.1 0.1 0.4 4.8 3.6 3 0.1 2 2 0 0
1 0 1 0 1 0 0 0 0 1 1 0 40 -1 -1 0 1200 1 50 1 50000 10 3 3 1 1 5 8.5 6.9 6.9 4 2.5 1.65 0.6 0.28 2.24 0.0001 1 1.2 3 54178 6 0 0 2 1 1 1 0.025 5 1 2.35 9.1 5.68 2.02 9.275 0.05 0.05 0 1.95 0 0 3.3 0.1 0.4 4.2 0.1 3 0.1 2 2 0 0
1 0 1 0 1 0 0 0 0 1 1 0 40 -1 -1 0 1200 1 50 1 50000 10 3 3 1 1 5 1.5 6.9 6.9 4 2.5 1.65 0.6 0.28 2.24 0.0001 1 1.2 3 54178 6 0 0 2 1 1 1 0.0475 5 1 5.95 1 1.36 0.76 20 0.05 0.05 0 1.95 0 0 3.1 0.1 0.4 3.4 0.35 3 0.1 2 2 0 0
1 0 1 0 1 0 0 0 0 1 1 0 40 -1 -1 0 1200 1 50 1 50000 10 3 3 1 1 5 8 6.9 6.9 4 2.5 1.65 0.6 0.28 2.24 0.0001 1 1.2 3 54178 6 0 0 2 1 1 1 0.01 5 1 10 6.4 5.68 2.56 6.35 0.05 0.05 0 1.95 0 0 2.7 0.1 0.4 3 4.6 3 0.1 2 2 0 0
1 0 1 0 1 0 0 0 0 1 1 0 40 -1 -1 0 1200 1 50 1 50000 10 3 3 1 1 5 5.5 6.9 6.9 4 2.5 1.65 0.6 0.28 2.24 0.0001 1 1.2 3 54178 6 0 0 2 1 1 1 0.04 5 1 1 7.3 0.4 4 9.275 0.05 0.05 0 1.95 0 0 1.9 0.1 0.4 3.4 3.35 3 0.1 2 2 0 0
1 0 1 0 1 0 0 0 0 1 1 0 40 -1 -1 0 1200 1 50 1 50000 10 3 3 1 1 5 6.5 6.9 6.9 4 2.5 1.65 0.6 0.28 2.24 0.0001 1 1.2 3 54178 6 0 0 2 1 1 1 0.03 5 1 5.95 3.7 9.04 2.2 10.25 0.05 0.05 0 1.95 0 0 3.5 0.1 0.4 4.2 3.35 3 0.1 2 2 0 0
1 0 1 0 1 0 0 0 0 1 1 0 40 -1 -1 0 1200 1 50 1 50000 10 3 3 1 1 5 9.5 6.9 6.9 4 2.5 1.65 0.6 0.28 2.24 0.0001 1 1.2 3 54178 6 0 0 2 1 1 1 0.025 5 1 5.5 3.25 1.84 3.64 14.15 0.05 0.05 0 1.95 0 0 2.1 0.1 0.4 2.2 4.1 3 0.1 2 2 0 0
1 0 1 0 1 0 0 0 0 1 1 0 40 -1 -1 0 1200 1 50 1 50000 10 3 3 1 1 5 3.5 6.9 6.9 4 2.5 1.65 0.6 0.28 2.24 0.0001 1 1.2 3 54178 6 0 0 2 1 1 1 0.05 5 1 10 1.45 2.32 3.28 9.275 0.05 0.05 0 1.95 0 0 1.5 0.1 0.4 4.8 2.85 3 0.1 2 2 0 0
1 0 1 0 1 0 0 0 0 1 1 0 40 -1 -1 0 1200 1 50 1 50000 10 3 3 1 1 5 2 6.9 6.9 4 2.5 1.65 0.6 0.28 2.24 0.0001 1 1.2 3 54178 6 0 0 2 1 1 1 0.0175 5 1 8.2 1 1.36 1.48 17.075 0.05 0.05 0 1.95 0 0 1.1 0.1 0.4 2.4 3.1 3 0.1 2 2 0 0
1 0 1 0 1 0 0 0 0 1 1 0 40 -1 -1 0 1200 1 50 1 50000 10 3 3 1 1 5 2.5 6.9 6.9 4 2.5 1.65 0.6 0.28 2.24 0.0001 1 1.2 3 54178 6 0 0 2 1 1 1 0.0125 5 1 1 5.05 5.2 2.38 15.125 0.05 0.05 0 1.95 0 0 2.3 0.1 0.4 5 0.6 3 0.1 2 2 0 0
1 0 1 0 1 0 0 0 0 1 1 0 40 -1 -1 0 1200 1 50 1 50000 10 3 3 1 1 5 6 6.9 6.9 4 2.5 1.65 0.6 0.28 2.24 0.0001 1 1.2 3 54178 6 0 0 2 1 1 1 0.0075 5 1 2.8 7.3 8.08 0.76 7.325 0.05 0.05 0 1.95 0 0 0.5 0.1 0.4 2.2 3.6 3 0.1 2 2 0 0
1 0 1 0 1 0 0 0 0 1 1 0 40 -1 -1 0 1200 1 50 1 50000 10 3 3 1 1 5 1 6.9 6.9 4 2.5 1.65 0.6 0.28 2.24 0.0001 1 1.2 3 54178 6 0 0 2 1 1 1 0.0275 5 1 9.55 9.1 9.52 3.1 8.3 0.05 0.05 0 1.95 0 0 0.3 0.1 0.4 1.4 2.1 3 0.1 2 2 0 0
1 0 1 0 1 0 0 0 0 1 1 0 40 -1 -1 0 1200 1 50 1 50000 10 3 3 1 1 5 6 6.9 6.9 4 2.5 1.65 0.6 0.28 2.24 0.0001 1 1.2 3 54178 6 0 0 2 1 1 1 0.0275 5 1 8.2 5.05 3.76 1.66 19.025 0.05 0.05 0 1.95 0 0 0.3 0.1 0.4 4.6 5.1 3 0.1 2 2 0 0
1 0 1 0 1 0 0 0 0 1 1 0 40 -1 -1 0 1200 1 50 1 50000 10 3 3 1 1 5 10 6.9 6.9 4 2.5 1.65 0.6 0.28 2.24 0.0001 1 1.2 3 54178 6 0 0 2 1 1 1 0.0275 5 1 3.25 6.85 2.8 3.46 13.175 0.05 0.05 0 1.95 0 0 4.1 0.1 0.4 1.6 1.1 3 0.1 2 2 0 0
1 0 1 0 1 0 0 0 0 1 1 0 40 -1 -1 0 1200 1 50 1 50000 10 3 3 1 1 5 8 6.9 6.9 4 2.5 1.65 0.6 0.28 2.24 0.0001 1 1.2 3 54178 6 0 0 2 1 1 1 0.0425 5 1 1 3.25 8.56 3.64 20 0.05 0.05 0 1.95 0 0 4.1 0.1 0.4 1.2 2.6 3 0.1 2 2 0 0
1 0 1 0 1 0 0 0 0 1 1 0 40 -1 -1 0 1200 1 50 1 50000 10 3 3 1 1 5 5 6.9 6.9 4 2.5 1.65 0.6 0.28 2.24 0.0001 1 1.2 3 54178 6 0 0 2 1 1 1 0.035 5 1 4.15 5.95 5.2 1.3 5.375 0.05 0.05 0 1.95 0 0 3.7 0.1 0.4 4.2 2.35 3 0.1 2 2 0 0
1 0 1 0 1 0 0 0 0 1 1 0 40 -1 -1 0 1200 1 50 1 50000 10 3 3 1 1 5 4 6.9 6.9 4 2.5 1.65 0.6 0.28 2.24 0.0001 1 1.2 3 54178 6 0 0 2 1 1 1 0.02 5 1 8.2 1.45 9.52 2.56 20 0.05 0.05 0 1.95 0 0 4.1 0.1 0.4 3.8 5.1 3 0.1 2 2 0 0
1 0 1 0 1 0 0 0 0 1 1 0 40 -1 -1 0 1200 1 50 1 50000 10 3 3 1 1 5 7 6.9 6.9 4 2.5 1.65 0.6 0.28 2.24 0.0001 1 1.2 3 54178 6 0 0 2 1 1 1 0.0075 5 1 5.05 5.5 2.8 2.74 3.425 0.05 0.05 0 1.95 0 0 3.9 0.1 0.4 2.6 4.85 3 0.1 2 2 0 0
1 0 1 0 1 0 0 0 0 1 1 0 40 -1 -1 0 1200 1 50 1 50000 10 3 3 1 1 5 4.5 6.9 6.9 4 2.5 1.65 0.6 0.28 2.24 0.0001 1 1.2 3 54178 6 0 0 2 1 1 1 0.02 5 1 5.05 1 4.24 3.64 18.05 0.05 0.05 0 1.95 0 0 0.1 0.1 0.4 3.2 1.85 3 0.1 2 2 0 0
1 0 1 0 1 0 0 0 0 1 1 0 40 -1 -1 0 1200 1 50 1 50000 10 3 3 1 1 5 7.5 6.9 6.9 4 2.5 1.65 0.6 0.28 2.24 0.0001 1 1.2 3 54178 6 0 0 2 1 1 1 0.03 5 1 2.8 8.65 0.88 3.46 6.35 0.05 0.05 0 1.95 0 0 1.3 0.1 0.4 4.8 3.6 3 0.1 2 2 0 0
1 0 1 0 1 0 0 0 0 1 1 0 40 -1 -1 0 1200 1 50 1 50000 10 3 3 1 1 5 5 6.9 6.9 4 2.5 1.65 0.6 0.28 2.24 0.0001 1 1.2 3 54178 6 0 0 2 1 1 1 0.0175 5 1 2.8 1.45 5.68 3.64 3.425 0.05 0.05 0 1.95 0 0 2.7 0.1 0.4 3.4 3.6 3 0.1 2 2 0 0
1 0 1 0 1 0 0 0 0 1 1 0 40 -1 -1 0 1200 1 50 1 50000 10 3 3 1 1 5 3 6.9 6.9 4 2.5 1.65 0.6 0.28 2.24 0.0001 1 1.2 3 54178 6 0 0 2 1 1 1 0.05 5 1 2.8 5.95 3.28 0.76 7.325 0.05 0.05 0 1.95 0 0 1.5 0.1 0.4 3.4 2.1 3 0.1 2 2 0 0
1 0 1 0 1 0 0 0 0 1 1 0 40 -1 -1 0 1200 1 50 1 50000 10 3 3 1 1 5 5 6.9 6.9 4 2.5 1.65 0.6 0.28 2.24 0.0001 1 1.2 3 54178 6 0 0 2 1 1 1 0.025 5 1 5.05 9.55 5.2 3.82 8.3 0.05 0.05 0 1.95 0 0 2.1 0.1 0.4 1 3.85 3 0.1 2 2 0 0
1 0 1 0 1 0 0 0 0 1 1 0 40 -1 -1 0 1200 1 50 1 50000 10 3 3 1 1 5 5.5 6.9 6.9 4 2.5 1.65 0.6 0.28 2.24 0.0001 1 1.2 3 54178 6 0 0 2 1 1 1 0.0425 5 1 5.5 5.95 3.76 1.48 6.35 0.05 0.05 0 1.95 0 0 2.9 0.1 0.4 5 4.1 3 0.1 2 2 0 0
1 0 1 0 1 0 0 0 0 1 1 0 40 -1 -1 0 1200 1 50 1 50000 10 3 3 1 1 5 2 6.9 6.9 4 2.5 1.65 0.6 0.28 2.24 0.0001 1 1.2 3 54178 6 0 0 2 1 1 1 0.05 5 1 1 5.95 5.68 3.46 15.125 0.05 0.05 0 1.95 0 0 1.3 0.1 0.4 4.4 3.1 3 0.1 2 2 0 0
1 0 1 0 1 0 0 0 0 1 1 0 40 -1 -1 0 1200 1 50 1 50000 10 3 3 1 1 5 1.5 6.9 6.9 4 2.5 1.65 0.6 0.28 2.24 0.0001 1 1.2 3 54178 6 0 0 2 1 1 1 0 5 1 5.05 7.3 0.88 3.28 7.325 0.05 0.05 0 1.95 0 0 2.9 0.1 0.4 3.6 2.35 3 0.1 2 2 0 0
1 0 1 0 1 0 0 0 0 1 1 0 40 -1 -1 0 1200 1 50 1 50000 10 3 3 1 1 5 0 6.9 6.9 4 2.5 1.65 0.6 0.28 2.24 0.0001 1 1.2 3 54178 6 0 0 2 1 1 1 0.0325 5 1 5.5 5.95 7.12 4 3.425 0.05 0.05 0 1.95 0 0 3.5 0.1 0.4 1.2 3.6 3 0.1 2 2 0 0
1 0 1 0 1 0 0 0 0 1 1 0 40 -1 -1 0 1200 1 50 1 50000 10 3 3 1 1 5 4 6.9 6.9 4 2.5 1.65 0.6 0.28 2.24 0.0001 1 1.2 3 54178 6 0 0 2 1 1 1 0.0075 5 1 8.2 9.55 8.08 3.64 2.45 0.05 0.05 0 1.95 0 0 2.1 0.1 0.4 3.2 2.85 3 0.1 2 2 0 0
1 0 1 0 1 0 0 0 0 1 1 0 40 -1 -1 0 1200 1 50 1 50000 10 3 3 1 1 5 5.5 6.9 6.9 4 2.5 1.65 0.6 0.28 2.24 0.0001 1 1.2 3 54178 6 0 0 2 1 1 1 0.0375 5 1 5.5 8.2 2.8 3.82 6.35 0.05 0.05 0 1.95 0 0 3.7 0.1 0.4 5 3.85 3 0.1 2 2 0 0
1 0 1 0 1 0 0 0 0 1 1 0 40 -1 -1 0 1200 1 50 1 50000 10 3 3 1 1 5 4.5 6.9 6.9 4 2.5 1.65 0.6 0.28 2.24 0.0001 1 1.2 3 54178 6 0 0 2 1 1 1 0.015 5 1 2.35 1.9 5.2 0.4 3.425 0.05 0.05 0 1.95 0 0 3.1 0.1 0.4 1 2.1 3 0.1 2 2 0 0
1 0 1 0 1 0 0 0 0 1 1 0 40 -1 -1 0 1200 1 50 1 50000 10 3 3 1 1 5 4 6.9 6.9 4 2.5 1.65 0.6 0.28 2.24 0.0001 1 1.2 3 54178 6 0 0 2 1 1 1 0.035 5 1 4.6 1.9 4.72 3.64 6.35 0.05 0.05 0 1.95 0 0 1.1 0.1 0.4 3.6 4.6 3 0.1 2 2 0 0
1 0 1 0 1 0 0 0 0 1 1 0 40 -1 -1 0 1200 1 50 1 50000 10 3 3 1 1 5 3 6.9 6.9 4 2.5 1.65 0.6 0.28 2.24 0.0001 1 1.2 3 54178 6 0 0 2 1 1 1 0.0175 5 1 5.5 1 3.76 1.84 17.075 0.05 0.05 0 1.95 0 0 3.3 0.1 0.4 3.6 3.6 3 0.1 2 2 0 0
1 0 1 0 1 0 0 0 0 1 1 0 40 -1 -1 0 1200 1 50 1 50000 10 3 3 1 1 5 5.5 6.9 6.9 4 2.5 1.65 0.6 0.28 2.24 0.0001 1 1.2 3 54178 6 0 0 2 1 1 1 0.04 5 1 8.2 3.7 3.76 2.56 2.45 0.05 0.05 0 1.95 0 0 3.3 0.1 0.4 1.6 4.85 3 0.1 2 2 0 0
1 0 1 0 1 0 0 0 0 1 1 0 40 -1 -1 0 1200 1 50 1 50000 10 3 3 1 1 5 5 6.9 6.9 4 2.5 1.65 0.6 0.28 2.24 0.0001 1 1.2 3 54178 6 0 0 2 1 1 1 0.0225 5 1 9.1 8.2 7.6 1.12 12.2 0.05 0.05 0 1.95 0 0 2.3 0.1 0.4 2.6 0.1 3 0.1 2 2 0 0
1 0 1 0 1 0 0 0 0 1 1 0 40 -1 -1 0 1200 1 50 1 50000 10 3 3 1 1 5 8.5 6.9 6.9 4 2.5 1.65 0.6 0.28 2.24 0.0001 1 1.2 3 54178 6 0 0 2 1 1 1 0.0375 5 1 5.05 5.95 5.68 1.12 0.5 0.05 0.05 0 1.95 0 0 0.7 0.1 0.4 4.4 3.35 3 0.1 2 2 0 0
1 0 1 0 1 0 0 0 0 1 1 0 40 -1 -1 0 1200 1 50 1 50000 10 3 3 1 1 5 2.5 6.9 6.9 4 2.5 1.65 0.6 0.28 2.24 0.0001 1 1.2 3 54178 6 0 0 2 1 1 1 0 5 1 9.55 3.25 4.72 0.58 20 0.05 0.05 0 1.95 0 0 3.7 0.1 0.4 4.4 1.6 3 0.1 2 2 0 0
1 0 1 0 1 0 0 0 0 1 1 0 40 -1 -1 0 1200 1 50 1 50000 10 3 3 1 1 5 8.5 6.9 6.9 4 2.5 1.65 0.6 0.28 2.24 0.0001 1 1.2 3 54178 6 0 0 2 1 1 1 0.0175 5 1 3.7 8.2 2.32 2.74 8.3 0.05 0.05 0 1.95 0 0 0.7 0.1 0.4 3.4 3.6 3 0.1 2 2 0 0
1 0 1 0 1 0 0 0 0 1 1 0 40 -1 -1 0 1200 1 50 1 50000 10 3 3 1 1 5 6.5 6.9 6.9 4 2.5 1.65 0.6 0.28 2.24 0.0001 1 1.2 3 54178 6 0 0 2 1 1 1 0.035 5 1 8.2 7.75 1.84 0.58 2.45 0.05 0.05 0 1.95 0 0 1.3 0.1 0.4 4 1.6 3 0.1 2 2 0 0
1 0 1 0 1 0 0 0 0 1 1 0 40 -1 -1 0 1200 1 50 1 50000 10 3 3 1 1 5 5 6.9 6.9 4 2.5 1.65 0.6 0.28 2.24 0.0001 1 1.2 3 54178 6 0 0 2 1 1 1 0.0275 5 1 9.55 6.4 0.4 3.64 16.1 0.05 0.05 0 1.95 0 0 2.9 0.1 0.4 1.6 0.35 3 0.1 2 2 0 0
1 0 1 0 1 0 0 0 0 1 1 0 40 -1 -1 0 1200 1 50 1 50000 10 3 3 1 1 5 3.5 6.9 6.9 4 2.5 1.65 0.6 0.28 2.24 0.0001 1 1.2 3 54178 6 0 0 2 1 1 1 0.01 5 1 5.95 1.9 2.32 3.1 8.3 0.05 0.05 0 1.95 0 0 0.7 0.1 0.4 2 0.85 3 0.1 2 2 0 0
1 0 1 0 1 0 0 0 0 1 1 0 40 -1 -1 0 1200 1 50 1 50000 10 3 3 1 1 5 1 6.9 6.9 4 2.5 1.65 0.6 0.28 2.24 0.0001 1 1.2 3 54178 6 0 0 2 1 1 1 0.0275 5 1 9.55 9.1 10 1.3 16.1 0.05 0.05 0 1.95 0 0 4.1 0.1 0.4 4 4.1 3 0.1 2 2 0 0
1 0 1 0 1 0 0 0 0 1 1 0 40 -1 -1 0 1200 1 50 1 50000 10 3 3 1 1 5 9 6.9 6.9 4 2.5 1.65 0.6 0.28 2.24 0.0001 1 1.2 3 54178 6 0 0 2 1 1 1 0.0225 5 1 10 7.3 0.88 2.38 6.35 0.05 0.05 0 1.95 0 0 2.9 0.1 0.4 4 1.35 3 0.1 2 2 0 0
1 0 1 0 1 0 0 0 0 1 1 0 40 -1 -1 0 1200 1 50 1 50000 10 3 3 1 1 5 8.5 6.9 6.9 4 2.5 1.65 0.6 0.28 2.24 0.0001 1 1.2 3 54178 6 0 0 2 1 1 1 0.0325 5 1 3.25 1 3.28 1.84 5.375 0.05 0.05 0 1.95 0 0 1.7 0.1 0.4 4.6 4.1 3 0.1 2 2 0 0
1 0 1 0 1 0 0 0 0 1 1 0 40 -1 -1 0 1200 1 50 1 50000 10 3 3 1 1 5 2 6.9 6.9 4 2.5 1.65 0.6 0.28 2.24 0.0001 1 1.2 3 54178 6 0 0 2 1 1 1 0.0425 5 1 9.1 8.65 3.76 2.38 1.475 0.05 0.05 0 1.95 0 0 3.3 0.1 0.4 1.8 4.6 3 0.1 2 2 0 0
1 0 1 0 1 0 0 0 0 1 1 0 40 -1 -1 0 1200 1 50 1 50000 10 3 3 1 1 5 6 6.9 6.9 4 2.5 1.65 0.6 0.28 2.24 0.0001 1 1.2 3 54178 6 0 0 2 1 1 1 0.04 5 1 6.4 8.65 7.12 3.1 18.05 0.05 0.05 0 1.95 0 0 2.7 0.1 0.4 1.2 4.1 3 0.1 2 2 0 0
1 0 1 0 1 0 0 0 0 1 1 0 40 -1 -1 0 1200 1 50 1 50000 10 3 3 1 1 5 5 6.9 6.9 4 2.5 1.65 0.6 0.28 2.24 0.0001 1 1.2 3 54178 6 0 0 2 1 1 1 0.0375 5 1 4.6 5.05 8.08 0.58 20 0.05 0.05 0 1.95 0 0 0.5 0.1 0.4 2.6 2.85 3 0.1 2 2 0 0
1 0 1 0 1 0 0 0 0 1 1 0 40 -1 -1 0 1200 1 50 1 50000 10 3 3 1 1 5 9.5 6.9 6.9 4 2.5 1.65 0.6 0.28 2.24 0.0001 1 1.2 3 54178 6 0 0 2 1 1 1 0.0425 5 1 6.4 8.2 8.56 3.46 3.425 0.05 0.05 0 1.95 0 0 0.7 0.1 0.4 2.4 0.85 3 0.1 2 2 0 0
1 0 1 0 1 0 0 0 0 1 1 0 40 -1 -1 0 1200 1 50 1 50000 10 3 3 1 1 5 9.5 6.9 6.9 4 2.5 1.65 0.6 0.28 2.24 0.0001 1 1.2 3 54178 6 0 0 2 1 1 1 0.0425 5 1 9.55 7.75 1.84 3.46 10.25 0.05 0.05 0 1.95 0 0 2.1 0.1 0.4 4.4 3.1 3 0.1 2 2 0 0
1 0 1 0 1 0 0 0 0 1 1 0 40 -1 -1 0 1200 1 50 1 50000 10 3 3 1 1 5 2.5 6.9 6.9 4 2.5 1.65 0.6 0.28 2.24 0.0001 1 1.2 3 54178 6 0 0 2 1 1 1 0.0325 5 1 5.95 5.5 6.64 2.2 14.15 0.05 0.05 0 1.95 0 0 2.1 0.1 0.4 4.4 3.1 3 0.1 2 2 0 0
1 0 1 0 1 0 0 0 0 1 1 0 40 -1 -1 0 1200 1 50 1 50000 10 3 3 1 1 5 4.5 6.9 6.9 4 2.5 1.65 0.6 0.28 2.24 0.0001 1 1.2 3 54178 6 0 0 2 1 1 1 0.015 5 1 8.65 7.3 7.6 0.76 12.2 0.05 0.05 0 1.95 0 0 1.7 0.1 0.4 1.2 2.85 3 0.1 2 2 0 0
1 0 1 0 1 0 0 0 0 1 1 0 40 -1 -1 0 1200 1 50 1 50000 10 3 3 1 1 5 7.5 6.9 6.9 4 2.5 1.65 0.6 0.28 2.24 0.0001 1 1.2 3 54178 6 0 0 2 1 1 1 0.0175 5 1 1 3.25 1.36 3.28 3.425 0.05 0.05 0 1.95 0 0 0.7 0.1 0.4 2.4 3.85 3 0.1 2 2 0 0
1 0 1 0 1 0 0 0 0 1 1 0 40 -1 -1 0 1200 1 50 1 50000 10 3 3 1 1 5 2.5 6.9 6.9 4 2.5 1.65 0.6 0.28 2.24 0.0001 1 1.2 3 54178 6 0 0 2 1 1 1 0.045 5 1 5.05 6.85 8.08 3.46 7.325 0.05 0.05 0 1.95 0 0 1.9 0.1 0.4 3.8 4.85 3 0.1 2 2 0 0
1 0 1 0 1 0 0 0 0 1 1 0 40 -1 -1 0 1200 1 50 1 50000 10 3 3 1 1 5 0.5 6.9 6.9 4 2.5 1.65 0.6 0.28 2.24 0.0001 1 1.2 3 54178 6 0 0 2 1 1 1 0.0375 5 1 5.05 9.1 4.24 2.56 19.025 0.05 0.05 0 1.95 0 0 4.1 0.1 0.4 1.8 2.85 3 0.1 2 2 0 0
1 0 1 0 1 0 0 0 0 1 1 0 40 -1 -1 0 1200 1 50 1 50000 10 3 3 1 1 5 9.5 6.9 6.9 4 2.5 1.65 0.6 0.28 2.24 0.0001 1 1.2 3 54178 6 0 0 2 1 1 1 0.01 5 1 7.75 9.1 6.16 2.56 12.2 0.05 0.05 0 1.95 0 0 0.1 0.1 0.4 2 1.35 3 0.1 2 2 0 0
1 0 1 0 1 0 0 0 0 1 1 0 40 -1 -1 0 1200 1 50 1 50000 10 3 3 1 1 5 1 6.9 6.9 4 2.5 1.65 0.6 0.28 2.24 0.0001 1 1.2 3 54178 6 0 0 2 1 1 1 0.015 5 1 5.05 4.6 10 3.64 12.2 0.05 0.05 0 1.95 0 0 2.7 0.1 0.4 3.4 2.1 3 0.1 2 2 0 0
1 0 1 0 1 0 0 0 0 1 1 0 40 -1 -1 0 1200 1 50 1 50000 10 3 3 1 1 5 3.5 6.9 6.9 4 2.5 1.65 0.6 0.28 2.24 0.0001 1 1.2 3 54178 6 0 0 2 1 1 1 0.0475 5 1 9.1 4.15 6.64 0.94 14.15 0.05 0.05 0 1.95 0 0 3.3 0.1 0.4 4.2 0.85 3 0.1 2 2 0 0
1 0 1 0 1 0 0 0 0 1 1 0 40 -1 -1 0 1200 1 50 1 50000 10 3 3 1 1 5 4 6.9 6.9 4 2.5 1.65 0.6 0.28 2.24 0.0001 1 1.2 3 54178 6 0 0 2 1 1 1 0.025 5 1 8.65 8.2 7.12 0.58 15.125 0.05 0.05 0 1.95 0 0 4.1 0.1 0.4 2.2 2.6 3 0.1 2 2 0 0
1 0 1 0 1 0 0 0 0 1 1 0 40 -1 -1 0 1200 1 50 1 50000 10 3 3 1 1 5 7.5 6.9 6.9 4 2.5 1.65 0.6 0.28 2.24 0.0001 1 1.2 3 54178 6 0 0 2 1 1 1 0.0375 5 1 6.85 1 9.52 4 6.35 0.05 0.05 0 1.95 0 0 3.3 0.1 0.4 3.2 0.35 3 0.1 2 2 0 0
1 0 1 0 1 0 0 0 0 1 1 0 40 -1 -1 0 1200 1 50 1 50000 10 3 3 1 1 5 7 6.9 6.9 4 2.5 1.65 0.6 0.28 2.24 0.0001 1 1.2 3 54178 6 0 0 2 1 1 1 0.0425 5 1 7.3 10 0.4 3.46 0.5 0.05 0.05 0 1.95 0 0 2.1 0.1 0.4 4.4 2.1 3 0.1 2 2 0 0
1 0 1 0 1 0 0 0 0 1 1 0 40 -1 -1 0 1200 1 50 1 50000 10 3 3 1 1 5 0.5 6.9 6.9 4 2.5 1.65 0.6 0.28 2.24 0.0001 1 1.2 3 54178 6 0 0 2 1 1 1 0.04 5 1 6.85 7.75 3.76 2.74 1.475 0.05 0.05 0 1.95 0 0 4.1 0.1 0.4 4.6 2.6 3 0.1 2 2 0 0
1 0 1 0 1 0 0 0 0 1 1 0 40 -1 -1 0 1200 1 50 1 50000 10 3 3 1 1 5 7.5 6.9 6.9 4 2.5 1.65 0.6 0.28 2.24 0.0001 1 1.2 3 54178 6 0 0 2 1 1 1 0.005 5 1 7.75 3.7 3.28 3.1 10.25 0.05 0.05 0 1.95 0 0 2.1 0.1 0.4 1.8 3.35 3 0.1 2 2 0 0
1 0 1 0 1 0 0 0 0 1 1 0 40 -1 -1 0 1200 1 50 1 50000 10 3 3 1 1 5 4 6.9 6.9 4 2.5 1.65 0.6 0.28 2.24 0.0001 1 1.2 3 54178 6 0 0 2 1 1 1 0.005 5 1 1.45 4.15 7.12 2.74 17.075 0.05 0.05 0 1.95 0 0 3.5 0.1 0.4 1.6 0.35 3 0.1 2 2 0 0
1 0 1 0 1 0 0 0 0 1 1 0 40 -1 -1 0 1200 1 50 1 50000 10 3 3 1 1 5 7 6.9 6.9 4 2.5 1.65 0.6 0.28 2.24 0.0001 1 1.2 3 54178 6 0 0 2 1 1 1 0.0275 5 1 5.95 2.8 3.76 0.76 4.4 0.05 0.05 0 1.95 0 0 1.5 0.1 0.4 4.8 0.6 3 0.1 2 2 0 0
1 0 1 0 1 0 0 0 0 1 1 0 40 -1 -1 0 1200 1 50 1 50000 10 3 3 1 1 5 0 6.9 6.9 4 2.5 1.65 0.6 0.28 2.24 0.0001 1 1.2 3 54178 6 0 0 2 1 1 1 0.04 5 1 2.35 9.1 3.76 1.12 12.2 0.05 0.05 0 1.95 0 0 0.5 0.1 0.4 2 1.85 3 0.1 2 2 0 0
1 0 1 0 1 0 0 0 0 1 1 0 40 -1 -1 0 1200 1 50 1 50000 10 3 3 1 1 5 8.5 6.9 6.9 4 2.5 1.65 0.6 0.28 2.24 0.0001 1 1.2 3 54178 6 0 0 2 1 1 1 0.0375 5 1 1 3.25 2.32 0.76 8.3 0.05 0.05 0 1.95 0 0 1.3 0.1 0.4 3.6 3.85 3 0.1 2 2 0 0
1 0 1 0 1 0 0 0 0 1 1 0 40 -1 -1 0 1200 1 50 1 50000 10 3 3 1 1 5 2 6.9 6.9 4 2.5 1.65 0.6 0.28 2.24 0.0001 1 1.2 3 54178 6 0 0 2 1 1 1 0.025 5 1 1.45 8.2 7.6 1.3 13.175 0.05 0.05 0 1.95 0 0 4.1 0.1 0.4 4.4 1.85 3 0.1 2 2 0 0
1 0 1 0 1 0 0 0 0 1 1 0 40 -1 -1 0 1200 1 50 1 50000 10 3 3 1 1 5 2.5 6.9 6.9 4 2.5 1.65 0.6 0.28 2.24 0.0001 1 1.2 3 54178 6 0 0 2 1 1 1 0.0425 5 1 3.25 6.85 3.28 1.84 13.175 0.05 0.05 0 1.95 0 0 3.5 0.1 0.4 1.2 2.1 3 0.1 2 2 0 0
1 0 1 0 1 0 0 0 0 1 1 0 40 -1 -1 0 1200 1 50 1 50000 10 3 3 1 1 5 6 6.9 6.9 4 2.5 1.65 0.6 0.28 2.24 0.0001 1 1.2 3 54178 6 0 0 2 1 1 1 0.0225 5 1 4.6 10 0.4 0.58 2.45 0.05 0.05 0 1.95 0 0 2.7 0.1 0.4 5 2.85 3 0.1 2 2 0 0
1 0 1 0 1 0 0 0 0 1 1 0 40 -1 -1 0 1200 1 50 1 50000 10 3 3 1 1 5 2 6.9 6.9 4 2.5 1.65 0.6 0.28 2.24 0.0001 1 1.2 3 54178 6 0 0 2 1 1 1 0.0475 5 1 1.9 2.35 0.88 2.56 15.125 0.05 0.05 0 1.95 0 0 0.1 0.1 0.4 5 2.85 3 0.1 2 2 0 0
1 0 1 0 1 0 0 0 0 1 1 0 40 -1 -1 0 1200 1 50 1 50000 10 3 3 1 1 5 0 6.9 6.9 4 2.5 1.65 0.6 0.28 2.24 0.0001 1 1.2 3 54178 6 0 0 2 1 1 1 0.0125 5 1 8.2 1.45 5.68 3.46 3.425 0.05 0.05 0 1.95 0 0 1.9 0.1 0.4 2.2 0.85 3 0.1 2 2 0 0
1 0 1 0 1 0 0 0 0 1 1 0 40 -1 -1 0 1200 1 50 1 50000 10 3 3 1 1 5 3 6.9 6.9 4 2.5 1.65 0.6 0.28 2.24 0.0001 1 1.2 3 54178 6 0 0 2 1 1 1 0.025 5 1 3.25 10 6.64 0.58 0.5 0.05 0.05 0 1.95 0 0 0.9 0.1 0.4 1 1.85 3 0.1 2 2 0 0
1 0 1 0 1 0 0 0 0 1 1 0 40 -1 -1 0 1200 1 50 1 50000 10 3 3 1 1 5 5.5 6.9 6.9 4 2.5 1.65 0.6 0.28 2.24 0.0001 1 1.2 3 54178 6 0 0 2 1 1 1 0.02 5 1 7.75 7.3 4.24 3.46 0.5 0.05 0.05 0 1.95 0 0 0.7 0.1 0.4 2.8 2.35 3 0.1 2 2 0 0
1 0 1 0 1 0 0 0 0 1 1 0 40 -1 -1 0 1200 1 50 1 50000 10 3 3 1 1 5 6 6.9 6.9 4 2.5 1.65 0.6 0.28 2.24 0.0001 1 1.2 3 54178 6 0 0 2 1 1 1 0.0025 5 1 9.55 9.1 8.56 0.58 3.425 0.05 0.05 0 1.95 0 0 2.5 0.1 0.4 4.2 2.85 3 0.1 2 2 0 0
1 0 1 0 1 0 0 0 0 1 1 0 40 -1 -1 0 1200 1 50 1 50000 10 3 3 1 1 5 2 6.9 6.9 4 2.5 1.65 0.6 0.28 2.24 0.0001 1 1.2 3 54178 6 0 0 2 1 1 1 0.0075 5 1 3.7 9.1 3.76 0.76 19.025 0.05 0.05 0 1.95 0 0 1.1 0.1 0.4 3 1.85 3 0.1 2 2 0 0
1 0 1 0 1 0 0 0 0 1 1 0 40 -1 -1 0 1200 1 50 1 50000 10 3 3 1 1 5 5.5 6.9 6.9 4 2.5 1.65 0.6 0.28 2.24 0.0001 1 1.2 3 54178 6 0 0 2 1 1 1 0.025 5 1 1.9 3.25 6.16 2.92 14.15 0.05 0.05 0 1.95 0 0 0.9 0.1 0.4 3 1.1 3 0.1 2 2 0 0
1 0 1 0 1 0 0 0 0 1 1 0 40 -1 -1 0 1200 1 50 1 50000 10 3 3 1 1 5 8.5 6.9 6.9 4 2.5 1.65 0.6 0.28 2.24 0.0001 1 1.2 3 54178 6 0 0 2 1 1 1 0.0275 5 1 3.25 2.35 5.2 2.2 11.225 0.05 0.05 0 1.95 0 0 2.9 0.1 0.4 1.4 2.6 3 0.1 2 2 0 0
1 0 1 0 1 0 0 0 0 1 1 0 40 -1 -1 0 1200 1 50 1 50000 10 3 3 1 1 5 3 6.9 6.9 4 2.5 1.65 0.6 0.28 2.24 0.0001 1 1.2 3 54178 6 0 0 2 1 1 1 0.01 5 1 2.35 8.2 2.32 3.64 13.175 0.05 0.05 0 1.95 0 0 0.3 0.1 0.4 1.2 2.1 3 0.1 2 2 0 0
1 0 1 0 1 0 0 0 0 1 1 0 40 -1 -1 0 1200 1 50 1 50000 10 3 3 1 1 5 9 6.9 6.9 4 2.5 1.65 0.6 0.28 2.24 0.0001 1 1.2 3 54178 6 0 0 2 1 1 1 0.0225 5 1 6.85 5.5 1.36 0.76 7.325 0.05 0.05 0 1.95 0 0 0.7 0.1 0.4 3.2 1.1 3 0.1 2 2 0 0
1 0 1 0 1 0 0 0 0 1 1 0 40 -1 -1 0 1200 1 50 1 50000 10 3 3 1 1 5 4 6.9 6.9 4 2.5 1.65 0.6 0.28 2.24 0.0001 1 1.2 3 54178 6 0 0 2 1 1 1 0.01 5 1 1.45 1.9 8.56 3.1 7.325 0.05 0.05 0 1.95 0 0 3.5 0.1 0.4 2.2 2.1 3 0.1 2 2 0 0
1 0 1 0 1 0 0 0 0 1 1 0 40 -1 -1 0 1200 1 50 1 50000 10 3 3 1 1 5 9 6.9 6.9 4 2.5 1.65 0.6 0.28 2.24 0.0001 1 1.2 3 54178 6 0 0 2 1 1 1 0.0025 5 1 3.25 5.5 0.88 3.82 0.5 0.05 0.05 0 1.95 0 0 3.9 0.1 0.4 1.8 2.35 3 0.1 2 2 0 0
1 0 1 0 1 0 0 0 0 1 1 0 40 -1 -1 0 1200 1 50 1 50000 10 3 3 1 1 5 5 6.9 6.9 4 2.5 1.65 0.6 0.28 2.24 0.0001 1 1.2 3 54178 6 0 0 2 1 1 1 0.0175 5 1 1.9 5.5 5.68 1.66 9.275 0.05 0.05 0 1.95 0 0 3.5 0.1 0.4 5 4.1 3 0.1 2 2 0 0
1 0 1 0 1 0 0 0 0 1 1 0 40 -1 -1 0 1200 1 50 1 50000 10 3 3 1 1 5 9 6.9 6.9 4 2.5 1.65 0.6 0.28 2.24 0.0001 1 1.2 3 54178 6 0 0 2 1 1 1 0.05 5 1 7.75 2.35 4.72 2.2 3.425 0.05 0.05 0 1.95 0 0 3.9 0.1 0.4 4.2 0.6 3 0.1 2 2 0 0
1 0 1 0 1 0 0 0 0 1 1 0 40 -1 -1 0 1200 1 50 1 50000 10 3 3 1 1 5 9 6.9 6.9 4 2.5 1.65 0.6 0.28 2.24 0.0001 1 1.2 3 54178 6 0 0 2 1 1 1 0.0375 5 1 5.05 4.6 6.16 2.38 10.25 0.05 0.05 0 1.95 0 0 1.5 0.1 0.4 1.4 3.1 3 0.1 2 2 0 0
1 0 1 0 1 0 0 0 0 1 1 0 40 -1 -1 0 1200 1 50 1 50000 10 3 3 1 1 5 8 6.9 6.9 4 2.5 1.65 0.6 0.28 2.24 0.0001 1 1.2 3 54178 6 0 0 2 1 1 1 0.0325 5 1 5.5 10 1.84 2.2 3.425 0.05 0.05 0 1.95 0 0 0.7 0.1 0.4 1.6 0.85 3 0.1 2 2 0 0
1 0 1 0 1 0 0 0 0 1 1 0 40 -1 -1 0 1200 1 50 1 50000 10 3 3 1 1 5 8 6.9 6.9 4 2.5 1.65 0.6 0.28 2.24 0.0001 1 1.2 3 54178 6 0 0 2 1 1 1 0.0225 5 1 1 1 4.72 3.1 3.425 0.05 0.05 0 1.95 0 0 3.5 0.1 0.4 1.6 0.85 3 0.1 2 2 0 0
1 0 1 0 1 0 0 0 0 1 1 0 40 -1 -1 0 1200 1 50 1 50000 10 3 3 1 1 5 4 6.9 6.9 4 2.5 1.65 0.6 0.28 2.24 0.0001 1 1.2 3 54178 6 0 0 2 1 1 1 0.03 5 1 9.55 3.7 3.28 2.02 12.2 0.05 0.05 0 1.95 0 0 3.7 0.1 0.4 2.4 3.35 3 0.1 2 2 0 0
1 0 1 0 1 0 0 0 0 1 1 0 40 -1 -1 0 1200 1 50 1 50000 10 3 3 1 1 5 1.5 6.9 6.9 4 2.5 1.65 0.6 0.28 2.24 0.0001 1 1.2 3 54178 6 0 0 2 1 1 1 0.0375 5 1 7.3 3.25 4.72 2.38 20 0.05 0.05 0 1.95 0 0 1.5 0.1 0.4 3 3.35 3 0.1 2 2 0 0
1 0 1 0 1 0 0 0 0 1 1 0 40 -1 -1 0 1200 1 50 1 50000 10 3 3 1 1 5 3 6.9 6.9 4 2.5 1.65 0.6 0.28 2.24 0.0001 1 1.2 3 54178 6 0 0 2 1 1 1 0.03 5 1 4.6 5.95 3.28 3.1 11.225 0.05 0.05 0 1.95 0 0 2.5 0.1 0.4 3.8 2.6 3 0.1 2 2 0 0
1 0 1 0 1 0 0 0 0 1 1 0 40 -1 -1 0 1200 1 50 1 50000 10 3 3 1 1 5 0.5 6.9 6.9 4 2.5 1.65 0.6 0.28 2.24 0.0001 1 1.2 3 54178 6 0 0 2 1 1 1 0.0075 5 1 9.1 3.25 5.68 3.46 9.275 0.05 0.05 0 1.95 0 0 1.9 0.1 0.4 1.2 0.6 3 0.1 2 2 0 0
1 0 1 0 1 0 0 0 0 1 1 0 40 -1 -1 0 1200 1 50 1 50000 10 3 3 1 1 5 8 6.9 6.9 4 2.5 1.65 0.6 0.28 2.24 0.0001 1 1.2 3 54178 6 0 0 2 1 1 1 0.03 5 1 2.35 8.65 7.12 2.38 6.35 0.05 0.05 0 1.95 0 0 2.7 0.1 0.4 4 4.85 3 0.1 2 2 0 0
1 0 1 0 1 0 0 0 0 1 1 0 40 -1 -1 0 1200 1 50 1 50000 10 3 3 1 1 5 9 6.9 6.9 4 2.5 1.65 0.6 0.28 2.24 0.0001 1 1.2 3 54178 6 0 0 2 1 1 1 0.03 5 1 3.25 1.9 8.08 1.84 5.375 0.05 0.05 0 1.95 0 0 2.7 0.1 0.4 1 2.85 3 0.1 2 2 0 0
1 0 1 0 1 0 0 0 0 1 1 0 40 -1 -1 0 1200 1 50 1 50000 10 3 3 1 1 5 4.5 6.9 6.9 4 2.5 1.65 0.6 0.28 2.24 0.0001 1 1.2 3 54178 6 0 0 2 1 1 1 0.0275 5 1 5.5 10 4.72 0.4 2.45 0.05 0.05 0 1.95 0 0 3.5 0.1 0.4 4 3.35 3 0.1 2 2 0 0
1 0 1 0 1 0 0 0 0 1 1 0 40 -1 -1 0 1200 1 50 1 50000 10 3 3 1 1 5 6.5 6.9 6.9 4 2.5 1.65 0.6 0.28 2.24 0.0001 1 1.2 3 54178 6 0 0 2 1 1 1 0.0125 5 1 5.05 1 8.08 3.1 2.45 0.05 0.05 0 1.95 0 0 0.1 0.1 0.4 2.2 3.35 3 0.1 2 2 0 0
1 0 1 0 1 0 0 0 0 1 1 0 40 -1 -1 0 1200 1 50 1 50000 10 3 3 1 1 5 9.5 6.9 6.9 4 2.5 1.65 0.6 0.28 2.24 0.0001 1 1.2 3 54178 6 0 0 2 1 1 1 0.0475 5 1 7.75 7.75 8.08 3.46 3.425 0.05 0.05 0 1.95 0 0 0.5 0.1 0.4 2.4 0.6 3 0.1 2 2 0 0
1 0 1 0 1 0 0 0 0 1 1 0 40 -1 -1 0 1200 1 50 1 50000 10 3 3 1 1 5 7.5 6.9 6.9 4 2.5 1.65 0.6 0.28 2.24 0.0001 1 1.2 3 54178 6 0 0 2 1 1 1 0.045 5 1 8.2 9.1 2.32 3.82 10.25 0.05 0.05 0 1.95 0 0 4.1 0.1 0.4 4 0.35 3 0.1 2 2 0 0
1 0 1 0 1 0 0 0 0 1 1 0 40 -1 -1 0 1200 1 50 1 50000 10 3 3 1 1 5 10 6.9 6.9 4 2.5 1.65 0.6 0.28 2.24 0.0001 1 1.2 3 54178 6 0 0 2 1 1 1 0.005 5 1 7.75 8.65 4.72 0.4 3.425 0.05 0.05 0 1.95 0 0 3.1 0.1 0.4 3.2 0.85 3 0.1 2 2 0 0
1 0 1 0 1 0 0 0 0 1 1 0 40 -1 -1 0 1200 1 50 1 50000 10 3 3 1 1 5 4 6.9 6.9 4 2.5 1.65 0.6 0.28 2.24 0.0001 1 1.2 3 54178 6 0 0 2 1 1 1 0.0325 5 1 8.65 6.85 3.76 1.48 0.5 0.05 0.05 0 1.95 0 0 1.7 0.1 0.4 4.2 2.6 3 0.1 2 2 0 0
1 0 1 0 1 0 0 0 0 1 1 0 40 -1 -1 0 1200 1 50 1 50000 10 3 3 1 1 5 0 6.9 6.9 4 2.5 1.65 0.6 0.28 2.24 0.0001 1 1.2 3 54178 6 0 0 2 1 1 1 0.0375 5 1 2.35 5.95 4.72 3.64 9.275 0.05 0.05 0 1.95 0 0 4.1 0.1 0.4 3 0.35 3 0.1 2 2 0 0
1 0 1 0 1 0 0 0 0 1 1 0 40 -1 -1 0 1200 1 50 1 50000 10 3 3 1 1 5 0.5 6.9 6.9 4 2.5 1.65 0.6 0.28 2.24 0.0001 1 1.2 3 54178 6 0 0 2 1 1 1 0.035 5 1 2.35 8.2 9.04 2.56 13.175 0.05 0.05 0 1.95 0 0 2.7 0.1 0.4 3.4 4.85 3 0.1 2 2 0 0
1 0 1 0 1 0 0 0 0 1 1 0 40 -1 -1 0 1200 1 50 1 50000 10 3 3 1 1 5 2.5 6.9 6.9 4 2.5 1.65 0.6 0.28 2.24 0.0001 1 1.2 3 54178 6 0 0 2 1 1 1 0.0425 5 1 9.55 5.5 0.88 1.84 11.225 0.05 0.05 0 1.95 0 0 0.5 0.1 0.4 3.8 0.6 3 0.1 2 2 0 0
1 0 1 0 1 0 0 0 0 1 1 0 40 -1 -1 0 1200 1 50 1 50000 10 3 3 1 1 5 9 6.9 6.9 4 2.5 1.65 0.6 0.28 2.24 0.0001 1 1.2 3 54178 6 0 0 2 1 1 1 0.0125 5 1 4.15 6.4 4.24 3.1 20 0.05 0.05 0 1.95 0 0 0.1 0.1 0.4 2 1.6 3 0.1 2 2 0 0
1 0 1 0 1 0 0 0 0 1 1 0 40 -1 -1 0 1200 1 50 1 50000 10 3 3 1 1 5 2 6.9 6.9 4 2.5 1.65 0.6 0.28 2.24 0.0001 1 1.2 3 54178 6 0 0 2 1 1 1 0.05 5 1 3.7 5.95 9.52 2.38 2.45 0.05 0.05 0 1.95 0 0 2.7 0.1 0.4 1.2 5.1 3 0.1 2 2 0 0
1 0 1 0 1 0 0 0 0 1 1 0 40 -1 -1 0 1200 1 50 1 50000 10 3 3 1 1 5 5 6.9 6.9 4 2.5 1.65 0.6 0.28 2.24 0.0001 1 1.2 3 54178 6 0 0 2 1 1 1 0.025 5 1 6.85 2.35 7.12 2.02 7.325 0.05 0.05 0 1.95 0 0 0.3 0.1 0.4 3.4 4.6 3 0.1 2 2 0 0
1 0 1 0 1 0 0 0 0 1 1 0 40 -1 -1 0 1200 1 50 1 50000 10 3 3 1 1 5 5.5 6.9 6.9 4 2.5 1.65 0.6 0.28 2.24 0.0001 1 1.2 3 54178 6 0 0 2 1 1 1 0.0275 5 1 7.3 5.05 4.24 1.84 6.35 0.05 0.05 0 1.95 0 0 0.1 0.1 0.4 3.2 3.1 3 0.1 2 2 0 0
1 0 1 0 1 0 0 0 0 1 1 0 40 -1 -1 0 1200 1 50 1 50000 10 3 3 1 1 5 8.5 6.9 6.9 4 2.5 1.65 0.6 0.28 2.24 0.0001 1 1.2 3 54178 6 0 0 2 1 1 1 0.035 5 1 8.65 6.85 9.04 1.3 17.075 0.05 0.05 0 1.95 0 0 3.1 0.1 0.4 3.2 4.1 3 0.1 2 2 0 0
1 0 1 0 1 0 0 0 0 1 1 0 40 -1 -1 0 1200 1 50 1 50000 10 3 3 1 1 5 9.5 6.9 6.9 4 2.5 1.65 0.6 0.28 2.24 0.0001 1 1.2 3 54178 6 0 0 2 1 1 1 0.045 5 1 1.45 7.3 9.52 1.84 3.425 0.05 0.05 0 1.95 0 0 4.1 0.1 0.4 2.8 0.6 3 0.1 2 2 0 0
1 0 1 0 1 0 0 0 0 1 1 0 40 -1 -1 0 1200 1 50 1 50000 10 3 3 1 1 5 2 6.9 6.9 4 2.5 1.65 0.6 0.28 2.24 0.0001 1 1.2 3 54178 6 0 0 2 1 1 1 0.005 5 1 5.05 5.05 3.28 3.46 18.05 0.05 0.05 0 1.95 0 0 2.5 0.1 0.4 2.2 1.1 3 0.1 2 2 0 0
1 0 1 0 1 0 0 0 0 1 1 0 40 -1 -1 0 1200 1 50 1 50000 10 3 3 1 1 5 3 6.9 6.9 4 2.5 1.65 0.6 0.28 2.24 0.0001 1 1.2 3 54178 6 0 0 2 1 1 1 0.0375 5 1 5.5 9.1 2.8 2.02 7.325 0.05 0.05 0 1.95 0 0 0.3 0.1 0.4 1.2 4.85 3 0.1 2 2 0 0
1 0 1 0 1 0 0 0 0 1 1 0 40 -1 -1 0 1200 1 50 1 50000 10 3 3 1 1 5 2.5 6.9 6.9 4 2.5 1.65 0.6 0.28 2.24 0.0001 1 1.2 3 54178 6 0 0 2 1 1 1 0.05 5 1 3.25 8.2 5.2 3.82 14.15 0.05 0.05 0 1.95 0 0 1.3 0.1 0.4 4.4 4.85 3 0.1 2 2 0 0
1 0 1 0 1 0 0 0 0 1 1 0 40 -1 -1 0 1200 1 50 1 50000 10 3 3 1 1 5 6.5 6.9 6.9 4 2.5 1.65 0.6 0.28 2.24 0.0001 1 1.2 3 54178 6 0 0 2 1 1 1 0.04 5 1 1 5.5 4.24 1.3 9.275 0.05 0.05 0 1.95 0 0 3.1 0.1 0.4 3 0.6 3 0.1 2 2 0 0
1 0 1 0 1 0 0 0 0 1 1 0 40 -1 -1 0 1200 1 50 1 50000 10 3 3 1 1 5 0 6.9 6.9 4 2.5 1.65 0.6 0.28 2.24 0.0001 1 1.2 3 54178 6 0 0 2 1 1 1 0.025 5 1 1 10 0.88 3.64 5.375 0.05 0.05 0 1.95 0 0 3.3 0.1 0.4 2 3.6 3 0.1 2 2 0 0
1 0 1 0 1 0 0 0 0 1 1 0 40 -1 -1 0 1200 1 50 1 50000 10 3 3 1 1 5 0.5 6.9 6.9 4 2.5 1.65 0.6 0.28 2.24 0.0001 1 1.2 3 54178 6 0 0 2 1 1 1 0 5 1 5.5 7.3 7.12 4 5.375 0.05 0.05 0 1.95 0 0 2.1 0.1 0.4 4.6 1.85 3 0.1 2 2 0 0
1 0 1 0 1 0 0 0 0 1 1 0 40 -1 -1 0 1200 1 50 1 50000 10 3 3 1 1 5 10 6.9 6.9 4 2.5 1.65 0.6 0.28 2.24 0.0001 1 1.2 3 54178 6 0 0 2 1 1 1 0.0225 5 1 10 7.3 5.68 2.74 3.425 0.05 0.05 0 1.95 0 0 3.5 0.1 0.4 3.8 3.35 3 0.1 2 2 0 0
1 0 1 0 1 0 0 0 0 1 1 0 40 -1 -1 0 1200 1 50 1 50000 10 3 3 1 1 5 6 6.9 6.9 4 2.5 1.65 0.6 0.28 2.24 0.0001 1 1.2 3 54178 6 0 0 2 1 1 1 0.0175 5 1 7.75 3.25 9.04 1.3 10.25 0.05 0.05 0 1.95 0 0 0.7 0.1 0.4 2.8 4.35 3 0.1 2 2 0 0
1 0 1 0 1 0 0 0 0 1 1 0 40 -1 -1 0 1200 1 50 1 50000 10 3 3 1 1 5 0.5 6.9 6.9 4 2.5 1.65 0.6 0.28 2.24 0.0001 1 1.2 3 54178 6 0 0 2 1 1 1 0.04 5 1 4.15 4.15 9.04 1.12 7.325 0.05 0.05 0 1.95 0 0 2.9 0.1 0.4 1.8 0.35 3 0.1 2 2 0 0
1 0 1 0 1 0 0 0 0 1 1 0 40 -1 -1 0 1200 1 50 1 50000 10 3 3 1 1 5 3.5 6.9 6.9 4 2.5 1.65 0.6 0.28 2.24 0.0001 1 1.2 3 54178 6 0 0 2 1 1 1 0.0225 5 1 1.45 3.7 2.32 2.2 16.1 0.05 0.05 0 1.95 0 0 3.1 0.1 0.4 3.2 4.1 3 0.1 2 2 0 0
1 0 1 0 1 0 0 0 0 1 1 0 40 -1 -1 0 1200 1 50 1 50000 10 3 3 1 1 5 5 6.9 6.9 4 2.5 1.65 0.6 0.28 2.24 0.0001 1 1.2 3 54178 6 0 0 2 1 1 1 0.0425 5 1 1 8.65 6.16 0.76 17.075 0.05 0.05 0 1.95 0 0 2.1 0.1 0.4 3.2 1.1 3 0.1 2 2 0 0
1 0 1 0 1 0 0 0 0 1 1 0 40 -1 -1 0 1200 1 50 1 50000 10 3 3 1 1 5 6 6.9 6.9 4 2.5 1.65 0.6 0.28 2.24 0.0001 1 1.2 3 54178 6 0 0 2 1 1 1 0.0225 5 1 2.35 1 9.52 0.4 20 0.05 0.05 0 1.95 0 0 1.7 0.1 0.4 4.8 3.85 3 0.1 2 2 0 0
1 0 1 0 1 0 0 0 0 1 1 0 40 -1 -1 0 1200 1 50 1 50000 10 3 3 1 1 5 7.5 6.9 6.9 4 2.5 1.65 0.6 0.28 2.24 0.0001 1 1.2 3 54178 6 0 0 2 1 1 1 0.0225 5 1 3.7 2.35 5.2 3.28 7.325 0.05 0.05 0 1.95 0 0 0.1 0.1 0.4 4.2 0.6 3 0.1 2 2 0 0
1 0 1 0 1 0 0 0 0 1 1 0 40 -1 -1 0 1200 1 50 1 50000 10 3 3 1 1 5 9.5 6.9 6.9 4 2.5 1.65 0.6 0.28 2.24 0.0001 1 1.2 3 54178 6 0 0 2 1 1 1 0.0075 5 1 7.75 9.1 8.56 3.82 3.425 0.05 0.05 0 1.95 0 0 1.5 0.1 0.4 3.2 0.1 3 0.1 2 2 0 0
1 0 1 0 1 0 0 0 0 1 1 0 40 -1 -1 0 1200 1 50 1 50000 10 3 3 1 1 5 8 6.9 6.9 4 2.5 1.65 0.6 0.28 2.24 0.0001 1 1.2 3 54178 6 0 0 2 1 1 1 0.0475 5 1 1.9 10 2.8 3.82 18.05 0.05 0.05 0 1.95 0 0 2.5 0.1 0.4 2 0.1 3 0.1 2 2 0 0
1 0 1 0 1 0 0 0 0 1 1 0 40 -1 -1 0 1200 1 50 1 50000 10 3 3 1 1 5 2.5 6.9 6.9 4 2.5 1.65 0.6 0.28 2.24 0.0001 1 1.2 3 54178 6 0 0 2 1 1 1 0.01 5 1 1 8.2 5.68 2.74 16.1 0.05 0.05 0 1.95 0 0 0.9 0.1 0.4 1.4 2.35 3 0.1 2 2 0 0
1 0 1 0 1 0 0 0 0 1 1 0 40 -1 -1 0 1200 1 50 1 50000 10 3 3 1 1 5 8 6.9 6.9 4 2.5 1.65 0.6 0.28 2.24 0.0001 1 1.2 3 54178 6 0 0 2 1 1 1 0.05 5 1 8.2 2.35 4.72 0.58 20 0.05 0.05 0 1.95 0 0 0.1 0.1 0.4 4 1.1 3 0.1 2 2 0 0
1 0 1 0 1 0 0 0 0 1 1 0 40 -1 -1 0 1200 1 50 1 50000 10 3 3 1 1 5 0 6.9 6.9 4 2.5 1.65 0.6 0.28 2.24 0.0001 1 1.2 3 54178 6 0 0 2 1 1 1 0.0225 5 1 7.3 6.4 0.88 2.02 7.325 0.05 0.05 0 1.95 0 0 2.9 0.1 0.4 1.6 2.85 3 0.1 2 2 0 0
1 0 1 0 1 0 0 0 0 1 1 0 40 -1 -1 0 1200 1 50 1 50000 10 3 3 1 1 5 0.5 6.9 6.9 4 2.5 1.65 0.6 0.28 2.24 0.0001 1 1.2 3 54178 6 0 0 2 1 1 1 0.0425 5 1 2.35 2.35 6.64 0.4 13.175 0.05 0.05 0 1.95 0 0 2.9 0.1 0.4 5 3.1 3 0.1 2 2 0 0
1 0 1 0 1 0 0 0 0 1 1 0 40 -1 -1 0 1200 1 50 1 50000 10 3 3 1 1 5 4 6.9 6.9 4 2.5 1.65 0.6 0.28 2.24 0.0001 1 1.2 3 54178 6 0 0 2 1 1 1 0.0275 5 1 8.2 6.85 4.24 1.48 7.325 0.05 0.05 0 1.95 0 0 2.3 0.1 0.4 1.2 4.35 3 0.1 2 2 0 0
1 0 1 0 1 0 0 0 0 1 1 0 40 -1 -1 0 1200 1 50 1 50000 10 3 3 1 1 5 4.5 6.9 6.9 4 2.5 1.65 0.6 0.28 2.24 0.0001 1 1.2 3 54178 6 0 0 2 1 1 1 0.04 5 1 1 10 8.08 2.56 1.475 0.05 0.05 0 1.95 0 0 3.5 0.1 0.4 4.6 3.85 3 0.1 2 2 0 0
1 0 1 0 1 0 0 0 0 1 1 0 40 -1 -1 0 1200 1 50 1 50000 10 3 3 1 1 5 1 6.9 6.9 4 2.5 1.65 0.6 0.28 2.24 0.0001 1 1.2 3 54178 6 0 0 2 1 1 1 0.045 5 1 6.4 5.5 0.4 4 14.15 0.05 0.05 0 1.95 0 0 0.1 0.1 0.4 2.4 0.1 3 0.1 2 2 0 0
1 0 1 0 1 0 0 0 0 1 1 0 40 -1 -1 0 1200 1 50 1 50000 10 3 3 1 1 5 9.5 6.9 6.9 4 2.5 1.65 0.6 0.28 2.24 0.0001 1 1.2 3 54178 6 0 0 2 1 1 1 0.015 5 1 7.3 6.4 1.36 3.82 7.325 0.05 0.05 0 1.95 0 0 4.1 0.1 0.4 5 2.1 3 0.1 2 2 0 0
1 0 1 0 1 0 0 0 0 1 1 0 40 -1 -1 0 1200 1 50 1 50000 10 3 3 1 1 5 10 6.9 6.9 4 2.5 1.65 0.6 0.28 2.24 0.0001 1 1.2 3 54178 6 0 0 2 1 1 1 0.05 5 1 2.8 6.85 0.4 1.66 1.475 0.05 0.05 0 1.95 0 0 2.1 0.1 0.4 4.8 3.85 3 0.1 2 2 0 0
1 0 1 0 1 0 0 0 0 1 1 0 40 -1 -1 0 1200 1 50 1 50000 10 3 3 1 1 5 9 6.9 6.9 4 2.5 1.65 0.6 0.28 2.24 0.0001 1 1.2 3 54178 6 0 0 2 1 1 1 0.0375 5 1 9.55 9.55 8.08 1.48 18.05 0.05 0.05 0 1.95 0 0 0.9 0.1 0.4 2.2 2.35 3 0.1 2 2 0 0
1 0 1 0 1 0 0 0 0 1 1 0 40 -1 -1 0 1200 1 50 1 50000 10 3 3 1 1 5 2 6.9 6.9 4 2.5 1.65 0.6 0.28 2.24 0.0001 1 1.2 3 54178 6 0 0 2 1 1 1 0.0225 5 1 7.75 6.4 7.12 2.2 7.325 0.05 0.05 0 1.95 0 0 3.5 0.1 0.4 4.4 2.85 3 0.1 2 2 0 0
1 0 1 0 1 0 0 0 0 1 1 0 40 -1 -1 0 1200 1 50 1 50000 10 3 3 1 1 5 9.5 6.9 6.9 4 2.5 1.65 0.6 0.28 2.24 0.0001 1 1.2 3 54178 6 0 0 2 1 1 1 0.0325 5 1 1 7.3 10 0.4 19.025 0.05 0.05 0 1.95 0 0 2.1 0.1 0.4 1.4 4.85 3 0.1 2 2 0 0
1 0 1 0 1 0 0 0 0 1 1 0 40 -1 -1 0 1200 1 50 1 50000 10 3 3 1 1 5 2 6.9 6.9 4 2.5 1.65 0.6 0.28 2.24 0.0001 1 1.2 3 54178 6 0 0 2 1 1 1 0.02 5 1 8.2 7.75 5.2 1.48 0.5 0.05 0.05 0 1.95 0 0 2.5 0.1 0.4 3.4 0.35 3 0.1 2 2 0 0
1 0 1 0 1 0 0 0 0 1 1 0 40 -1 -1 0 1200 1 50 1 50000 10 3 3 1 1 5 6.5 6.9 6.9 4 2.5 1.65 0.6 0.28 2.24 0.0001 1 1.2 3 54178 6 0 0 2 1 1 1 0.015 5 1 1.9 6.85 2.8 3.64 18.05 0.05 0.05 0 1.95 0 0 3.7 0.1 0.4 4.8 4.1 3 0.1 2 2 0 0
1 0 1 0 1 0 0 0 0 1 1 0 40 -1 -1 0 1200 1 50 1 50000 10 3 3 1 1 5 9 6.9 6.9 4 2.5 1.65 0.6 0.28 2.24 0.0001 1 1.2 3 54178 6 0 0 2 1 1 1 0.0275 5 1 10 6.4 9.52 3.46 2.45 0.05 0.05 0 1.95 0 0 1.5 0.1 0.4 4.2 3.35 3 0.1 2 2 0 0
1 0 1 0 1 0 0 0 0 1 1 0 40 -1 -1 0 1200 1 50 1 50000 10 3 3 1 1 5 7.5 6.9 6.9 4 2.5 1.65 0.6 0.28 2.24 0.0001 1 1.2 3 54178 6 0 0 2 1 1 1 0.05 5 1 4.6 6.85 7.6 0.58 12.2 0.05 0.05 0 1.95 0 0 1.9 0.1 0.4 4.8 4.85 3 0.1 2 2 0 0
1 0 1 0 1 0 0 0 0 1 1 0 40 -1 -1 0 1200 1 50 1 50000 10 3 3 1 1 5 8.5 6.9 6.9 4 2.5 1.65 0.6 0.28 2.24 0.0001 1 1.2 3 54178 6 0 0 2 1 1 1 0.03 5 1 9.55 7.75 8.56 2.92 17.075 0.05 0.05 0 1.95 0 0 0.1 0.1 0.4 3 3.1 3 0.1 2 2 0 0
1 0 1 0 1 0 0 0 0 1 1 0 40 -1 -1 0 1200 1 50 1 50000 10 3 3 1 1 5 10 6.9 6.9 4 2.5 1.65 0.6 0.28 2.24 0.0001 1 1.2 3 54178 6 0 0 2 1 1 1 0.0225 5 1 8.65 8.65 10 3.82 8.3 0.05 0.05 0 1.95 0 0 2.3 0.1 0.4 3.8 3.85 3 0.1 2 2 0 0
1 0 1 0 1 0 0 0 0 1 1 0 40 -1 -1 0 1200 1 50 1 50000 10 3 3 1 1 5 7 6.9 6.9 4 2.5 1.65 0.6 0.28 2.24 0.0001 1 1.2 3 54178 6 0 0 2 1 1 1 0.035 5 1 3.25 7.75 8.56 1.66 16.1 0.05 0.05 0 1.95 0 0 2.5 0.1 0.4 2.6 3.85 3 0.1 2 2 0 0
1 0 1 0 1 0 0 0 0 1 1 0 40 -1 -1 0 1200 1 50 1 50000 10 3 3 1 1 5 3 6.9 6.9 4 2.5 1.65 0.6 0.28 2.24 0.0001 1 1.2 3 54178 6 0 0 2 1 1 1 0.015 5 1 9.1 1.9 9.04 0.76 7.325 0.05 0.05 0 1.95 0 0 0.7 0.1 0.4 1.6 1.1 3 0.1 2 2 0 0
1 0 1 0 1 0 0 0 0 1 1 0 40 -1 -1 0 1200 1 50 1 50000 10 3 3 1 1 5 1 6.9 6.9 4 2.5 1.65 0.6 0.28 2.24 0.0001 1 1.2 3 54178 6 0 0 2 1 1 1 0.0425 5 1 8.65 4.6 3.28 1.3 18.05 0.05 0.05 0 1.95 0 0 3.1 0.1 0.4 3.4 4.1 3 0.1 2 2 0 0
1 0 1 0 1 0 0 0 0 1 1 0 40 -1 -1 0 1200 1 50 1 50000 10 3 3 1 1 5 5 6.9 6.9 4 2.5 1.65 0.6 0.28 2.24 0.0001 1 1.2 3 54178 6 0 0 2 1 1 1 0.03 5 1 2.35 1.9 9.04 3.46 15.125 0.05 0.05 0 1.95 0 0 0.3 0.1 0.4 2.2 3.35 3 0.1 2 2 0 0
1 0 1 0 1 0 0 0 0 1 1 0 40 -1 -1 0 1200 1 50 1 50000 10 3 3 1 1 5 5.5 6.9 6.9 4 2.5 1.65 0.6 0.28 2.24 0.0001 1 1.2 3 54178 6 0 0 2 1 1 1 0.0275 5 1 8.2 2.8 3.28 3.1 9.275 0.05 0.05 0 1.95 0 0 3.1 0.1 0.4 4.6 4.1 3 0.1 2 2 0 0
1 0 1 0 1 0 0 0 0 1 1 0 40 -1 -1 0 1200 1 50 1 50000 10 3 3 1 1 5 2.5 6.9 6.9 4 2.5 1.65 0.6 0.28 2.24 0.0001 1 1.2 3 54178 6 0 0 2 1 1 1 0.0175 5 1 7.3 7.75 2.32 3.28 4.4 0.05 0.05 0 1.95 0 0 0.9 0.1 0.4 1.2 1.35 3 0.1 2 2 0 0
1 0 1 0 1 0 0 0 0 1 1 0 40 -1 -1 0 1200 1 50 1 50000 10 3 3 1 1 5 3.5 6.9 6.9 4 2.5 1.65 0.6 0.28 2.24 0.0001 1 1.2 3 54178 6 0 0 2 1 1 1 0.0175 5 1 4.6 3.25 0.4 3.1 0.5 0.05 0.05 0 1.95 0 0 0.5 0.1 0.4 2.2 0.85 3 0.1 2 2 0 0
1 0 1 0 1 0 0 0 0 1 1 0 40 -1 -1 0 1200 1 50 1 50000 10 3 3 1 1 5 7.5 6.9 6.9 4 2.5 1.65 0.6 0.28 2.24 0.0001 1 1.2 3 54178 6 0 0 2 1 1 1 0.0075 5 1 1.45 1 7.12 0.4 16.1 0.05 0.05 0 1.95 0 0 1.9 0.1 0.4 1 0.35 3 0.1 2 2 0 0
1 0 1 0 1 0 0 0 0 1 1 0 40 -1 -1 0 1200 1 50 1 50000 10 3 3 1 1 5 0 6.9 6.9 4 2.5 1.65 0.6 0.28 2.24 0.0001 1 1.2 3 54178 6 0 0 2 1 1 1 0.045 5 1 6.85 6.85 9.04 3.64 15.125 0.05 0.05 0 1.95 0 0 2.3 0.1 0.4 1 2.6 3 0.1 2 2 0 0
1 0 1 0 1 0 0 0 0 1 1 0 40 -1 -1 0 1200 1 50 1 50000 10 3 3 1 1 5 3.5 6.9 6.9 4 2.5 1.65 0.6 0.28 2.24 0.0001 1 1.2 3 54178 6 0 0 2 1 1 1 0.0475 5 1 9.1 1.45 3.28 2.2 16.1 0.05 0.05 0 1.95 0 0 2.1 0.1 0.4 4.6 2.1 3 0.1 2 2 0 0
1 0 1 0 1 0 0 0 0 1 1 0 40 -1 -1 0 1200 1 50 1 50000 10 3 3 1 1 5 1.5 6.9 6.9 4 2.5 1.65 0.6 0.28 2.24 0.0001 1 1.2 3 54178 6 0 0 2 1 1 1 0.005 5 1 5.5 4.6 1.84 3.1 3.425 0.05 0.05 0 1.95 0 0 2.5 0.1 0.4 4 0.6 3 0.1 2 2 0 0
1 0 1 0 1 0 0 0 0 1 1 0 40 -1 -1 0 1200 1 50 1 50000 10 3 3 1 1 5 9.5 6.9 6.9 4 2.5 1.65 0.6 0.28 2.24 0.0001 1 1.2 3 54178 6 0 0 2 1 1 1 0.03 5 1 5.5 1.45 2.32 0.4 8.3 0.05 0.05 0 1.95 0 0 3.7 0.1 0.4 2 3.35 3 0.1 2 2 0 0
1 0 1 0 1 0 0 0 0 1 1 0 40 -1 -1 0 1200 1 50 1 50000 10 3 3 1 1 5 8.5 6.9 6.9 4 2.5 1.65 0.6 0.28 2.24 0.0001 1 1.2 3 54178 6 0 0 2 1 1 1 0.0475 5 1 9.55 3.25 9.52 3.82 12.2 0.05 0.05 0 1.95 0 0 3.9 0.1 0.4 1 3.85 3 0.1 2 2 0 0
1 0 1 0 1 0 0 0 0 1 1 0 40 -1 -1 0 1200 1 50 1 50000 10 3 3 1 1 5 7 6.9 6.9 4 2.5 1.65 0.6 0.28 2.24 0.0001 1 1.2 3 54178 6 0 0 2 1 1 1 0.0325 5 1 1.9 9.1 0.88 2.92 19.025 0.05 0.05 0 1.95 0 0 2.9 0.1 0.4 4.2 4.35 3 0.1 2 2 0 0
1 0 1 0 1 0 0 0 0 1 1 0 40 -1 -1 0 1200 1 50 1 50000 10 3 3 1 1 5 5.5 6.9 6.9 4 2.5 1.65 0.6 0.28 2.24 0.0001 1 1.2 3 54178 6 0 0 2 1 1 1 0.0075 5 1 2.8 6.85 0.4 0.94 16.1 0.05 0.05 0 1.95 0 0 1.1 0.1 0.4 2.8 0.35 3 0.1 2 2 0 0
1 0 1 0 1 0 0 0 0 1 1 0 40 -1 -1 0 1200 1 50 1 50000 10 3 3 1 1 5 10 6.9 6.9 4 2.5 1.65 0.6 0.28 2.24 0.0001 1 1.2 3 54178 6 0 0 2 1 1 1 0.0175 5 1 6.85 5.5 9.04 3.46 8.3 0.05 0.05 0 1.95 0 0 4.1 0.1 0.4 2 4.35 3 0.1 2 2 0 0
1 0 1 0 1 0 0 0 0 1 1 0 40 -1 -1 0 1200 1 50 1 50000 10 3 3 1 1 5 0 6.9 6.9 4 2.5 1.65 0.6 0.28 2.24 0.0001 1 1.2 3 54178 6 0 0 2 1 1 1 0 5 1 5.95 7.75 2.32 2.2 19.025 0.05 0.05 0 1.95 0 0 0.9 0.1 0.4 1 2.1 3 0.1 2 2 0 0
1 0 1 0 1 0 0 0 0 1 1 0 40 -1 -1 0 1200 1 50 1 50000 10 3 3 1 1 5 2 6.9 6.9 4 2.5 1.65 0.6 0.28 2.24 0.0001 1 1.2 3 54178 6 0 0 2 1 1 1 0 5 1 5.5 9.1 5.68 2.74 20 0.05 0.05 0 1.95 0 0 4.1 0.1 0.4 4.6 1.1 3 0.1 2 2 0 0
1 0 1 0 1 0 0 0 0 1 1 0 40 -1 -1 0 1200 1 50 1 50000 10 3 3 1 1 5 7.5 6.9 6.9 4 2.5 1.65 0.6 0.28 2.24 0.0001 1 1.2 3 54178 6 0 0 2 1 1 1 0.0125 5 1 8.65 7.3 0.4 3.64 19.025 0.05 0.05 0 1.95 0 0 2.3 0.1 0.4 1.2 3.1 3 0.1 2 2 0 0
1 0 1 0 1 0 0 0 0 1 1 0 40 -1 -1 0 1200 1 50 1 50000 10 3 3 1 1 5 8.5 6.9 6.9 4 2.5 1.65 0.6 0.28 2.24 0.0001 1 1.2 3 54178 6 0 0 2 1 1 1 0.025 5 1 7.3 1.45 0.4 2.2 13.175 0.05 0.05 0 1.95 0 0 3.3 0.1 0.4 2.4 0.1 3 0.1 2 2 0 0
1 0 1 0 1 0 0 0 0 1 1 0 40 -1 -1 0 1200 1 50 1 50000 10 3 3 1 1 5 4.5 6.9 6.9 4 2.5 1.65 0.6 0.28 2.24 0.0001 1 1.2 3 54178 6 0 0 2 1 1 1 0.04 5 1 1.9 6.4 1.84 3.64 7.325 0.05 0.05 0 1.95 0 0 0.5 0.1 0.4 3 4.35 3 0.1 2 2 0 0
1 0 1 0 1 0 0 0 0 1 1 0 40 -1 -1 0 1200 1 50 1 50000 10 3 3 1 1 5 3 6.9 6.9 4 2.5 1.65 0.6 0.28 2.24 0.0001 1 1.2 3 54178 6 0 0 2 1 1 1 0.01 5 1 1 7.75 1.84 2.02 3.425 0.05 0.05 0 1.95 0 0 3.7 0.1 0.4 3 0.35 3 0.1 2 2 0 0
1 0 1 0 1 0 0 0 0 1 1 0 40 -1 -1 0 1200 1 50 1 50000 10 3 3 1 1 5 1.5 6.9 6.9 4 2.5 1.65 0.6 0.28 2.24 0.0001 1 1.2 3 54178 6 0 0 2 1 1 1 0.0325 5 1 2.35 9.55 2.32 0.4 5.375 0.05 0.05 0 1.95 0 0 3.3 0.1 0.4 1.2 4.6 3 0.1 2 2 0 0
1 0 1 0 1 0 0 0 0 1 1 0 40 -1 -1 0 1200 1 50 1 50000 10 3 3 1 1 5 9.5 6.9 6.9 4 2.5 1.65 0.6 0.28 2.24 0.0001 1 1.2 3 54178 6 0 0 2 1 1 1 0.03 5 1 1 5.95 8.08 1.48 19.025 0.05 0.05 0 1.95 0 0 0.3 0.1 0.4 2.8 0.1 3 0.1 2 2 0 0
1 0 1 0 1 0 0 0 0 1 1 0 40 -1 -1 0 1200 1 50 1 50000 10 3 3 1 1 5 4.5 6.9 6.9 4 2.5 1.65 0.6 0.28 2.24 0.0001 1 1.2 3 54178 6 0 0 2 1 1 1 0.0425 5 1 7.75 4.6 5.2 4 15.125 0.05 0.05 0 1.95 0 0 2.9 0.1 0.4 2.4 4.85 3 0.1 2 2 0 0
1 0 1 0 1 0 0 0 0 1 1 0 40 -1 -1 0 1200 1 50 1 50000 10 3 3 1 1 5 7.5 6.9 6.9 4 2.5 1.65 0.6 0.28 2.24 0.0001 1 1.2 3 54178 6 0 0 2 1 1 1 0.045 5 1 7.3 1.45 7.6 0.76 14.15 0.05 0.05 0 1.95 0 0 2.7 0.1 0.4 4.2 2.85 3 0.1 2 2 0 0
1 0 1 0 1 0 0 0 0 1 1 0 40 -1 -1 0 1200 1 50 1 50000 10 3 3 1 1 5 7 6.9 6.9 4 2.5 1.65 0.6 0.28 2.24 0.0001 1 1.2 3 54178 6 0 0 2 1 1 1 0.015 5 1 9.55 9.1 8.08 1.66 16.1 0.05 0.05 0 1.95 0 0 0.9 0.1 0.4 1.4 3.35 3 0.1 2 2 0 0
1 0 1 0 1 0 0 0 0 1 1 0 40 -1 -1 0 1200 1 50 1 50000 10 3 3 1 1 5 8 6.9 6.9 4 2.5 1.65 0.6 0.28 2.24 0.0001 1 1.2 3 54178 6 0 0 2 1 1 1 0.0275 5 1 2.8 1.45 0.4 3.82 19.025 0.05 0.05 0 1.95 0 0 3.5 0.1 0.4 5 4.85 3 0.1 2 2 0 0
1 0 1 0 1 0 0 0 0 1 1 0 40 -1 -1 0 1200 1 50 1 50000 10 3 3 1 1 5 1 6.9 6.9 4 2.5 1.65 0.6 0.28 2.24 0.0001 1 1.2 3 54178 6 0 0 2 1 1 1 0.02 5 1 7.75 7.75 5.2 0.58 15.125 0.05 0.05 0 1.95 0 0 3.5 0.1 0.4 2.2 1.35 3 0.1 2 2 0 0
1 0 1 0 1 0 0 0 0 1 1 0 40 -1 -1 0 1200 1 50 1 50000 10 3 3 1 1 5 10 6.9 6.9 4 2.5 1.65 0.6 0.28 2.24 0.0001 1 1.2 3 54178 6 0 0 2 1 1 1 0.02 5 1 4.6 8.2 7.12 4 10.25 0.05 0.05 0 1.95 0 0 4.1 0.1 0.4 2 3.6 3 0.1 2 2 0 0
1 0 1 0 1 0 0 0 0 1 1 0 40 -1 -1 0 1200 1 50 1 50000 10 3 3 1 1 5 6.5 6.9 6.9 4 2.5 1.65 0.6 0.28 2.24 0.0001 1 1.2 3 54178 6 0 0 2 1 1 1 0.03 5 1 9.55 7.3 6.16 0.58 17.075 0.05 0.05 0 1.95 0 0 0.3 0.1 0.4 2.4 4.1 3 0.1 2 2 0 0
1 0 1 0 1 0 0 0 0 1 1 0 40 -1 -1 0 1200 1 50 1 50000 10 3 3 1 1 5 3 6.9 6.9 4 2.5 1.65 0.6 0.28 2.24 0.0001 1 1.2 3 54178 6 0 0 2 1 1 1 0.0425 5 1 1.45 1.9 1.84 1.3 4.4 0.05 0.05 0 1.95 0 0 1.5 0.1 0.4 3.4 2.6 3 0.1 2 2 0 0
1 0 1 0 1 0 0 0 0 1 1 0 40 -1 -1 0 1200 1 50 1 50000 10 3 3 1 1 5 2.5 6.9 6.9 4 2.5 1.65 0.6 0.28 2.24 0.0001 1 1.2 3 54178 6 0 0 2 1 1 1 0.0375 5 1 1.9 8.65 7.12 1.12 12.2 0.05 0.05 0 1.95 0 0 2.9 0.1 0.4 2.6 1.35 3 0.1 2 2 0 0
1 0 1 0 1 0 0 0 0 1 1 0 40 -1 -1 0 1200 1 50 1 50000 10 3 3 1 1 5 3 6.9 6.9 4 2.5 1.65 0.6 0.28 2.24 0.0001 1 1.2 3 54178 6 0 0 2 1 1 1 0.04 5 1 6.4 4.15 8.56 0.76 7.325 0.05 0.05 0 1.95 0 0 3.9 0.1 0.4 4.4 5.1 3 0.1 2 2 0 0
1 0 1 0 1 0 0 0 0 1 1 0 40 -1 -1 0 1200 1 50 1 50000 10 3 3 1 1 5 3 6.9 6.9 4 2.5 1.65 0.6 0.28 2.24 0.0001 1 1.2 3 54178 6 0 0 2 1 1 1 0 5 1 6.85 1.9 6.64 3.1 0.5 0.05 0.05 0 1.95 0 0 4.1 0.1 0.4 4 3.35 3 0.1 2 2 0 0
1 0 1 0 1 0 0 0 0 1 1 0 40 -1 -1 0 1200 1 50 1 50000 10 3 3 1 1 5 5 6.9 6.9 4 2.5 1.65 0.6 0.28 2.24 0.0001 1 1.2 3 54178 6 0 0 2 1 1 1 0 5 1 9.1 4.15 6.16 2.02 4.4 0.05 0.05 0 1.95 0 0 2.5 0.1 0.4 4.8 0.35 3 0.1 2 2 0 0
1 0 1 0 1 0 0 0 0 1 1 0 40 -1 -1 0 1200 1 50 1 50000 10 3 3 1 1 5 10 6.9 6.9 4 2.5 1.65 0.6 0.28 2.24 0.0001 1 1.2 3 54178 6 0 0 2 1 1 1 0.0125 5 1 3.25 5.5 0.4 3.28 3.425 0.05 0.05 0 1.95 0 0 1.7 0.1 0.4 3.2 1.35 3 0.1 2 2 0 0
1 0 1 0 1 0 0 0 0 1 1 0 40 -1 -1 0 1200 1 50 1 50000 10 3 3 1 1 5 8 6.9 6.9 4 2.5 1.65 0.6 0.28 2.24 0.0001 1 1.2 3 54178 6 0 0 2 1 1 1 0.005 5 1 2.35 10 8.08 2.74 12.2 0.05 0.05 0 1.95 0 0 3.7 0.1 0.4 4.6 4.35 3 0.1 2 2 0 0
1 0 1 0 1 0 0 0 0 1 1 0 40 -1 -1 0 1200 1 50 1 50000 10 3 3 1 1 5 0 6.9 6.9 4 2.5 1.65 0.6 0.28 2.24 0.0001 1 1.2 3 54178 6 0 0 2 1 1 1 0 5 1 7.75 1.9 9.52 3.82 16.1 0.05 0.05 0 1.95 0 0 3.3 0.1 0.4 3.2 2.85 3 0.1 2 2 0 0
1 0 1 0 1 0 0 0 0 1 1 0 40 -1 -1 0 1200 1 50 1 50000 10 3 3 1 1 5 0 6.9 6.9 4 2.5 1.65 0.6 0.28 2.24 0.0001 1 1.2 3 54178 6 0 0 2 1 1 1 0.015 5 1 10 9.1 10 1.84 20 0.05 0.05 0 1.95 0 0 0.7 0.1 0.4 4.6 2.35 3 0.1 2 2 0 0
1 0 1 0 1 0 0 0 0 1 1 0 40 -1 -1 0 1200 1 50 1 50000 10 3 3 1 1 5 9 6.9 6.9 4 2.5 1.65 0.6 0.28 2.24 0.0001 1 1.2 3 54178 6 0 0 2 1 1 1 0 5 1 5.95 10 6.16 0.4 14.15 0.05 0.05 0 1.95 0 0 1.7 0.1 0.4 1.4 3.6 3 0.1 2 2 0 0
1 0 1 0 1 0 0 0 0 1 1 0 40 -1 -1 0 1200 1 50 1 50000 10 3 3 1 1 5 5 6.9 6.9 4 2.5 1.65 0.6 0.28 2.24 0.0001 1 1.2 3 54178 6 0 0 2 1 1 1 0.035 5 1 5.5 4.6 3.28 3.82 16.1 0.05 0.05 0 1.95 0 0 4.1 0.1 0.4 3.8 2.6 3 0.1 2 2 0 0
1 0 1 0 1 0 0 0 0 1 1 0 40 -1 -1 0 1200 1 50 1 50000 10 3 3 1 1 5 7.5 6.9 6.9 4 2.5 1.65 0.6 0.28 2.24 0.0001 1 1.2 3 54178 6 0 0 2 1 1 1 0.0375 5 1 3.7 9.55 8.56 2.38 4.4 0.05 0.05 0 1.95 0 0 3.3 0.1 0.4 3.6 2.35 3 0.1 2 2 0 0
1 0 1 0 1 0 0 0 0 1 1 0 40 -1 -1 0 1200 1 50 1 50000 10 3 3 1 1 5 5 6.9 6.9 4 2.5 1.65 0.6 0.28 2.24 0.0001 1 1.2 3 54178 6 0 0 2 1 1 1 0.0225 5 1 1 9.1 5.2 2.38 16.1 0.05 0.05 0 1.95 0 0 0.3 0.1 0.4 4.8 1.1 3 0.1 2 2 0 0
1 0 1 0 1 0 0 0 0 1 1 0 40 -1 -1 0 1200 1 50 1 50000 10 3 3 1 1 5 1 6.9 6.9 4 2.5 1.65 0.6 0.28 2.24 0.0001 1 1.2 3 54178 6 0 0 2 1 1 1 0.0175 5 1 6.85 1 9.04 0.76 7.325 0.05 0.05 0 1.95 0 0 4.1 0.1 0.4 4 2.6 3 0.1 2 2 0 0
1 0 1 0 1 0 0 0 0 1 1 0 40 -1 -1 0 1200 1 50 1 50000 10 3 3 1 1 5 5.5 6.9 6.9 4 2.5 1.65 0.6 0.28 2.24 0.0001 1 1.2 3 54178 6 0 0 2 1 1 1 0.0425 5 1 8.2 4.15 0.88 2.74 6.35 0.05 0.05 0 1.95 0 0 0.3 0.1 0.4 5 5.1 3 0.1 2 2 0 0
1 0 1 0 1 0 0 0 0 1 1 0 40 -1 -1 0 1200 1 50 1 50000 10 3 3 1 1 5 3.5 6.9 6.9 4 2.5 1.65 0.6 0.28 2.24 0.0001 1 1.2 3 54178 6 0 0 2 1 1 1 0.005 5 1 9.1 7.3 9.52 2.02 20 0.05 0.05 0 1.95 0 0 3.7 0.1 0.4 4 1.35 3 0.1 2 2 0 0
1 0 1 0 1 0 0 0 0 1 1 0 40 -1 -1 0 1200 1 50 1 50000 10 3 3 1 1 5 7 6.9 6.9 4 2.5 1.65 0.6 0.28 2.24 0.0001 1 1.2 3 54178 6 0 0 2 1 1 1 0.0375 5 1 4.15 8.65 4.72 0.4 12.2 0.05 0.05 0 1.95 0 0 0.3 0.1 0.4 3.2 1.35 3 0.1 2 2 0 0
1 0 1 0 1 0 0 0 0 1 1 0 40 -1 -1 0 1200 1 50 1 50000 10 3 3 1 1 5 4.5 6.9 6.9 4 2.5 1.65 0.6 0.28 2.24 0.0001 1 1.2 3 54178 6 0 0 2 1 1 1 0.035 5 1 6.4 4.15 6.16 3.28 0.5 0.05 0.05 0 1.95 0 0 2.1 0.1 0.4 4.2 0.35 3 0.1 2 2 0 0
1 0 1 0 1 0 0 0 0 1 1 0 40 -1 -1 0 1200 1 50 1 50000 10 3 3 1 1 5 7.5 6.9 6.9 4 2.5 1.65 0.6 0.28 2.24 0.0001 1 1.2 3 54178 6 0 0 2 1 1 1 0.0375 5 1 5.05 5.05 2.32 0.76 14.15 0.05 0.05 0 1.95 0 0 2.9 0.1 0.4 3.8 3.6 3 0.1 2 2 0 0
1 0 1 0 1 0 0 0 0 1 1 0 40 -1 -1 0 1200 1 50 1 50000 10 3 3 1 1 5 7 6.9 6.9 4 2.5 1.65 0.6 0.28 2.24 0.0001 1 1.2 3 54178 6 0 0 2 1 1 1 0 5 1 7.75 5.05 3.28 2.56 6.35 0.05 0.05 0 1.95 0 0 1.9 0.1 0.4 2.6 0.85 3 0.1 2 2 0 0
1 0 1 0 1 0 0 0 0 1 1 0 40 -1 -1 0 1200 1 50 1 50000 10 3 3 1 1 5 10 6.9 6.9 4 2.5 1.65 0.6 0.28 2.24 0.0001 1 1.2 3 54178 6 0 0 2 1 1 1 0.0375 5 1 4.6 4.15 5.2 3.46 20 0.05 0.05 0 1.95 0 0 0.3 0.1 0.4 2 2.35 3 0.1 2 2 0 0
1 0 1 0 1 0 0 0 0 1 1 0 40 -1 -1 0 1200 1 50 1 50000 10 3 3 1 1 5 8 6.9 6.9 4 2.5 1.65 0.6 0.28 2.24 0.0001 1 1.2 3 54178 6 0 0 2 1 1 1 0.0075 5 1 7.75 8.65 9.52 2.92 4.4 0.05 0.05 0 1.95 0 0 1.7 0.1 0.4 1.2 4.1 3 0.1 2 2 0 0
1 0 1 0 1 0 0 0 0 1 1 0 40 -1 -1 0 1200 1 50 1 50000 10 3 3 1 1 5 1 6.9 6.9 4 2.5 1.65 0.6 0.28 2.24 0.0001 1 1.2 3 54178 6 0 0 2 1 1 1 0 5 1 2.35 1.9 8.08 2.74 17.075 0.05 0.05 0 1.95 0 0 4.1 0.1 0.4 2.2 1.85 3 0.1 2 2 0 0
1 0 1 0 1 0 0 0 0 1 1 0 40 -1 -1 0 1200 1 50 1 50000 10 3 3 1 1 5 4 6.9 6.9 4 2.5 1.65 0.6 0.28 2.24 0.0001 1 1.2 3 54178 6 0 0 2 1 1 1 0.0325 5 1 5.95 9.55 5.2 1.12 19.025 0.05 0.05 0 1.95 0 0 0.9 0.1 0.4 2.8 0.6 3 0.1 2 2 0 0
1 0 1 0 1 0 0 0 0 1 1 0 40 -1 -1 0 1200 1 50 1 50000 10 3 3 1 1 5 4.5 6.9 6.9 4 2.5 1.65 0.6 0.28 2.24 0.0001 1 1.2 3 54178 6 0 0 2 1 1 1 0.0275 5 1 5.05 9.1 9.52 3.28 1.475 0.05 0.05 0 1.95 0 0 1.1 0.1 0.4 3.6 3.6 3 0.1 2 2 0 0
1 0 1 0 1 0 0 0 0 1 1 0 40 -1 -1 0 1200 1 50 1 50000 10 3 3 1 1 5 9.5 6.9 6.9 4 2.5 1.65 0.6 0.28 2.24 0.0001 1 1.2 3 54178 6 0 0 2 1 1 1 0.04 5 1 9.55 9.55 5.68 2.92 9.275 0.05 0.05 0 1.95 0 0 4.1 0.1 0.4 1.6 3.35 3 0.1 2 2 0 0
1 0 1 0 1 0 0 0 0 1 1 0 40 -1 -1 0 1200 1 50 1 50000 10 3 3 1 1 5 2 6.9 6.9 4 2.5 1.65 0.6 0.28 2.24 0.0001 1 1.2 3 54178 6 0 0 2 1 1 1 0.0425 5 1 1.45 3.7 9.04 3.1 1.475 0.05 0.05 0 1.95 0 0 3.3 0.1 0.4 1 3.1 3 0.1 2 2 0 0
1 0 1 0 1 0 0 0 0 1 1 0 40 -1 -1 0 1200 1 50 1 50000 10 3 3 1 1 5 4.5 6.9 6.9 4 2.5 1.65 0.6 0.28 2.24 0.0001 1 1.2 3 54178 6 0 0 2 1 1 1 0.0025 5 1 5.5 8.2 1.36 3.82 18.05 0.05 0.05 0 1.95 0 0 3.3 0.1 0.4 4.2 2.85 3 0.1 2 2 0 0
1 0 1 0 1 0 0 0 0 1 1 0 40 -1 -1 0 1200 1 50 1 50000 10 3 3 1 1 5 6.5 6.9 6.9 4 2.5 1.65 0.6 0.28 2.24 0.0001 1 1.2 3 54178 6 0 0 2 1 1 1 0.0225 5 1 1 1.9 6.64 0.94 2.45 0.05 0.05 0 1.95 0 0 0.7 0.1 0.4 3.2 0.85 3 0.1 2 2 0 0
1 0 1 0 1 0 0 0 0 1 1 0 40 -1 -1 0 1200 1 50 1 50000 10 3 3 1 1 5 9.5 6.9 6.9 4 2.5 1.65 0.6 0.28 2.24 0.0001 1 1.2 3 54178 6 0 0 2 1 1 1 0.03 5 1 2.8 9.1 5.2 2.74 1.475 0.05 0.05 0 1.95 0 0 1.3 0.1 0.4 4 0.1 3 0.1 2 2 0 0
1 0 1 0 1 0 0 0 0 1 1 0 40 -1 -1 0 1200 1 50 1 50000 10 3 3 1 1 5 4 6.9 6.9 4 2.5 1.65 0.6 0.28 2.24 0.0001 1 1.2 3 54178 6 0 0 2 1 1 1 0.0025 5 1 5.05 7.3 7.12 2.56 18.05 0.05 0.05 0 1.95 0 0 0.1 0.1 0.4 4.6 3.85 3 0.1 2 2 0 0
1 0 1 0 1 0 0 0 0 1 1 0 40 -1 -1 0 1200 1 50 1 50000 10 3 3 1 1 5 7 6.9 6.9 4 2.5 1.65 0.6 0.28 2.24 0.0001 1 1.2 3 54178 6 0 0 2 1 1 1 0.035 5 1 1 1.9 7.12 2.92 17.075 0.05 0.05 0 1.95 0 0 3.1 0.1 0.4 3.6 5.1 3 0.1 2 2 0 0
1 0 1 0 1 0 0 0 0 1 1 0 40 -1 -1 0 1200 1 50 1 50000 10 3 3 1 1 5 7 6.9 6.9 4 2.5 1.65 0.6 0.28 2.24 0.0001 1 1.2 3 54178 6 0 0 2 1 1 1 0.035 5 1 2.35 5.5 6.64 2.92 6.35 0.05 0.05 0 1.95 0 0 0.5 0.1 0.4 1 1.6 3 0.1 2 2 0 0
1 0 1 0 1 0 0 0 0 1 1 0 40 -1 -1 0 1200 1 50 1 50000 10 3 3 1 1 5 9 6.9 6.9 4 2.5 1.65 0.6 0.28 2.24 0.0001 1 1.2 3 54178 6 0 0 2 1 1 1 0.0375 5 1 5.5 1.9 7.6 0.58 12.2 0.05 0.05 0 1.95 0 0 1.7 0.1 0.4 4.8 4.1 3 0.1 2 2 0 0
1 0 1 0 1 0 0 0 0 1 1 0 40 -1 -1 0 1200 1 50 1 50000 10 3 3 1 1 5 7 6.9 6.9 4 2.5 1.65 0.6 0.28 2.24 0.0001 1 1.2 3 54178 6 0 0 2 1 1 1 0.05 5 1 1 1 2.8 0.4 19.025 0.05 0.05 0 1.95 0 0 2.5 0.1 0.4 3 2.1 3 0.1 2 2 0 0
1 0 1 0 1 0 0 0 0 1 1 0 40 -1 -1 0 1200 1 50 1 50000 10 3 3 1 1 5 5 6.9 6.9 4 2.5 1.65 0.6 0.28 2.24 0.0001 1 1.2 3 54178 6 0 0 2 1 1 1 0.0475 5 1 5.95 7.3 0.4 0.76 5.375 0.05 0.05 0 1.95 0 0 2.5 0.1 0.4 1.4 0.85 3 0.1 2 2 0 0
1 0 1 0 1 0 0 0 0 1 1 0 40 -1 -1 0 1200 1 50 1 50000 10 3 3 1 1 5 9 6.9 6.9 4 2.5 1.65 0.6 0.28 2.24 0.0001 1 1.2 3 54178 6 0 0 2 1 1 1 0.0425 5 1 7.3 10 2.8 3.46 0.5 0.05 0.05 0 1.95 0 0 0.7 0.1 0.4 2.8 1.1 3 0.1 2 2 0 0
1 0 1 0 1 0 0 0 0 1 1 0 40 -1 -1 0 1200 1 50 1 50000 10 3 3 1 1 5 8 6.9 6.9 4 2.5 1.65 0.6 0.28 2.24 0.0001 1 1.2 3 54178 6 0 0 2 1 1 1 0.0225 5 1 3.25 9.1 6.64 1.48 18.05 0.05 0.05 0 1.95 0 0 1.7 0.1 0.4 2.6 4.85 3 0.1 2 2 0 0
1 0 1 0 1 0 0 0 0 1 1 0 40 -1 -1 0 1200 1 50 1 50000 10 3 3 1 1 5 9 6.9 6.9 4 2.5 1.65 0.6 0.28 2.24 0.0001 1 1.2 3 54178 6 0 0 2 1 1 1 0.0175 5 1 4.6 10 5.68 0.76 13.175 0.05 0.05 0 1.95 0 0 0.5 0.1 0.4 4.6 1.85 3 0.1 2 2 0 0
1 0 1 0 1 0 0 0 0 1 1 0 40 -1 -1 0 1200 1 50 1 50000 10 3 3 1 1 5 3 6.9 6.9 4 2.5 1.65 0.6 0.28 2.24 0.0001 1 1.2 3 54178 6 0 0 2 1 1 1 0.0025 5 1 6.85 1.45 3.76 2.02 10.25 0.05 0.05 0 1.95 0 0 2.3 0.1 0.4 4.4 4.85 3 0.1 2 2 0 0
1 0 1 0 1 0 0 0 0 1 1 0 40 -1 -1 0 1200 1 50 1 50000 10 3 3 1 1 5 2 6.9 6.9 4 2.5 1.65 0.6 0.28 2.24 0.0001 1 1.2 3 54178 6 0 0 2 1 1 1 0.0225 5 1 4.6 1.45 2.32 1.48 1.475 0.05 0.05 0 1.95 0 0 4.1 0.1 0.4 3.2 0.35 3 0.1 2 2 0 0
1 0 1 0 1 0 0 0 0 1 1 0 40 -1 -1 0 1200 1 50 1 50000 10 3 3 1 1 5 0 6.9 6.9 4 2.5 1.65 0.6 0.28 2.24 0.0001 1 1.2 3 54178 6 0 0 2 1 1 1 0.0475 5 1 1 1.9 7.6 4 2.45 0.05 0.05 0 1.95 0 0 2.1 0.1 0.4 1.2 1.35 3 0.1 2 2 0 0
1 0 1 0 1 0 0 0 0 1 1 0 40 -1 -1 0 1200 1 50 1 50000 10 3 3 1 1 5 6.5 6.9 6.9 4 2.5 1.65 0.6 0.28 2.24 0.0001 1 1.2 3 54178 6 0 0 2 1 1 1 0.0275 5 1 4.15 4.6 4.24 3.28 6.35 0.05 0.05 0 1.95 0 0 2.3 0.1 0.4 3.2 4.85 3 0.1 2 2 0 0
1 0 1 0 1 0 0 0 0 1 1 0 40 -1 -1 0 1200 1 50 1 50000 10 3 3 1 1 5 7.5 6.9 6.9 4 2.5 1.65 0.6 0.28 2.24 0.0001 1 1.2 3 54178 6 0 0 2 1 1 1 0.05 5 1 7.3 2.8 5.68 0.58 20 0.05 0.05 0 1.95 0 0 1.9 0.1 0.4 3.4 4.6 3 0.1 2 2 0 0
1 0 1 0 1 0 0 0 0 1 1 0 40 -1 -1 0 1200 1 50 1 50000 10 3 3 1 1 5 7 6.9 6.9 4 2.5 1.65 0.6 0.28 2.24 0.0001 1 1.2 3 54178 6 0 0 2 1 1 1 0.04 5 1 3.7 1.9 4.72 2.02 6.35 0.05 0.05 0 1.95 0 0 3.3 0.1 0.4 1.8 1.35 3 0.1 2 2 0 0
1 0 1 0 1 0 0 0 0 1 1 0 40 -1 -1 0 1200 1 50 1 50000 10 3 3 1 1 5 6 6.9 6.9 4 2.5 1.65 0.6 0.28 2.24 0.0001 1 1.2 3 54178 6 0 0 2 1 1 1 0.005 5 1 1 5.95 9.04 3.82 16.1 0.05 0.05 0 1.95 0 0 3.1 0.1 0.4 5 4.6 3 0.1 2 2 0 0
1 0 1 0 1 0 0 0 0 1 1 0 40 -1 -1 0 1200 1 50 1 50000 10 3 3 1 1 5 5.5 6.9 6.9 4 2.5 1.65 0.6 0.28 2.24 0.0001 1 1.2 3 54178 6 0 0 2 1 1 1 0.0025 5 1 6.85 6.4 2.8 2.2 14.15 0.05 0.05 0 1.95 0 0 3.5 0.1 0.4 3.4 0.1 3 0.1 2 2 0 0
1 0 1 0 1 0 0 0 0 1 1 0 40 -1 -1 0 1200 1 50 1 50000 10 3 3 1 1 5 7 6.9 6.9 4 2.5 1.65 0.6 0.28 2.24 0.0001 1 1.2 3 54178 6 0 0 2 1 1 1 0.01 5 1 9.55 6.4 7.6 0.94 9.275 0.05 0.05 0 1.95 0 0 2.5 0.1 0.4 1.4 2.85 3 0.1 2 2 0 0
1 0 1 0 1 0 0 0 0 1 1 0 40 -1 -1 0 1200 1 50 1 50000 10 3 3 1 1 5 1 6.9 6.9 4 2.5 1.65 0.6 0.28 2.24 0.0001 1 1.2 3 54178 6 0 0 2 1 1 1 0.05 5 1 3.7 1 2.8 3.1 4.4 0.05 0.05 0 1.95 0 0 1.5 0.1 0.4 2.6 3.6 3 0.1 2 2 0 0
1 0 1 0 1 0 0 0 0 1 1 0 40 -1 -1 0 1200 1 50 1 50000 10 3 3 1 1 5 6 6.9 6.9 4 2.5 1.65 0.6 0.28 2.24 0.0001 1 1.2 3 54178 6 0 0 2 1 1 1 0.0475 5 1 5.05 6.85 9.52 2.92 6.35 0.05 0.05 0 1.95 0 0 0.9 0.1 0.4 2 4.85 3 0.1 2 2 0 0
1 0 1 0 1 0 0 0 0 1 1 0 40 -1 -1 0 1200 1 50 1 50000 10 3 3 1 1 5 8 6.9 6.9 4 2.5 1.65 0.6 0.28 2.24 0.0001 1 1.2 3 54178 6 0 0 2 1 1 1 0.03 5 1 6.4 1.45 7.12 1.12 15.125 0.05 0.05 0 1.95 0 0 0.3 0.1 0.4 2.4 0.6 3 0.1 2 2 0 0
1 0 1 0 1 0 0 0 0 1 1 0 40 -1 -1 0 1200 1 50 1 50000 10 3 3 1 1 5 8 6.9 6.9 4 2.5 1.65 0.6 0.28 2.24 0.0001 1 1.2 3 54178 6 0 0 2 1 1 1 0.045 5 1 1 1 1.84 1.3 2.45 0.05 0.05 0 1.95 0 0 3.1 0.1 0.4 2 0.35 3 0.1 2 2 0 0
1 0 1 0 1 0 0 0 0 1 1 0 40 -1 -1 0 1200 1 50 1 50000 10 3 3 1 1 5 10 6.9 6.9 4 2.5 1.65 0.6 0.28 2.24 0.0001 1 1.2 3 54178 6 0 0 2 1 1 1 0.0375 5 1 8.65 8.65 5.2 2.02 19.025 0.05 0.05 0 1.95 0 0 0.3 0.1 0.4 1 3.6 3 0.1 2 2 0 0
1 0 1 0 1 0 0 0 0 1 1 0 40 -1 -1 0 1200 1 50 1 50000 10 3 3 1 1 5 2 6.9 6.9 4 2.5 1.65 0.6 0.28 2.24 0.0001 1 1.2 3 54178 6 0 0 2 1 1 1 0.01 5 1 4.15 5.95 7.6 3.82 19.025 0.05 0.05 0 1.95 0 0 3.9 0.1 0.4 4 5.1 3 0.1 2 2 0 0
1 0 1 0 1 0 0 0 0 1 1 0 40 -1 -1 0 1200 1 50 1 50000 10 3 3 1 1 5 6 6.9 6.9 4 2.5 1.65 0.6 0.28 2.24 0.0001 1 1.2 3 54178 6 0 0 2 1 1 1 0.0125 5 1 8.2 3.25 0.4 3.82 0.5 0.05 0.05 0 1.95 0 0 1.9 0.1 0.4 2.2 0.6 3 0.1 2 2 0 0
1 0 1 0 1 0 0 0 0 1 1 0 40 -1 -1 0 1200 1 50 1 50000 10 3 3 1 1 5 1.5 6.9 6.9 4 2.5 1.65 0.6 0.28 2.24 0.0001 1 1.2 3 54178 6 0 0 2 1 1 1 0.015 5 1 1.9 10 1.36 2.02 0.5 0.05 0.05 0 1.95 0 0 1.9 0.1 0.4 2.4 2.35 3 0.1 2 2 0 0
1 0 1 0 1 0 0 0 0 1 1 0 40 -1 -1 0 1200 1 50 1 50000 10 3 3 1 1 5 4 6.9 6.9 4 2.5 1.65 0.6 0.28 2.24 0.0001 1 1.2 3 54178 6 0 0 2 1 1 1 0.035 5 1 9.55 3.7 6.64 2.02 3.425 0.05 0.05 0 1.95 0 0 1.9 0.1 0.4 1.6 4.6 3 0.1 2 2 0 0
1 0 1 0 1 0 0 0 0 1 1 0 40 -1 -1 0 1200 1 50 1 50000 10 3 3 1 1 5 0.5 6.9 6.9 4 2.5 1.65 0.6 0.28 2.24 0.0001 1 1.2 3 54178 6 0 0 2 1 1 1 0.0225 5 1 6.4 1.9 4.24 2.74 6.35 0.05 0.05 0 1.95 0 0 1.7 0.1 0.4 2.4 1.85 3 0.1 2 2 0 0
1 0 1 0 1 0 0 0 0 1 1 0 40 -1 -1 0 1200 1 50 1 50000 10 3 3 1 1 5 9.5 6.9 6.9 4 2.5 1.65 0.6 0.28 2.24 0.0001 1 1.2 3 54178 6 0 0 2 1 1 1 0.015 5 1 1.45 5.95 3.28 1.66 2.45 0.05 0.05 0 1.95 0 0 0.1 0.1 0.4 3.4 1.85 3 0.1 2 2 0 0
1 0 1 0 1 0 0 0 0 1 1 0 40 -1 -1 0 1200 1 50 1 50000 10 3 3 1 1 5 0 6.9 6.9 4 2.5 1.65 0.6 0.28 2.24 0.0001 1 1.2 3 54178 6 0 0 2 1 1 1 0.01 5 1 3.7 1 9.52 0.58 11.225 0.05 0.05 0 1.95 0 0 3.3 0.1 0.4 1.4 2.6 3 0.1 2 2 0 0
1 0 1 0 1 0 0 0 0 1 1 0 40 -1 -1 0 1200 1 50 1 50000 10 3 3 1 1 5 8 6.9 6.9 4 2.5 1.65 0.6 0.28 2.24 0.0001 1 1.2 3 54178 6 0 0 2 1 1 1 0.045 5 1 10 1.45 2.32 0.76 16.1 0.05 0.05 0 1.95 0 0 3.7 0.1 0.4 3.8 0.35 3 0.1 2 2 0 0
1 0 1 0 1 0 0 0 0 1 1 0 40 -1 -1 0 1200 1 50 1 50000 10 3 3 1 1 5 9 6.9 6.9 4 2.5 1.65 0.6 0.28 2.24 0.0001 1 1.2 3 54178 6 0 0 2 1 1 1 0.025 5 1 1.45 3.25 7.6 3.82 5.375 0.05 0.05 0 1.95 0 0 2.7 0.1 0.4 4 4.1 3 0.1 2 2 0 0
1 0 1 0 1 0 0 0 0 1 1 0 40 -1 -1 0 1200 1 50 1 50000 10 3 3 1 1 5 10 6.9 6.9 4 2.5 1.65 0.6 0.28 2.24 0.0001 1 1.2 3 54178 6 0 0 2 1 1 1 0.0475 5 1 1.45 4.15 6.64 0.4 9.275 0.05 0.05 0 1.95 0 0 0.7 0.1 0.4 4.6 2.85 3 0.1 2 2 0 0
1 0 1 0 1 0 0 0 0 1 1 0 40 -1 -1 0 1200 1 50 1 50000 10 3 3 1 1 5 0 6.9 6.9 4 2.5 1.65 0.6 0.28 2.24 0.0001 1 1.2 3 54178 6 0 0 2 1 1 1 0.035 5 1 4.15 2.8 0.88 2.92 14.15 0.05 0.05 0 1.95 0 0 2.7 0.1 0.4 1.4 2.85 3 0.1 2 2 0 0
1 0 1 0 1 0 0 0 0 1 1 0 40 -1 -1 0 1200 1 50 1 50000 10 3 3 1 1 5 4.5 6.9 6.9 4 2.5 1.65 0.6 0.28 2.24 0.0001 1 1.2 3 54178 6 0 0 2 1 1 1 0.05 5 1 1.9 4.6 4.72 0.76 17.075 0.05 0.05 0 1.95 0 0 3.5 0.1 0.4 1.2 1.6 3 0.1 2 2 0 0
1 0 1 0 1 0 0 0 0 1 1 0 40 -1 -1 0 1200 1 50 1 50000 10 3 3 1 1 5 2 6.9 6.9 4 2.5 1.65 0.6 0.28 2.24 0.0001 1 1.2 3 54178 6 0 0 2 1 1 1 0.0475 5 1 5.5 7.3 3.28 4 18.05 0.05 0.05 0 1.95 0 0 0.1 0.1 0.4 4.2 2.1 3 0.1 2 2 0 0
1 0 1 0 1 0 0 0 0 1 1 0 40 -1 -1 0 1200 1 50 1 50000 10 3 3 1 1 5 0.5 6.9 6.9 4 2.5 1.65 0.6 0.28 2.24 0.0001 1 1.2 3 54178 6 0 0 2 1 1 1 0.04 5 1 10 5.05 4.72 1.12 20 0.05 0.05 0 1.95 0 0 3.1 0.1 0.4 1 1.85 3 0.1 2 2 0 0
1 0 1 0 1 0 0 0 0 1 1 0 40 -1 -1 0 1200 1 50 1 50000 10 3 3 1 1 5 7.5 6.9 6.9 4 2.5 1.65 0.6 0.28 2.24 0.0001 1 1.2 3 54178 6 0 0 2 1 1 1 0.0175 5 1 10 5.95 3.28 0.94 16.1 0.05 0.05 0 1.95 0 0 2.7 0.1 0.4 1.8 0.1 3 0.1 2 2 0 0
1 0 1 0 1 0 0 0 0 1 1 0 40 -1 -1 0 1200 1 50 1 50000 10 3 3 1 1 5 4.5 6.9 6.9 4 2.5 1.65 0.6 0.28 2.24 0.0001 1 1.2 3 54178 6 0 0 2 1 1 1 0.0025 5 1 9.1 3.7 5.68 2.2 5.375 0.05 0.05 0 1.95 0 0 0.3 0.1 0.4 4.2 2.1 3 0.1 2 2 0 0
1 0 1 0 1 0 0 0 0 1 1 0 40 -1 -1 0 1200 1 50 1 50000 10 3 3 1 1 5 0 6.9 6.9 4 2.5 1.65 0.6 0.28 2.24 0.0001 1 1.2 3 54178 6 0 0 2 1 1 1 0.0475 5 1 5.95 6.85 7.12 3.28 14.15 0.05 0.05 0 1.95 0 0 1.3 0.1 0.4 1 2.85 3 0.1 2 2 0 0
1 0 1 0 1 0 0 0 0 1 1 0 40 -1 -1 0 1200 1 50 1 50000 10 3 3 1 1 5 8 6.9 6.9 4 2.5 1.65 0.6 0.28 2.24 0.0001 1 1.2 3 54178 6 0 0 2 1 1 1 0.0275 5 1 2.8 3.7 9.04 1.48 11.225 0.05 0.05 0 1.95 0 0 0.3 0.1 0.4 3.4 2.1 3 0.1 2 2 0 0
1 0 1 0 1 0 0 0 0 1 1 0 40 -1 -1 0 1200 1 50 1 50000 10 3 3 1 1 5 9 6.9 6.9 4 2.5 1.65 0.6 0.28 2.24 0.0001 1 1.2 3 54178 6 0 0 2 1 1 1 0.01 5 1 1 5.95 7.12 1.3 8.3 0.05 0.05 0 1.95 0 0 0.9 0.1 0.4 4 2.85 3 0.1 2 2 0 0
1 0 1 0 1 0 0 0 0 1 1 0 40 -1 -1 0 1200 1 50 1 50000 10 3 3 1 1 5 1 6.9 6.9 4 2.5 1.65 0.6 0.28 2.24 0.0001 1 1.2 3 54178 6 0 0 2 1 1 1 0.0425 5 1 9.55 1 2.8 2.74 1.475 0.05 0.05 0 1.95 0 0 2.9 0.1 0.4 3.8 2.85 3 0.1 2 2 0 0
1 0 1 0 1 0 0 0 0 1 1 0 40 -1 -1 0 1200 1 50 1 50000 10 3 3 1 1 5 3 6.9 6.9 4 2.5 1.65 0.6 0.28 2.24 0.0001 1 1.2 3 54178 6 0 0 2 1 1 1 0.02 5 1 8.65 9.1 0.4 2.92 2.45 0.05 0.05 0 1.95 0 0 2.7 0.1 0.4 4 3.35 3 0.1 2 2 0 0
1 0 1 0 1 0 0 0 0 1 1 0 40 -1 -1 0 1200 1 50 1 50000 10 3 3 1 1 5 6 6.9 6.9 4 2.5 1.65 0.6 0.28 2.24 0.0001 1 1.2 3 54178 6 0 0 2 1 1 1 0.035 5 1 5.05 5.5 6.64 4 15.125 0.05 0.05 0 1.95 0 0 0.1 0.1 0.4 1.2 0.35 3 0.1 2 2 0 0
1 0 1 0 1 0 0 0 0 1 1 0 40 -1 -1 0 1200 1 50 1 50000 10 3 3 1 1 5 10 6.9 6.9 4 2.5 1.65 0.6 0.28 2.24 0.0001 1 1.2 3 54178 6 0 0 2 1 1 1 0.0475 5 1 4.6 3.25 7.12 0.94 2.45 0.05 0.05 0 1.95 0 0 1.3 0.1 0.4 3.2 3.35 3 0.1 2 2 0 0
1 0 1 0 1 0 0 0 0 1 1 0 40 -1 -1 0 1200 1 50 1 50000 10 3 3 1 1 5 8 6.9 6.9 4 2.5 1.65 0.6 0.28 2.24 0.0001 1 1.2 3 54178 6 0 0 2 1 1 1 0.02 5 1 7.3 7.75 10 3.28 19.025 0.05 0.05 0 1.95 0 0 2.1 0.1 0.4 1.8 5.1 3 0.1 2 2 0 0
1 0 1 0 1 0 0 0 0 1 1 0 40 -1 -1 0 1200 1 50 1 50000 10 3 3 1 1 5 7 6.9 6.9 4 2.5 1.65 0.6 0.28 2.24 0.0001 1 1.2 3 54178 6 0 0 2 1 1 1 0 5 1 7.75 8.65 0.4 2.38 3.425 0.05 0.05 0 1.95 0 0 1.7 0.1 0.4 3.6 2.85 3 0.1 2 2 0 0
1 0 1 0 1 0 0 0 0 1 1 0 40 -1 -1 0 1200 1 50 1 50000 10 3 3 1 1 5 4 6.9 6.9 4 2.5 1.65 0.6 0.28 2.24 0.0001 1 1.2 3 54178 6 0 0 2 1 1 1 0.0175 5 1 8.2 3.25 6.16 2.92 8.3 0.05 0.05 0 1.95 0 0 4.1 0.1 0.4 1.4 4.35 3 0.1 2 2 0 0
1 0 1 0 1 0 0 0 0 1 1 0 40 -1 -1 0 1200 1 50 1 50000 10 3 3 1 1 5 6.5 6.9 6.9 4 2.5 1.65 0.6 0.28 2.24 0.0001 1 1.2 3 54178 6 0 0 2 1 1 1 0.005 5 1 3.25 8.65 7.6 0.76 2.45 0.05 0.05 0 1.95 0 0 2.9 0.1 0.4 1.4 4.1 3 0.1 2 2 0 0
1 0 1 0 1 0 0 0 0 1 1 0 40 -1 -1 0 1200 1 50 1 50000 10 3 3 1 1 5 8.5 6.9 6.9 4 2.5 1.65 0.6 0.28 2.24 0.0001 1 1.2 3 54178 6 0 0 2 1 1 1 0.01 5 1 7.3 7.3 4.72 0.76 15.125 0.05 0.05 0 1.95 0 0 1.5 0.1 0.4 3.6 3.6 3 0.1 2 2 0 0
1 0 1 0 1 0 0 0 0 1 1 0 40 -1 -1 0 1200 1 50 1 50000 10 3 3 1 1 5 7.5 6.9 6.9 4 2.5 1.65 0.6 0.28 2.24 0.0001 1 1.2 3 54178 6 0 0 2 1 1 1 0.035 5 1 4.6 1 10 2.2 17.075 0.05 0.05 0 1.95 0 0 1.1 0.1 0.4 1 1.35 3 0.1 2 2 0 0
1 0 1 0 1 0 0 0 0 1 1 0 40 -1 -1 0 1200 1 50 1 50000 10 3 3 1 1 5 0 6.9 6.9 4 2.5 1.65 0.6 0.28 2.24 0.0001 1 1.2 3 54178 6 0 0 2 1 1 1 0.0475 5 1 2.35 6.4 7.12 0.58 7.325 0.05 0.05 0 1.95 0 0 2.1 0.1 0.4 3.2 3.85 3 0.1 2 2 0 0
1 0 1 0 1 0 0 0 0 1 1 0 40 -1 -1 0 1200 1 50 1 50000 10 3 3 1 1 5 3 6.9 6.9 4 2.5 1.65 0.6 0.28 2.24 0.0001 1 1.2 3 54178 6 0 0 2 1 1 1 0.0075 5 1 4.15 3.7 3.28 1.3 10.25 0.05 0.05 0 1.95 0 0 4.1 0.1 0.4 4.8 4.1 3 0.1 2 2 0 0
1 0 1 0 1 0 0 0 0 1 1 0 40 -1 -1 0 1200 1 50 1 50000 10 3 3 1 1 5 8.5 6.9 6.9 4 2.5 1.65 0.6 0.28 2.24 0.0001 1 1.2 3 54178 6 0 0 2 1 1 1 0.045 5 1 1.9 5.5 5.68 1.3 14.15 0.05 0.05 0 1.95 0 0 1.5 0.1 0.4 3 2.35 3 0.1 2 2 0 0
1 0 1 0 1 0 0 0 0 1 1 0 40 -1 -1 0 1200 1 50 1 50000 10 3 3 1 1 5 2.5 6.9 6.9 4 2.5 1.65 0.6 0.28 2.24 0.0001 1 1.2 3 54178 6 0 0 2 1 1 1 0.03 5 1 9.1 4.15 6.64 2.02 6.35 0.05 0.05 0 1.95 0 0 3.1 0.1 0.4 1.2 2.6 3 0.1 2 2 0 0
1 0 1 0 1 0 0 0 0 1 1 0 40 -1 -1 0 1200 1 50 1 50000 10 3 3 1 1 5 1 6.9 6.9 4 2.5 1.65 0.6 0.28 2.24 0.0001 1 1.2 3 54178 6 0 0 2 1 1 1 0.0275 5 1 2.35 4.15 2.8 2.74 15.125 0.05 0.05 0 1.95 0 0 3.3 0.1 0.4 3.2 5.1 3 0.1 2 2 0 0
1 0 1 0 1 0 0 0 0 1 1 0 40 -1 -1 0 1200 1 50 1 50000 10 3 3 1 1 5 3 6.9 6.9 4 2.5 1.65 0.6 0.28 2.24 0.0001 1 1.2 3 54178 6 0 0 2 1 1 1 0.0275 5 1 3.25 1.45 6.16 2.38 0.5 0.05 0.05 0 1.95 0 0 3.9 0.1 0.4 1.8 2.85 3 0.1 2 2 0 0
1 0 1 0 1 0 0 0 0 1 1 0 40 -1 -1 0 1200 1 50 1 50000 10 3 3 1 1 5 1.5 6.9 6.9 4 2.5 1.65 0.6 0.28 2.24 0.0001 1 1.2 3 54178 6 0 0 2 1 1 1 0.025 5 1 1.9 9.55 3.28 0.76 20 0.05 0.05 0 1.95 0 0 3.5 0.1 0.4 3.4 3.1 3 0.1 2 2 0 0
1 0 1 0 1 0 0 0 0 1 1 0 40 -1 -1 0 1200 1 50 1 50000 10 3 3 1 1 5 0.5 6.9 6.9 4 2.5 1.65 0.6 0.28 2.24 0.0001 1 1.2 3 54178 6 0 0 2 1 1 1 0.02 5 1 8.65 2.8 6.64 0.58 3.425 0.05 0.05 0 1.95 0 0 1.5 0.1 0.4 1.4 4.35 3 0.1 2 2 0 0
1 0 1 0 1 0 0 0 0 1 1 0 40 -1 -1 0 1200 1 50 1 50000 10 3 3 1 1 5 8 6.9 6.9 4 2.5 1.65 0.6 0.28 2.24 0.0001 1 1.2 3 54178 6 0 0 2 1 1 1 0.0125 5 1 5.5 3.25 2.8 1.84 16.1 0.05 0.05 0 1.95 0 0 1.9 0.1 0.4 1.8 2.35 3 0.1 2 2 0 0
1 0 1 0 1 0 0 0 0 1 1 0 40 -1 -1 0 1200 1 50 1 50000 10 3 3 1 1 5 9 6.9 6.9 4 2.5 1.65 0.6 0.28 2.24 0.0001 1 1.2 3 54178 6 0 0 2 1 1 1 0.0425 5 1 7.3 2.8 7.12 2.2 3.425 0.05 0.05 0 1.95 0 0 0.1 0.1 0.4 4.6 1.85 3 0.1 2 2 0 0
1 0 1 0 1 0 0 0 0 1 1 0 40 -1 -1 0 1200 1 50 1 50000 10 3 3 1 1 5 1.5 6.9 6.9 4 2.5 1.65 0.6 0.28 2.24 0.0001 1 1.2 3 54178 6 0 0 2 1 1 1 0.025 5 1 4.15 10 10 1.84 15.125 0.05 0.05 0 1.95 0 0 2.3 0.1 0.4 4.4 2.6 3 0.1 2 2 0 0
1 0 1 0 1 0 0 0 0 1 1 0 40 -1 -1 0 1200 1 50 1 50000 10 3 3 1 1 5 6.5 6.9 6.9 4 2.5 1.65 0.6 0.28 2.24 0.0001 1 1.2 3 54178 6 0 0 2 1 1 1 0.01 5 1 2.8 6.4 8.56 2.92 13.175 0.05 0.05 0 1.95 0 0 1.3 0.1 0.4 1.8 0.85 3 0.1 2 2 0 0
1 0 1 0 1 0 0 0 0 1 1 0 40 -1 -1 0 1200 1 50 1 50000 10 3 3 1 1 5 8.5 6.9 6.9 4 2.5 1.65 0.6 0.28 2.24 0.0001 1 1.2 3 54178 6 0 0 2 1 1 1 0.0025 5 1 1.9 7.3 7.12 2.56 7.325 0.05 0.05 0 1.95 0 0 1.5 0.1 0.4 4.2 4.85 3 0.1 2 2 0 0
1 0 1 0 1 0 0 0 0 1 1 0 40 -1 -1 0 1200 1 50 1 50000 10 3 3 1 1 5 8 6.9 6.9 4 2.5 1.65 0.6 0.28 2.24 0.0001 1 1.2 3 54178 6 0 0 2 1 1 1 0.025 5 1 1.9 7.3 4.72 1.48 10.25 0.05 0.05 0 1.95 0 0 0.3 0.1 0.4 3 1.1 3 0.1 2 2 0 0
1 0 1 0 1 0 0 0 0 1 1 0 40 -1 -1 0 1200 1 50 1 50000 10 3 3 1 1 5 8 6.9 6.9 4 2.5 1.65 0.6 0.28 2.24 0.0001 1 1.2 3 54178 6 0 0 2 1 1 1 0.02 5 1 2.35 5.05 3.76 3.46 3.425 0.05 0.05 0 1.95 0 0 2.9 0.1 0.4 2.4 1.6 3 0.1 2 2 0 0
1 0 1 0 1 0 0 0 0 1 1 0 40 -1 -1 0 1200 1 50 1 50000 10 3 3 1 1 5 0.5 6.9 6.9 4 2.5 1.65 0.6 0.28 2.24 0.0001 1 1.2 3 54178 6 0 0 2 1 1 1 0.025 5 1 7.75 6.85 1.84 1.84 4.4 0.05 0.05 0 1.95 0 0 1.1 0.1 0.4 5 2.85 3 0.1 2 2 0 0
1 0 1 0 1 0 0 0 0 1 1 0 40 -1 -1 0 1200 1 50 1 50000 10 3 3 1 1 5 9.5 6.9 6.9 4 2.5 1.65 0.6 0.28 2.24 0.0001 1 1.2 3 54178 6 0 0 2 1 1 1 0.02 5 1 5.5 6.85 7.6 2.56 3.425 0.05 0.05 0 1.95 0 0 1.1 0.1 0.4 1.6 0.1 3 0.1 2 2 0 0
1 0 1 0 1 0 0 0 0 1 1 0 40 -1 -1 0 1200 1 50 1 50000 10 3 3 1 1 5 9.5 6.9 6.9 4 2.5 1.65 0.6 0.28 2.24 0.0001 1 1.2 3 54178 6 0 0 2 1 1 1 0.0325 5 1 9.1 1.9 1.36 2.02 7.325 0.05 0.05 0 1.95 0 0 0.9 0.1 0.4 4 5.1 3 0.1 2 2 0 0
1 0 1 0 1 0 0 0 0 1 1 0 40 -1 -1 0 1200 1 50 1 50000 10 3 3 1 1 5 9.5 6.9 6.9 4 2.5 1.65 0.6 0.28 2.24 0.0001 1 1.2 3 54178 6 0 0 2 1 1 1 0.0275 5 1 6.85 3.7 9.04 0.76 11.225 0.05 0.05 0 1.95 0 0 2.9 0.1 0.4 1 4.1 3 0.1 2 2 0 0
1 0 1 0 1 0 0 0 0 1 1 0 40 -1 -1 0 1200 1 50 1 50000 10 3 3 1 1 5 0.5 6.9 6.9 4 2.5 1.65 0.6 0.28 2.24 0.0001 1 1.2 3 54178 6 0 0 2 1 1 1 0.05 5 1 1.9 7.75 9.04 1.3 19.025 0.05 0.05 0 1.95 0 0 0.9 0.1 0.4 5 1.1 3 0.1 2 2 0 0
1 0 1 0 1 0 0 0 0 1 1 0 40 -1 -1 0 1200 1 50 1 50000 10 3 3 1 1 5 0 6.9 6.9 4 2.5 1.65 0.6 0.28 2.24 0.0001 1 1.2 3 54178 6 0 0 2 1 1 1 0.045 5 1 8.65 2.8 0.88 0.76 6.35 0.05 0.05 0 1.95 0 0 4.1 0.1 0.4 3.4 2.1 3 0.1 2 2 0 0
1 0 1 0 1 0 0 0 0 1 1 0 40 -1 -1 0 1200 1 50 1 50000 10 3 3 1 1 5 3 6.9 6.9 4 2.5 1.65 0.6 0.28 2.24 0.0001 1 1.2 3 54178 6 0 0 2 1 1 1 0.0175 5 1 8.65 4.6 8.56 0.76 16.1 0.05 0.05 0 1.95 0 0 3.1 0.1 0.4 3.6 4.6 3 0.1 2 2 0 0
1 0 1 0 1 0 0 0 0 1 1 0 40 -1 -1 0 1200 1 50 1 50000 10 3 3 1 1 5 1.5 6.9 6.9 4 2.5 1.65 0.6 0.28 2.24 0.0001 1 1.2 3 54178 6 0 0 2 1 1 1 0.04 5 1 3.7 2.8 5.2 0.94 11.225 0.05 0.05 0 1.95 0 0 0.5 0.1 0.4 3 3.85 3 0.1 2 2 0 0
1 0 1 0 1 0 0 0 0 1 1 0 40 -1 -1 0 1200 1 50 1 50000 10 3 3 1 1 5 3.5 6.9 6.9 4 2.5 1.65 0.6 0.28 2.24 0.0001 1 1.2 3 54178 6 0 0 2 1 1 1 0.015 5 1 4.6 3.7 2.8 3.64 2.45 0.05 0.05 0 1.95 0 0 3.5 0.1 0.4 1.6 0.1 3 0.1 2 2 0 0
1 0 1 0 1 0 0 0 0 1 1 0 40 -1 -1 0 1200 1 50 1 50000 10 3 3 1 1 5 2 6.9 6.9 4 2.5 1.65 0.6 0.28 2.24 0.0001 1 1.2 3 54178 6 0 0 2 1 1 1 0.02 5 1 8.2 9.1 3.28 2.02 12.2 0.05 0.05 0 1.95 0 0 1.7 0.1 0.4 2.8 3.35 3 0.1 2 2 0 0
1 0 1 0 1 0 0 0 0 1 1 0 40 -1 -1 0 1200 1 50 1 50000 10 3 3 1 1 5 9 6.9 6.9 4 2.5 1.65 0.6 0.28 2.24 0.0001 1 1.2 3 54178 6 0 0 2 1 1 1 0.045 5 1 10 10 7.6 2.38 13.175 0.05 0.05 0 1.95 0 0 1.5 0.1 0.4 3.6 2.1 3 0.1 2 2 0 0
1 0 1 0 1 0 0 0 0 1 1 0 40 -1 -1 0 1200 1 50 1 50000 10 3 3 1 1 5 7.5 6.9 6.9 4 2.5 1.65 0.6 0.28 2.24 0.0001 1 1.2 3 54178 6 0 0 2 1 1 1 0.025 5 1 1.9 2.8 8.08 2.2 1.475 0.05 0.05 0 1.95 0 0 2.5 0.1 0.4 3.6 4.6 3 0.1 2 2 0 0
1 0 1 0 1 0 0 0 0 1 1 0 40 -1 -1 0 1200 1 50 1 50000 10 3 3 1 1 5 7 6.9 6.9 4 2.5 1.65 0.6 0.28 2.24 0.0001 1 1.2 3 54178 6 0 0 2 1 1 1 0.0075 5 1 8.2 2.35 6.16 2.56 8.3 0.05 0.05 0 1.95 0 0 2.9 0.1 0.4 1.2 0.85 3 0.1 2 2 0 0
1 0 1 0 1 0 0 0 0 1 1 0 40 -1 -1 0 1200 1 50 1 50000 10 3 3 1 1 5 7.5 6.9 6.9 4 2.5 1.65 0.6 0.28 2.24 0.0001 1 1.2 3 54178 6 0 0 2 1 1 1 0.015 5 1 7.75 6.85 8.56 3.28 14.15 0.05 0.05 0 1.95 0 0 0.1 0.1 0.4 4.8 1.35 3 0.1 2 2 0 0
1 0 1 0 1 0 0 0 0 1 1 0 40 -1 -1 0 1200 1 50 1 50000 10 3 3 1 1 5 5.5 6.9 6.9 4 2.5 1.65 0.6 0.28 2.24 0.0001 1 1.2 3 54178 6 0 0 2 1 1 1 0.035 5 1 9.1 1 7.12 1.84 6.35 0.05 0.05 0 1.95 0 0 0.3 0.1 0.4 2.2 4.85 3 0.1 2 2 0 0
1 0 1 0 1 0 0 0 0 1 1 0 40 -1 -1 0 1200 1 50 1 50000 10 3 3 1 1 5 2 6.9 6.9 4 2.5 1.65 0.6 0.28 2.24 0.0001 1 1.2 3 54178 6 0 0 2 1 1 1 0.0175 5 1 8.2 9.55 7.12 0.4 6.35 0.05 0.05 0 1.95 0 0 3.3 0.1 0.4 4.4 3.35 3 0.1 2 2 0 0
1 0 1 0 1 0 0 0 0 1 1 0 40 -1 -1 0 1200 1 50 1 50000 10 3 3 1 1 5 3.5 6.9 6.9 4 2.5 1.65 0.6 0.28 2.24 0.0001 1 1.2 3 54178 6 0 0 2 1 1 1 0.01 5 1 9.1 9.1 2.32 3.64 0.5 0.05 0.05 0 1.95 0 0 3.1 0.1 0.4 4.8 1.1 3 0.1 2 2 0 0
1 0 1 0 1 0 0 0 0 1 1 0 40 -1 -1 0 1200 1 50 1 50000 10 3 3 1 1 5 5.5 6.9 6.9 4 2.5 1.65 0.6 0.28 2.24 0.0001 1 1.2 3 54178 6 0 0 2 1 1 1 0.05 5 1 6.85 5.5 1.84 2.02 11.225 0.05 0.05 0 1.95 0 0 2.9 0.1 0.4 4.8 4.1 3 0.1 2 2 0 0
1 0 1 0 1 0 0 0 0 1 1 0 40 -1 -1 0 1200 1 50 1 50000 10 3 3 1 1 5 7.5 6.9 6.9 4 2.5 1.65 0.6 0.28 2.24 0.0001 1 1.2 3 54178 6 0 0 2 1 1 1 0.035 5 1 8.2 4.6 6.16 3.28 18.05 0.05 0.05 0 1.95 0 0 4.1 0.1 0.4 1.6 3.6 3 0.1 2 2 0 0
1 0 1 0 1 0 0 0 0 1 1 0 40 -1 -1 0 1200 1 50 1 50000 10 3 3 1 1 5 8 6.9 6.9 4 2.5 1.65 0.6 0.28 2.24 0.0001 1 1.2 3 54178 6 0 0 2 1 1 1 0.025 5 1 2.35 6.85 10 1.48 15.125 0.05 0.05 0 1.95 0 0 3.5 0.1 0.4 5 2.1 3 0.1 2 2 0 0
1 0 1 0 1 0 0 0 0 1 1 0 40 -1 -1 0 1200 1 50 1 50000 10 3 3 1 1 5 3.5 6.9 6.9 4 2.5 1.65 0.6 0.28 2.24 0.0001 1 1.2 3 54178 6 0 0 2 1 1 1 0.02 5 1 2.8 6.4 4.72 1.3 5.375 0.05 0.05 0 1.95 0 0 3.7 0.1 0.4 1.2 1.6 3 0.1 2 2 0 0
1 0 1 0 1 0 0 0 0 1 1 0 40 -1 -1 0 1200 1 50 1 50000 10 3 3 1 1 5 9 6.9 6.9 4 2.5 1.65 0.6 0.28 2.24 0.0001 1 1.2 3 54178 6 0 0 2 1 1 1 0.0025 5 1 1.45 9.55 4.24 1.84 8.3 0.05 0.05 0 1.95 0 0 0.3 0.1 0.4 1.6 2.1 3 0.1 2 2 0 0
1 0 1 0 1 0 0 0 0 1 1 0 40 -1 -1 0 1200 1 50 1 50000 10 3 3 1 1 5 8 6.9 6.9 4 2.5 1.65 0.6 0.28 2.24 0.0001 1 1.2 3 54178 6 0 0 2 1 1 1 0.0125 5 1 5.05 2.8 0.4 1.12 19.025 0.05 0.05 0 1.95 0 0 4.1 0.1 0.4 3.2 2.1 3 0.1 2 2 0 0
1 0 1 0 1 0 0 0 0 1 1 0 40 -1 -1 0 1200 1 50 1 50000 10 3 3 1 1 5 6 6.9 6.9 4 2.5 1.65 0.6 0.28 2.24 0.0001 1 1.2 3 54178 6 0 0 2 1 1 1 0.0425 5 1 7.3 1.9 2.32 3.28 18.05 0.05 0.05 0 1.95 0 0 3.3 0.1 0.4 4.6 4.85 3 0.1 2 2 0 0
1 0 1 0 1 0 0 0 0 1 1 0 40 -1 -1 0 1200 1 50 1 50000 10 3 3 1 1 5 5.5 6.9 6.9 4 2.5 1.65 0.6 0.28 2.24 0.0001 1 1.2 3 54178 6 0 0 2 1 1 1 0.0125 5 1 5.5 9.1 10 1.66 9.275 0.05 0.05 0 1.95 0 0 1.3 0.1 0.4 1.6 2.85 3 0.1 2 2 0 0
1 0 1 0 1 0 0 0 0 1 1 0 40 -1 -1 0 1200 1 50 1 50000 10 3 3 1 1 5 9 6.9 6.9 4 2.5 1.65 0.6 0.28 2.24 0.0001 1 1.2 3 54178 6 0 0 2 1 1 1 0 5 1 3.7 5.5 5.68 0.76 3.425 0.05 0.05 0 1.95 0 0 1.5 0.1 0.4 2 5.1 3 0.1 2 2 0 0
1 0 1 0 1 0 0 0 0 1 1 0 40 -1 -1 0 1200 1 50 1 50000 10 3 3 1 1 5 9.5 6.9 6.9 4 2.5 1.65 0.6 0.28 2.24 0.0001 1 1.2 3 54178 6 0 0 2 1 1 1 0.0325 5 1 4.15 5.95 8.08 1.84 1.475 0.05 0.05 0 1.95 0 0 3.5 0.1 0.4 3.4 2.6 3 0.1 2 2 0 0
1 0 1 0 1 0 0 0 0 1 1 0 40 -1 -1 0 1200 1 50 1 50000 10 3 3 1 1 5 2.5 6.9 6.9 4 2.5 1.65 0.6 0.28 2.24 0.0001 1 1.2 3 54178 6 0 0 2 1 1 1 0.0225 5 1 9.55 6.4 8.56 3.82 8.3 0.05 0.05 0 1.95 0 0 1.3 0.1 0.4 1.4 1.35 3 0.1 2 2 0 0
1 0 1 0 1 0 0 0 0 1 1 0 40 -1 -1 0 1200 1 50 1 50000 10 3 3 1 1 5 3 6.9 6.9 4 2.5 1.65 0.6 0.28 2.24 0.0001 1 1.2 3 54178 6 0 0 2 1 1 1 0.0075 5 1 8.65 9.1 7.6 3.28 7.325 0.05 0.05 0 1.95 0 0 1.7 0.1 0.4 2.4 1.1 3 0.1 2 2 0 0
1 0 1 0 1 0 0 0 0 1 1 0 40 -1 -1 0 1200 1 50 1 50000 10 3 3 1 1 5 2.5 6.9 6.9 4 2.5 1.65 0.6 0.28 2.24 0.0001 1 1.2 3 54178 6 0 0 2 1 1 1 0.0425 5 1 5.95 9.55 1.36 0.4 15.125 0.05 0.05 0 1.95 0 0 1.9 0.1 0.4 2 0.35 3 0.1 2 2 0 0
1 0 1 0 1 0 0 0 0 1 1 0 40 -1 -1 0 1200 1 50 1 50000 10 3 3 1 1 5 5.5 6.9 6.9 4 2.5 1.65 0.6 0.28 2.24 0.0001 1 1.2 3 54178 6 0 0 2 1 1 1 0.05 5 1 3.25 5.5 8.08 0.76 10.25 0.05 0.05 0 1.95 0 0 1.5 0.1 0.4 2.4 0.6 3 0.1 2 2 0 0
1 0 1 0 1 0 0 0 0 1 1 0 40 -1 -1 0 1200 1 50 1 50000 10 3 3 1 1 5 7 6.9 6.9 4 2.5 1.65 0.6 0.28 2.24 0.0001 1 1.2 3 54178 6 0 0 2 1 1 1 0.0225 5 1 5.95 5.5 2.8 3.1 5.375 0.05 0.05 0 1.95 0 0 1.7 0.1 0.4 1.8 3.6 3 0.1 2 2 0 0
1 0 1 0 1 0 0 0 0 1 1 0 40 -1 -1 0 1200 1 50 1 50000 10 3 3 1 1 5 8 6.9 6.9 4 2.5 1.65 0.6 0.28 2.24 0.0001 1 1.2 3 54178 6 0 0 2 1 1 1 0.005 5 1 7.3 5.5 6.64 1.84 18.05 0.05 0.05 0 1.95 0 0 0.9 0.1 0.4 4 2.1 3 0.1 2 2 0 0
1 0 1 0 1 0 0 0 0 1 1 0 40 -1 -1 0 1200 1 50 1 50000 10 3 3 1 1 5 3 6.9 6.9 4 2.5 1.65 0.6 0.28 2.24 0.0001 1 1.2 3 54178 6 0 0 2 1 1 1 0.0125 5 1 2.8 2.8 4.72 2.92 9.275 0.05 0.05 0 1.95 0 0 3.9 0.1 0.4 5 4.1 3 0.1 2 2 0 0
1 0 1 0 1 0 0 0 0 1 1 0 40 -1 -1 0 1200 1 50 1 50000 10 3 3 1 1 5 6.5 6.9 6.9 4 2.5 1.65 0.6 0.28 2.24 0.0001 1 1.2 3 54178 6 0 0 2 1 1 1 0.005 5 1 4.6 7.3 9.04 3.64 3.425 0.05 0.05 0 1.95 0 0 2.5 0.1 0.4 4 2.1 3 0.1 2 2 0 0
1 0 1 0 1 0 0 0 0 1 1 0 40 -1 -1 0 1200 1 50 1 50000 10 3 3 1 1 5 1.5 6.9 6.9 4 2.5 1.65 0.6 0.28 2.24 0.0001 1 1.2 3 54178 6 0 0 2 1 1 1 0 5 1 7.75 8.65 4.24 0.76 16.1 0.05 0.05 0 1.95 0 0 1.9 0.1 0.4 3 1.85 3 0.1 2 2 0 0
1 0 1 0 1 0 0 0 0 1 1 0 40 -1 -1 0 1200 1 50 1 50000 10 3 3 1 1 5 4 6.9 6.9 4 2.5 1.65 0.6 0.28 2.24 0.0001 1 1.2 3 54178 6 0 0 2 1 1 1 0.04 5 1 1.45 8.2 4.24 1.84 9.275 0.05 0.05 0 1.95 0 0 0.5 0.1 0.4 1.8 2.35 3 0.1 2 2 0 0
1 0 1 0 1 0 0 0 0 1 1 0 40 -1 -1 0 1200 1 50 1 50000 10 3 3 1 1 5 0.5 6.9 6.9 4 2.5 1.65 0.6 0.28 2.24 0.0001 1 1.2 3 54178 6 0 0 2 1 1 1 0.0225 5 1 4.15 10 9.04 1.84 19.025 0.05 0.05 0 1.95 0 0 3.3 0.1 0.4 1.2 1.85 3 0.1 2 2 0 0
1 0 1 0 1 0 0 0 0 1 1 0 40 -1 -1 0 1200 1 50 1 50000 10 3 3 1 1 5 1 6.9 6.9 4 2.5 1.65 0.6 0.28 2.24 0.0001 1 1.2 3 54178 6 0 0 2 1 1 1 0.0325 5 1 5.95 2.35 4.72 0.76 17.075 0.05 0.05 0 1.95 0 0 0.3 0.1 0.4 1.2 1.35 3 0.1 2 2 0 0
1 0 1 0 1 0 0 0 0 1 1 0 40 -1 -1 0 1200 1 50 1 50000 10 3 3 1 1 5 0.5 6.9 6.9 4 2.5 1.65 0.6 0.28 2.24 0.0001 1 1.2 3 54178 6 0 0 2 1 1 1 0.0125 5 1 7.75 3.7 2.8 0.76 1.475 0.05 0.05 0 1.95 0 0 0.9 0.1 0.4 4 2.85 3 0.1 2 2 0 0
1 0 1 0 1 0 0 0 0 1 1 0 40 -1 -1 0 1200 1 50 1 50000 10 3 3 1 1 5 0.5 6.9 6.9 4 2.5 1.65 0.6 0.28 2.24 0.0001 1 1.2 3 54178 6 0 0 2 1 1 1 0.025 5 1 1 10 6.16 0.76 5.375 0.05 0.05 0 1.95 0 0 2.9 0.1 0.4 1 4.1 3 0.1 2 2 0 0
1 0 1 0 1 0 0 0 0 1 1 0 40 -1 -1 0 1200 1 50 1 50000 10 3 3 1 1 5 1 6.9 6.9 4 2.5 1.65 0.6 0.28 2.24 0.0001 1 1.2 3 54178 6 0 0 2 1 1 1 0.0275 5 1 5.5 5.95 6.16 1.84 17.075 0.05 0.05 0 1.95 0 0 0.5 0.1 0.4 1.8 4.6 3 0.1 2 2 0 0
1 0 1 0 1 0 0 0 0 1 1 0 40 -1 -1 0 1200 1 50 1 50000 10 3 3 1 1 5 7 6.9 6.9 4 2.5 1.65 0.6 0.28 2.24 0.0001 1 1.2 3 54178 6 0 0 2 1 1 1 0.025 5 1 2.35 1 6.16 0.76 17.075 0.05 0.05 0 1.95 0 0 0.3 0.1 0.4 2 4.35 3 0.1 2 2 0 0
1 0 1 0 1 0 0 0 0 1 1 0 40 -1 -1 0 1200 1 50 1 50000 10 3 3 1 1 5 0 6.9 6.9 4 2.5 1.65 0.6 0.28 2.24 0.0001 1 1.2 3 54178 6 0 0 2 1 1 1 0.015 5 1 1 7.75 3.28 2.74 5.375 0.05 0.05 0 1.95 0 0 1.3 0.1 0.4 4.6 2.6 3 0.1 2 2 0 0
1 0 1 0 1 0 0 0 0 1 1 0 40 -1 -1 0 1200 1 50 1 50000 10 3 3 1 1 5 4 6.9 6.9 4 2.5 1.65 0.6 0.28 2.24 0.0001 1 1.2 3 54178 6 0 0 2 1 1 1 0.03 5 1 7.3 1.9 10 2.02 14.15 0.05 0.05 0 1.95 0 0 1.1 0.1 0.4 5 3.85 3 0.1 2 2 0 0
1 0 1 0 1 0 0 0 0 1 1 0 40 -1 -1 0 1200 1 50 1 50000 10 3 3 1 1 5 3 6.9 6.9 4 2.5 1.65 0.6 0.28 2.24 0.0001 1 1.2 3 54178 6 0 0 2 1 1 1 0.005 5 1 6.4 6.85 5.2 1.12 13.175 0.05 0.05 0 1.95 0 0 1.5 0.1 0.4 2.4 4.85 3 0.1 2 2 0 0
1 0 1 0 1 0 0 0 0 1 1 0 40 -1 -1 0 1200 1 50 1 50000 10 3 3 1 1 5 1 6.9 6.9 4 2.5 1.65 0.6 0.28 2.24 0.0001 1 1.2 3 54178 6 0 0 2 1 1 1 0.0325 5 1 6.85 1.45 7.12 2.02 12.2 0.05 0.05 0 1.95 0 0 2.7 0.1 0.4 1 5.1 3 0.1 2 2 0 0
1 0 1 0 1 0 0 0 0 1 1 0 40 -1 -1 0 1200 1 50 1 50000 10 3 3 1 1 5 8.5 6.9 6.9 4 2.5 1.65 0.6 0.28 2.24 0.0001 1 1.2 3 54178 6 0 0 2 1 1 1 0.035 5 1 1.45 4.15 6.64 2.38 19.025 0.05 0.05 0 1.95 0 0 3.5 0.1 0.4 2.8 5.1 3 0.1 2 2 0 0
1 0 1 0 1 0 0 0 0 1 1 0 40 -1 -1 0 1200 1 50 1 50000 10 3 3 1 1 5 9 6.9 6.9 4 2.5 1.65 0.6 0.28 2.24 0.0001 1 1.2 3 54178 6 0 0 2 1 1 1 0.025 5 1 6.4 1.9 10 3.82 11.225 0.05 0.05 0 1.95 0 0 0.3 0.1 0.4 3.4 3.85 3 0.1 2 2 0 0
1 0 1 0 1 0 0 0 0 1 1 0 40 -1 -1 0 1200 1 50 1 50000 10 3 3 1 1 5 3 6.9 6.9 4 2.5 1.65 0.6 0.28 2.24 0.0001 1 1.2 3 54178 6 0 0 2 1 1 1 0.05 5 1 7.3 2.8 0.4 2.56 8.3 0.05 0.05 0 1.95 0 0 2.9 0.1 0.4 3.4 1.1 3 0.1 2 2 0 0
1 0 1 0 1 0 0 0 0 1 1 0 40 -1 -1 0 1200 1 50 1 50000 10 3 3 1 1 5 1 6.9 6.9 4 2.5 1.65 0.6 0.28 2.24 0.0001 1 1.2 3 54178 6 0 0 2 1 1 1 0.035 5 1 1 5.95 8.08 0.4 7.325 0.05 0.05 0 1.95 0 0 0.5 0.1 0.4 4.4 3.6 3 0.1 2 2 0 0
1 0 1 0 1 0 0 0 0 1 1 0 40 -1 -1 0 1200 1 50 1 50000 10 3 3 1 1 5 9.5 6.9 6.9 4 2.5 1.65 0.6 0.28 2.24 0.0001 1 1.2 3 54178 6 0 0 2 1 1 1 0.04 5 1 1.9 7.75 1.36 1.3 18.05 0.05 0.05 0 1.95 0 0 0.1 0.1 0.4 4.4 4.35 3 0.1 2 2 0 0
1 0 1 0 1 0 0 0 0 1 1 0 40 -1 -1 0 1200 1 50 1 50000 10 3 3 1 1 5 9.5 6.9 6.9 4 2.5 1.65 0.6 0.28 2.24 0.0001 1 1.2 3 54178 6 0 0 2 1 1 1 0.015 5 1 7.75 2.8 9.04 0.76 16.1 0.05 0.05 0 1.95 0 0 3.9 0.1 0.4 1.4 3.35 3 0.1 2 2 0 0
1 0 1 0 1 0 0 0 0 1 1 0 40 -1 -1 0 1200 1 50 1 50000 10 3 3 1 1 5 1.5 6.9 6.9 4 2.5 1.65 0.6 0.28 2.24 0.0001 1 1.2 3 54178 6 0 0 2 1 1 1 0.0475 5 1 8.2 5.95 2.32 2.38 7.325 0.05 0.05 0 1.95 0 0 4.1 0.1 0.4 4.4 3.85 3 0.1 2 2 0 0
1 0 1 0 1 0 0 0 0 1 1 0 40 -1 -1 0 1200 1 50 1 50000 10 3 3 1 1 5 4.5 6.9 6.9 4 2.5 1.65 0.6 0.28 2.24 0.0001 1 1.2 3 54178 6 0 0 2 1 1 1 0.05 5 1 9.1 9.1 1.36 0.76 3.425 0.05 0.05 0 1.95 0 0 0.3 0.1 0.4 4.4 4.1 3 0.1 2 2 0 0
1 0 1 0 1 0 0 0 0 1 1 0 40 -1 -1 0 1200 1 50 1 50000 10 3 3 1 1 5 6.5 6.9 6.9 4 2.5 1.65 0.6 0.28 2.24 0.0001 1 1.2 3 54178 6 0 0 2 1 1 1 0.05 5 1 6.4 6.85 10 4 12.2 0.05 0.05 0 1.95 0 0 2.1 0.1 0.4 3.8 4.6 3 0.1 2 2 0 0
1 0 1 0 1 0 0 0 0 1 1 0 40 -1 -1 0 1200 1 50 1 50000 10 3 3 1 1 5 3 6.9 6.9 4 2.5 1.65 0.6 0.28 2.24 0.0001 1 1.2 3 54178 6 0 0 2 1 1 1 0.025 5 1 2.8 4.15 2.8 4 15.125 0.05 0.05 0 1.95 0 0 3.5 0.1 0.4 1 3.85 3 0.1 2 2 0 0
1 0 1 0 1 0 0 0 0 1 1 0 40 -1 -1 0 1200 1 50 1 50000 10 3 3 1 1 5 4.5 6.9 6.9 4 2.5 1.65 0.6 0.28 2.24 0.0001 1 1.2 3 54178 6 0 0 2 1 1 1 0.045 5 1 2.8 3.25 10 3.64 13.175 0.05 0.05 0 1.95 0 0 2.1 0.1 0.4 3.8 0.85 3 0.1 2 2 0 0
1 0 1 0 1 0 0 0 0 1 1 0 40 -1 -1 0 1200 1 50 1 50000 10 3 3 1 1 5 2.5 6.9 6.9 4 2.5 1.65 0.6 0.28 2.24 0.0001 1 1.2 3 54178 6 0 0 2 1 1 1 0.0275 5 1 1 2.8 5.68 2.02 19.025 0.05 0.05 0 1.95 0 0 3.9 0.1 0.4 2.8 3.85 3 0.1 2 2 0 0
1 0 1 0 1 0 0 0 0 1 1 0 40 -1 -1 0 1200 1 50 1 50000 10 3 3 1 1 5 4 6.9 6.9 4 2.5 1.65 0.6 0.28 2.24 0.0001 1 1.2 3 54178 6 0 0 2 1 1 1 0.0225 5 1 8.65 3.7 9.52 2.2 12.2 0.05 0.05 0 1.95 0 0 2.1 0.1 0.4 4 5.1 3 0.1 2 2 0 0
1 0 1 0 1 0 0 0 0 1 1 0 40 -1 -1 0 1200 1 50 1 50000 10 3 3 1 1 5 5 6.9 6.9 4 2.5 1.65 0.6 0.28 2.24 0.0001 1 1.2 3 54178 6 0 0 2 1 1 1 0.0225 5 1 3.25 9.55 8.56 0.94 17.075 0.05 0.05 0 1.95 0 0 1.3 0.1 0.4 4.8 0.6 3 0.1 2 2 0 0
1 0 1 0 1 0 0 0 0 1 1 0 40 -1 -1 0 1200 1 50 1 50000 10 3 3 1 1 5 9.5 6.9 6.9 4 2.5 1.65 0.6 0.28 2.24 0.0001 1 1.2 3 54178 6 0 0 2 1 1 1 0.02 5 1 10 5.05 4.24 1.48 15.125 0.05 0.05 0 1.95 0 0 2.3 0.1 0.4 2.8 1.1 3 0.1 2 2 0 0
1 0 1 0 1 0 0 0 0 1 1 0 40 -1 -1 0 1200 1 50 1 50000 10 3 3 1 1 5 2.5 6.9 6.9 4 2.5 1.65 0.6 0.28 2.24 0.0001 1 1.2 3 54178 6 0 0 2 1 1 1 0 5 1 8.2 6.85 9.52 0.94 11.225 0.05 0.05 0 1.95 0 0 3.9 0.1 0.4 2.4 2.6 3 0.1 2 2 0 0
1 0 1 0 1 0 0 0 0 1 1 0 40 -1 -1 0 1200 1 50 1 50000 10 3 3 1 1 5 6 6.9 6.9 4 2.5 1.65 0.6 0.28 2.24 0.0001 1 1.2 3 54178 6 0 0 2 1 1 1 0.05 5 1 2.8 4.15 8.56 3.46 2.45 0.05 0.05 0 1.95 0 0 1.1 0.1 0.4 4.2 2.6 3 0.1 2 2 0 0
1 0 1 0 1 0 0 0 0 1 1 0 40 -1 -1 0 1200 1 50 1 50000 10 3 3 1 1 5 0 6.9 6.9 4 2.5 1.65 0.6 0.28 2.24 0.0001 1 1.2 3 54178 6 0 0 2 1 1 1 0.04 5 1 6.85 9.1 0.88 2.74 1.475 0.05 0.05 0 1.95 0 0 0.9 0.1 0.4 1.2 3.6 3 0.1 2 2 0 0
1 0 1 0 1 0 0 0 0 1 1 0 40 -1 -1 0 1200 1 50 1 50000 10 3 3 1 1 5 0 6.9 6.9 4 2.5 1.65 0.6 0.28 2.24 0.0001 1 1.2 3 54178 6 0 0 2 1 1 1 0.02 5 1 3.7 7.3 8.56 3.46 11.225 0.05 0.05 0 1.95 0 0 0.7 0.1 0.4 4 0.85 3 0.1 2 2 0 0
1 0 1 0 1 0 0 0 0 1 1 0 40 -1 -1 0 1200 1 50 1 50000 10 3 3 1 1 5 7.5 6.9 6.9 4 2.5 1.65 0.6 0.28 2.24 0.0001 1 1.2 3 54178 6 0 0 2 1 1 1 0.04 5 1 7.75 10 8.56 1.66 0.5 0.05 0.05 0 1.95 0 0 1.5 0.1 0.4 3.8 0.85 3 0.1 2 2 0 0
1 0 1 0 1 0 0 0 0 1 1 0 40 -1 -1 0 1200 1 50 1 50000 10 3 3 1 1 5 9.5 6.9 6.9 4 2.5 1.65 0.6 0.28 2.24 0.0001 1 1.2 3 54178 6 0 0 2 1 1 1 0.045 5 1 1.45 3.25 5.2 2.56 3.425 0.05 0.05 0 1.95 0 0 1.1 0.1 0.4 4.2 2.85 3 0.1 2 2 0 0
1 0 1 0 1 0 0 0 0 1 1 0 40 -1 -1 0 1200 1 50 1 50000 10 3 3 1 1 5 5 6.9 6.9 4 2.5 1.65 0.6 0.28 2.24 0.0001 1 1.2 3 54178 6 0 0 2 1 1 1 0.0175 5 1 5.95 2.35 3.76 4 6.35 0.05 0.05 0 1.95 0 0 0.7 0.1 0.4 4.2 0.6 3 0.1 2 2 0 0
1 0 1 0 1 0 0 0 0 1 1 0 40 -1 -1 0 1200 1 50 1 50000 10 3 3 1 1 5 7.5 6.9 6.9 4 2.5 1.65 0.6 0.28 2.24 0.0001 1 1.2 3 54178 6 0 0 2 1 1 1 0.0075 5 1 8.2 8.65 8.56 2.74 19.025 0.05 0.05 0 1.95 0 0 2.3 0.1 0.4 4.2 2.85 3 0.1 2 2 0 0
1 0 1 0 1 0 0 0 0 1 1 0 40 -1 -1 0 1200 1 50 1 50000 10 3 3 1 1 5 1.5 6.9 6.9 4 2.5 1.65 0.6 0.28 2.24 0.0001 1 1.2 3 54178 6 0 0 2 1 1 1 0.0125 5 1 7.3 8.65 1.36 4 9.275 0.05 0.05 0 1.95 0 0 1.5 0.1 0.4 4.6 1.35 3 0.1 2 2 0 0
1 0 1 0 1 0 0 0 0 1 1 0 40 -1 -1 0 1200 1 50 1 50000 10 3 3 1 1 5 4 6.9 6.9 4 2.5 1.65 0.6 0.28 2.24 0.0001 1 1.2 3 54178 6 0 0 2 1 1 1 0 5 1 7.3 6.85 4.24 3.46 8.3 0.05 0.05 0 1.95 0 0 0.5 0.1 0.4 1.4 1.85 3 0.1 2 2 0 0
1 0 1 0 1 0 0 0 0 1 1 0 40 -1 -1 0 1200 1 50 1 50000 10 3 3 1 1 5 3.5 6.9 6.9 4 2.5 1.65 0.6 0.28 2.24 0.0001 1 1.2 3 54178 6 0 0 2 1 1 1 0.045 5 1 3.25 7.3 2.32 2.92 8.3 0.05 0.05 0 1.95 0 0 2.3 0.1 0.4 1.6 1.35 3 0.1 2 2 0 0
1 0 1 0 1 0 0 0 0 1 1 0 40 -1 -1 0 1200 1 50 1 50000 10 3 3 1 1 5 6 6.9 6.9 4 2.5 1.65 0.6 0.28 2.24 0.0001 1 1.2 3 54178 6 0 0 2 1 1 1 0.0375 5 1 8.2 9.55 5.2 2.56 16.1 0.05 0.05 0 1.95 0 0 0.3 0.1 0.4 4 2.85 3 0.1 2 2 0 0
1 0 1 0 1 0 0 0 0 1 1 0 40 -1 -1 0 1200 1 50 1 50000 10 3 3 1 1 5 2 6.9 6.9 4 2.5 1.65 0.6 0.28 2.24 0.0001 1 1.2 3 54178 6 0 0 2 1 1 1 0.0375 5 1 7.3 8.2 7.6 2.02 20 0.05 0.05 0 1.95 0 0 2.1 0.1 0.4 2.2 3.6 3 0.1 2 2 0 0
1 0 1 0 1 0 0 0 0 1 1 0 40 -1 -1 0 1200 1 50 1 50000 10 3 3 1 1 5 7.5 6.9 6.9 4 2.5 1.65 0.6 0.28 2.24 0.0001 1 1.2 3 54178 6 0 0 2 1 1 1 0.0025 5 1 9.1 4.15 1.84 0.94 2.45 0.05 0.05 0 1.95 0 0 2.3 0.1 0.4 2.8 3.35 3 0.1 2 2 0 0
1 0 1 0 1 0 0 0 0 1 1 0 40 -1 -1 0 1200 1 50 1 50000 10 3 3 1 1 5 6.5 6.9 6.9 4 2.5 1.65 0.6 0.28 2.24 0.0001 1 1.2 3 54178 6 0 0 2 1 1 1 0.0175 5 1 7.75 3.25 7.12 2.2 6.35 0.05 0.05 0 1.95 0 0 2.3 0.1 0.4 3 4.35 3 0.1 2 2 0 0
1 0 1 0 1 0 0 0 0 1 1 0 40 -1 -1 0 1200 1 50 1 50000 10 3 3 1 1 5 10 6.9 6.9 4 2.5 1.65 0.6 0.28 2.24 0.0001 1 1.2 3 54178 6 0 0 2 1 1 1 0.0375 5 1 6.4 7.3 7.12 1.12 15.125 0.05 0.05 0 1.95 0 0 3.3 0.1 0.4 4 3.85 3 0.1 2 2 0 0
1 0 1 0 1 0 0 0 0 1 1 0 40 -1 -1 0 1200 1 50 1 50000 10 3 3 1 1 5 4.5 6.9 6.9 4 2.5 1.65 0.6 0.28 2.24 0.0001 1 1.2 3 54178 6 0 0 2 1 1 1 0.0375 5 1 5.05 2.35 2.8 1.12 7.325 0.05 0.05 0 1.95 0 0 0.5 0.1 0.4 2.2 0.85 3 0.1 2 2 0 0
1 0 1 0 1 0 0 0 0 1 1 0 40 -1 -1 0 1200 1 50 1 50000 10 3 3 1 1 5 1.5 6.9 6.9 4 2.5 1.65 0.6 0.28 2.24 0.0001 1 1.2 3 54178 6 0 0 2 1 1 1 0.03 5 1 1.9 9.55 2.32 0.4 6.35 0.05 0.05 0 1.95 0 0 1.9 0.1 0.4 2.8 1.85 3 0.1 2 2 0 0
1 0 1 0 1 0 0 0 0 1 1 0 40 -1 -1 0 1200 1 50 1 50000 10 3 3 1 1 5 0 6.9 6.9 4 2.5 1.65 0.6 0.28 2.24 0.0001 1 1.2 3 54178 6 0 0 2 1 1 1 0.0375 5 1 5.05 9.55 2.8 2.74 12.2 0.05 0.05 0 1.95 0 0 3.1 0.1 0.4 4.8 1.35 3 0.1 2 2 0 0
1 0 1 0 1 0 0 0 0 1 1 0 40 -1 -1 0 1200 1 50 1 50000 10 3 3 1 1 5 9.5 6.9 6.9 4 2.5 1.65 0.6 0.28 2.24 0.0001 1 1.2 3 54178 6 0 0 2 1 1 1 0.05 5 1 2.8 5.05 6.64 2.38 20 0.05 0.05 0 1.95 0 0 2.3 0.1 0.4 3.8 0.1 3 0.1 2 2 0 0
1 0 1 0 1 0 0 0 0 1 1 0 40 -1 -1 0 1200 1 50 1 50000 10 3 3 1 1 5 8.5 6.9 6.9 4 2.5 1.65 0.6 0.28 2.24 0.0001 1 1.2 3 54178 6 0 0 2 1 1 1 0.0275 5 1 8.2 10 0.4 3.1 17.075 0.05 0.05 0 1.95 0 0 2.1 0.1 0.4 4.2 0.85 3 0.1 2 2 0 0
1 0 1 0 1 0 0 0 0 1 1 0 40 -1 -1 0 1200 1 50 1 50000 10 3 3 1 1 5 3 6.9 6.9 4 2.5 1.65 0.6 0.28 2.24 0.0001 1 1.2 3 54178 6 0 0 2 1 1 1 0.05 5 1 1.9 3.7 7.6 1.3 1.475 0.05 0.05 0 1.95 0 0 0.5 0.1 0.4 3.6 4.6 3 0.1 2 2 0 0
1 0 1 0 1 0 0 0 0 1 1 0 40 -1 -1 0 1200 1 50 1 50000 10 3 3 1 1 5 3 6.9 6.9 4 2.5 1.65 0.6 0.28 2.24 0.0001 1 1.2 3 54178 6 0 0 2 1 1 1 0.035 5 1 5.95 3.7 2.8 2.38 3.425 0.05 0.05 0 1.95 0 0 3.3 0.1 0.4 3.4 3.6 3 0.1 2 2 0 0
1 0 1 0 1 0 0 0 0 1 1 0 40 -1 -1 0 1200 1 50 1 50000 10 3 3 1 1 5 3 6.9 6.9 4 2.5 1.65 0.6 0.28 2.24 0.0001 1 1.2 3 54178 6 0 0 2 1 1 1 0.05 5 1 1 5.5 1.84 0.76 2.45 0.05 0.05 0 1.95 0 0 1.1 0.1 0.4 4.2 3.1 3 0.1 2 2 0 0
1 0 1 0 1 0 0 0 0 1 1 0 40 -1 -1 0 1200 1 50 1 50000 10 3 3 1 1 5 0.5 6.9 6.9 4 2.5 1.65 0.6 0.28 2.24 0.0001 1 1.2 3 54178 6 0 0 2 1 1 1 0.0275 5 1 8.65 2.35 6.64 3.28 20 0.05 0.05 0 1.95 0 0 0.5 0.1 0.4 3 4.35 3 0.1 2 2 0 0
1 0 1 0 1 0 0 0 0 1 1 0 40 -1 -1 0 1200 1 50 1 50000 10 3 3 1 1 5 6.5 6.9 6.9 4 2.5 1.65 0.6 0.28 2.24 0.0001 1 1.2 3 54178 6 0 0 2 1 1 1 0.0125 5 1 3.25 2.8 8.08 0.76 2.45 0.05 0.05 0 1.95 0 0 1.7 0.1 0.4 2.2 3.1 3 0.1 2 2 0 0
1 0 1 0 1 0 0 0 0 1 1 0 40 -1 -1 0 1200 1 50 1 50000 10 3 3 1 1 5 6.5 6.9 6.9 4 2.5 1.65 0.6 0.28 2.24 0.0001 1 1.2 3 54178 6 0 0 2 1 1 1 0.0425 5 1 5.05 1.9 0.4 1.66 11.225 0.05 0.05 0 1.95 0 0 3.3 0.1 0.4 1.2 0.35 3 0.1 2 2 0 0
1 0 1 0 1 0 0 0 0 1 1 0 40 -1 -1 0 1200 1 50 1 50000 10 3 3 1 1 5 10 6.9 6.9 4 2.5 1.65 0.6 0.28 2.24 0.0001 1 1.2 3 54178 6 0 0 2 1 1 1 0.025 5 1 7.75 2.8 7.12 0.76 7.325 0.05 0.05 0 1.95 0 0 0.7 0.1 0.4 1 0.1 3 0.1 2 2 0 0
1 0 1 0 1 0 0 0 0 1 1 0 40 -1 -1 0 1200 1 50 1 50000 10 3 3 1 1 5 7.5 6.9 6.9 4 2.5 1.65 0.6 0.28 2.24 0.0001 1 1.2 3 54178 6 0 0 2 1 1 1 0.0075 5 1 4.6 9.55 9.04 0.76 16.1 0.05 0.05 0 1.95 0 0 3.9 0.1 0.4 2.6 1.35 3 0.1 2 2 0 0
1 0 1 0 1 0 0 0 0 1 1 0 40 -1 -1 0 1200 1 50 1 50000 10 3 3 1 1 5 2 6.9 6.9 4 2.5 1.65 0.6 0.28 2.24 0.0001 1 1.2 3 54178 6 0 0 2 1 1 1 0.0375 5 1 10 7.75 8.08 1.12 1.475 0.05 0.05 0 1.95 0 0 4.1 0.1 0.4 4.4 2.1 3 0.1 2 2 0 0
1 0 1 0 1 0 0 0 0 1 1 0 40 -1 -1 0 1200 1 50 1 50000 10 3 3 1 1 5 5 6.9 6.9 4 2.5 1.65 0.6 0.28 2.24 0.0001 1 1.2 3 54178 6 0 0 2 1 1 1 0.05 5 1 6.4 6.85 8.56 3.1 5.375 0.05 0.05 0 1.95 0 0 3.9 0.1 0.4 4 4.6 3 0.1 2 2 0 0
1 0 1 0 1 0 0 0 0 1 1 0 40 -1 -1 0 1200 1 50 1 50000 10 3 3 1 1 5 5 6.9 6.9 4 2.5 1.65 0.6 0.28 2.24 0.0001 1 1.2 3 54178 6 0 0 2 1 1 1 0.01 5 1 1 6.4 8.08 3.28 14.15 0.05 0.05 0 1.95 0 0 3.1 0.1 0.4 4.8 3.1 3 0.1 2 2 0 0
1 0 1 0 1 0 0 0 0 1 1 0 40 -1 -1 0 1200 1 50 1 50000 10 3 3 1 1 5 4.5 6.9 6.9 4 2.5 1.65 0.6 0.28 2.24 0.0001 1 1.2 3 54178 6 0 0 2 1 1 1 0.0425 5 1 5.5 6.85 2.8 2.38 19.025 0.05 0.05 0 1.95 0 0 2.5 0.1 0.4 4.2 4.1 3 0.1 2 2 0 0
1 0 1 0 1 0 0 0 0 1 1 0 40 -1 -1 0 1200 1 50 1 50000 10 3 3 1 1 5 7 6.9 6.9 4 2.5 1.65 0.6 0.28 2.24 0.0001 1 1.2 3 54178 6 0 0 2 1 1 1 0.0375 5 1 3.25 2.35 4.24 1.84 13.175 0.05 0.05 0 1.95 0 0 2.7 0.1 0.4 4 1.85 3 0.1 2 2 0 0
1 0 1 0 1 0 0 0 0 1 1 0 40 -1 -1 0 1200 1 50 1 50000 10 3 3 1 1 5 5.5 6.9 6.9 4 2.5 1.65 0.6 0.28 2.24 0.0001 1 1.2 3 54178 6 0 0 2 1 1 1 0.025 5 1 4.6 3.25 3.76 2.02 20 0.05 0.05 0 1.95 0 0 0.9 0.1 0.4 4.4 2.6 3 0.1 2 2 0 0
1 0 1 0 1 0 0 0 0 1 1 0 40 -1 -1 0 1200 1 50 1 50000 10 3 3 1 1 5 0.5 6.9 6.9 4 2.5 1.65 0.6 0.28 2.24 0.0001 1 1.2 3 54178 6 0 0 2 1 1 1 0 5 1 5.95 5.5 1.84 0.94 9.275 0.05 0.05 0 1.95 0 0 1.7 0.1 0.4 4.2 2.35 3 0.1 2 2 0 0
1 0 1 0 1 0 0 0 0 1 1 0 40 -1 -1 0 1200 1 50 1 50000 10 3 3 1 1 5 9.5 6.9 6.9 4 2.5 1.65 0.6 0.28 2.24 0.0001 1 1.2 3 54178 6 0 0 2 1 1 1 0.0125 5 1 9.1 7.75 2.8 2.2 8.3 0.05 0.05 0 1.95 0 0 2.9 0.1 0.4 2.6 4.1 3 0.1 2 2 0 0
1 0 1 0 1 0 0 0 0 1 1 0 40 -1 -1 0 1200 1 50 1 50000 10 3 3 1 1 5 0.5 6.9 6.9 4 2.5 1.65 0.6 0.28 2.24 0.0001 1 1.2 3 54178 6 0 0 2 1 1 1 0.045 5 1 7.75 6.4 3.28 3.28 4.4 0.05 0.05 0 1.95 0 0 2.1 0.1 0.4 4.2 2.6 3 0.1 2 2 0 0
1 0 1 0 1 0 0 0 0 1 1 0 40 -1 -1 0 1200 1 50 1 50000 10 3 3 1 1 5 5.5 6.9 6.9 4 2.5 1.65 0.6 0.28 2.24 0.0001 1 1.2 3 54178 6 0 0 2 1 1 1 0.0175 5 1 5.95 1.9 4.24 0.4 0.5 0.05 0.05 0 1.95 0 0 0.5 0.1 0.4 4.8 3.1 3 0.1 2 2 0 0
1 0 1 0 1 0 0 0 0 1 1 0 40 -1 -1 0 1200 1 50 1 50000 10 3 3 1 1 5 8.5 6.9 6.9 4 2.5 1.65 0.6 0.28 2.24 0.0001 1 1.2 3 54178 6 0 0 2 1 1 1 0.045 5 1 5.5 9.1 8.56 4 11.225 0.05 0.05 0 1.95 0 0 2.1 0.1 0.4 4.4 2.85 3 0.1 2 2 0 0
1 0 1 0 1 0 0 0 0 1 1 0 40 -1 -1 0 1200 1 50 1 50000 10 3 3 1 1 5 5.5 6.9 6.9 4 2.5 1.65 0.6 0.28 2.24 0.0001 1 1.2 3 54178 6 0 0 2 1 1 1 0.01 5 1 8.65 4.15 2.32 0.4 11.225 0.05 0.05 0 1.95 0 0 3.7 0.1 0.4 3.4 1.1 3 0.1 2 2 0 0
1 0 1 0 1 0 0 0 0 1 1 0 40 -1 -1 0 1200 1 50 1 50000 10 3 3 1 1 5 9 6.9 6.9 4 2.5 1.65 0.6 0.28 2.24 0.0001 1 1.2 3 54178 6 0 0 2 1 1 1 0.03 5 1 6.85 2.8 7.12 2.38 6.35 0.05 0.05 0 1.95 0 0 1.1 0.1 0.4 2 0.1 3 0.1 2 2 0 0
1 0 1 0 1 0 0 0 0 1 1 0 40 -1 -1 0 1200 1 50 1 50000 10 3 3 1 1 5 0.5 6.9 6.9 4 2.5 1.65 0.6 0.28 2.24 0.0001 1 1.2 3 54178 6 0 0 2 1 1 1 0.0075 5 1 2.8 7.3 0.4 1.48 6.35 0.05 0.05 0 1.95 0 0 2.5 0.1 0.4 1 2.1 3 0.1 2 2 0 0
1 0 1 0 1 0 0 0 0 1 1 0 40 -1 -1 0 1200 1 50 1 50000 10 3 3 1 1 5 7.5 6.9 6.9 4 2.5 1.65 0.6 0.28 2.24 0.0001 1 1.2 3 54178 6 0 0 2 1 1 1 0.035 5 1 8.65 7.3 6.16 1.12 14.15 0.05 0.05 0 1.95 0 0 3.9 0.1 0.4 3.6 0.6 3 0.1 2 2 0 0
1 0 1 0 1 0 0 0 0 1 1 0 40 -1 -1 0 1200 1 50 1 50000 10 3 3 1 1 5 4 6.9 6.9 4 2.5 1.65 0.6 0.28 2.24 0.0001 1 1.2 3 54178 6 0 0 2 1 1 1 0.0325 5 1 6.4 7.3 4.24 0.94 13.175 0.05 0.05 0 1.95 0 0 3.3 0.1 0.4 4.4 0.1 3 0.1 2 2 0 0
1 0 1 0 1 0 0 0 0 1 1 0 40 -1 -1 0 1200 1 50 1 50000 10 3 3 1 1 5 2.5 6.9 6.9 4 2.5 1.65 0.6 0.28 2.24 0.0001 1 1.2 3 54178 6 0 0 2 1 1 1 0.045 5 1 6.85 6.85 7.6 1.48 13.175 0.05 0.05 0 1.95 0 0 2.9 0.1 0.4 1.2 0.35 3 0.1 2 2 0 0
1 0 1 0 1 0 0 0 0 1 1 0 40 -1 -1 0 1200 1 50 1 50000 10 3 3 1 1 5 9.5 6.9 6.9 4 2.5 1.65 0.6 0.28 2.24 0.0001 1 1.2 3 54178 6 0 0 2 1 1 1 0 5 1 5.5 8.2 0.4 0.94 8.3 0.05 0.05 0 1.95 0 0 3.1 0.1 0.4 5 5.1 3 0.1 2 2 0 0
1 0 1 0 1 0 0 0 0 1 1 0 40 -1 -1 0 1200 1 50 1 50000 10 3 3 1 1 5 7 6.9 6.9 4 2.5 1.65 0.6 0.28 2.24 0.0001 1 1.2 3 54178 6 0 0 2 1 1 1 0.045 5 1 1.9 4.6 4.72 0.4 6.35 0.05 0.05 0 1.95 0 0 1.9 0.1 0.4 3.4 3.1 3 0.1 2 2 0 0
1 0 1 0 1 0 0 0 0 1 1 0 40 -1 -1 0 1200 1 50 1 50000 10 3 3 1 1 5 7.5 6.9 6.9 4 2.5 1.65 0.6 0.28 2.24 0.0001 1 1.2 3 54178 6 0 0 2 1 1 1 0.01 5 1 3.7 9.55 6.16 2.38 16.1 0.05 0.05 0 1.95 0 0 4.1 0.1 0.4 4.6 2.6 3 0.1 2 2 0 0
1 0 1 0 1 0 0 0 0 1 1 0 40 -1 -1 0 1200 1 50 1 50000 10 3 3 1 1 5 8.5 6.9 6.9 4 2.5 1.65 0.6 0.28 2.24 0.0001 1 1.2 3 54178 6 0 0 2 1 1 1 0.01 5 1 8.2 9.55 9.04 2.92 19.025 0.05 0.05 0 1.95 0 0 1.7 0.1 0.4 3.2 0.35 3 0.1 2 2 0 0
1 0 1 0 1 0 0 0 0 1 1 0 40 -1 -1 0 1200 1 50 1 50000 10 3 3 1 1 5 4.5 6.9 6.9 4 2.5 1.65 0.6 0.28 2.24 0.0001 1 1.2 3 54178 6 0 0 2 1 1 1 0.0375 5 1 6.4 2.8 8.56 1.12 5.375 0.05 0.05 0 1.95 0 0 2.3 0.1 0.4 2.2 2.35 3 0.1 2 2 0 0
1 0 1 0 1 0 0 0 0 1 1 0 40 -1 -1 0 1200 1 50 1 50000 10 3 3 1 1 5 3 6.9 6.9 4 2.5 1.65 0.6 0.28 2.24 0.0001 1 1.2 3 54178 6 0 0 2 1 1 1 0.0375 5 1 1.9 8.65 5.2 4 12.2 0.05 0.05 0 1.95 0 0 1.1 0.1 0.4 3.2 2.6 3 0.1 2 2 0 0
1 0 1 0 1 0 0 0 0 1 1 0 40 -1 -1 0 1200 1 50 1 50000 10 3 3 1 1 5 4.5 6.9 6.9 4 2.5 1.65 0.6 0.28 2.24 0.0001 1 1.2 3 54178 6 0 0 2 1 1 1 0.0275 5 1 3.25 7.75 6.16 1.48 2.45 0.05 0.05 0 1.95 0 0 3.3 0.1 0.4 5 1.1 3 0.1 2 2 0 0
1 0 1 0 1 0 0 0 0 1 1 0 40 -1 -1 0 1200 1 50 1 50000 10 3 3 1 1 5 1.5 6.9 6.9 4 2.5 1.65 0.6 0.28 2.24 0.0001 1 1.2 3 54178 6 0 0 2 1 1 1 0.0025 5 1 6.85 10 3.28 3.28 3.425 0.05 0.05 0 1.95 0 0 3.5 0.1 0.4 2 1.6 3 0.1 2 2 0 0
1 0 1 0 1 0 0 0 0 1 1 0 40 -1 -1 0 1200 1 50 1 50000 10 3 3 1 1 5 9.5 6.9 6.9 4 2.5 1.65 0.6 0.28 2.24 0.0001 1 1.2 3 54178 6 0 0 2 1 1 1 0 5 1 5.95 1 3.76 0.76 16.1 0.05 0.05 0 1.95 0 0 2.7 0.1 0.4 5 4.35 3 0.1 2 2 0 0
1 0 1 0 1 0 0 0 0 1 1 0 40 -1 -1 0 1200 1 50 1 50000 10 3 3 1 1 5 7.5 6.9 6.9 4 2.5 1.65 0.6 0.28 2.24 0.0001 1 1.2 3 54178 6 0 0 2 1 1 1 0.0325 5 1 5.95 4.6 6.64 2.2 10.25 0.05 0.05 0 1.95 0 0 3.5 0.1 0.4 3.4 0.35 3 0.1 2 2 0 0
1 0 1 0 1 0 0 0 0 1 1 0 40 -1 -1 0 1200 1 50 1 50000 10 3 3 1 1 5 4 6.9 6.9 4 2.5 1.65 0.6 0.28 2.24 0.0001 1 1.2 3 54178 6 0 0 2 1 1 1 0.0075 5 1 5.05 5.5 3.76 1.12 13.175 0.05 0.05 0 1.95 0 0 1.1 0.1 0.4 1.6 0.35 3 0.1 2 2 0 0
1 0 1 0 1 0 0 0 0 1 1 0 40 -1 -1 0 1200 1 50 1 50000 10 3 3 1 1 5 9.5 6.9 6.9 4 2.5 1.65 0.6 0.28 2.24 0.0001 1 1.2 3 54178 6 0 0 2 1 1 1 0.0425 5 1 5.05 2.8 0.88 0.94 1.475 0.05 0.05 0 1.95 0 0 4.1 0.1 0.4 1 3.35 3 0.1 2 2 0 0
1 0 1 0 1 0 0 0 0 1 1 0 40 -1 -1 0 1200 1 50 1 50000 10 3 3 1 1 5 2.5 6.9 6.9 4 2.5 1.65 0.6 0.28 2.24 0.0001 1 1.2 3 54178 6 0 0 2 1 1 1 0 5 1 6.85 1 10 2.74 0.5 0.05 0.05 0 1.95 0 0 0.7 0.1 0.4 3.2 0.85 3 0.1 2 2 0 0
1 0 1 0 1 0 0 0 0 1 1 0 40 -1 -1 0 1200 1 50 1 50000 10 3 3 1 1 5 9 6.9 6.9 4 2.5 1.65 0.6 0.28 2.24 0.0001 1 1.2 3 54178 6 0 0 2 1 1 1 0.0025 5 1 5.5 6.85 3.76 0.76 0.5 0.05 0.05 0 1.95 0 0 3.9 0.1 0.4 2.2 2.85 3 0.1 2 2 0 0
1 0 1 0 1 0 0 0 0 1 1 0 40 -1 -1 0 1200 1 50 1 50000 10 3 3 1 1 5 4.5 6.9 6.9 4 2.5 1.65 0.6 0.28 2.24 0.0001 1 1.2 3 54178 6 0 0 2 1 1 1 0.0175 5 1 5.05 1 1.84 1.48 13.175 0.05 0.05 0 1.95 0 0 2.5 0.1 0.4 4.8 0.6 3 0.1 2 2 0 0
1 0 1 0 1 0 0 0 0 1 1 0 40 -1 -1 0 1200 1 50 1 50000 10 3 3 1 1 5 1 6.9 6.9 4 2.5 1.65 0.6 0.28 2.24 0.0001 1 1.2 3 54178 6 0 0 2 1 1 1 0.0325 5 1 8.65 2.8 4.24 1.48 13.175 0.05 0.05 0 1.95 0 0 3.9 0.1 0.4 2.2 4.6 3 0.1 2 2 0 0
1 0 1 0 1 0 0 0 0 1 1 0 40 -1 -1 0 1200 1 50 1 50000 10 3 3 1 1 5 2.5 6.9 6.9 4 2.5 1.65 0.6 0.28 2.24 0.0001 1 1.2 3 54178 6 0 0 2 1 1 1 0.0325 5 1 9.1 5.05 0.4 3.46 10.25 0.05 0.05 0 1.95 0 0 3.9 0.1 0.4 1.2 0.35 3 0.1 2 2 0 0
1 0 1 0 1 0 0 0 0 1 1 0 40 -1 -1 0 1200 1 50 1 50000 10 3 3 1 1 5 1 6.9 6.9 4 2.5 1.65 0.6 0.28 2.24 0.0001 1 1.2 3 54178 6 0 0 2 1 1 1 0.035 5 1 2.35 9.55 4.24 2.02 15.125 0.05 0.05 0 1.95 0 0 3.9 0.1 0.4 1 2.35 3 0.1 2 2 0 0
1 0 1 0 1 0 0 0 0 1 1 0 40 -1 -1 0 1200 1 50 1 50000 10 3 3 1 1 5 0 6.9 6.9 4 2.5 1.65 0.6 0.28 2.24 0.0001 1 1.2 3 54178 6 0 0 2 1 1 1 0.03 5 1 5.05 4.15 0.88 2.38 12.2 0.05 0.05 0 1.95 0 0 0.3 0.1 0.4 4.2 4.1 3 0.1 2 2 0 0
1 0 1 0 1 0 0 0 0 1 1 0 40 -1 -1 0 1200 1 50 1 50000 10 3 3 1 1 5 8.5 6.9 6.9 4 2.5 1.65 0.6 0.28 2.24 0.0001 1 1.2 3 54178 6 0 0 2 1 1 1 0.03 5 1 4.6 5.05 5.2 0.76 11.225 0.05 0.05 0 1.95 0 0 0.1 0.1 0.4 4.4 2.35 3 0.1 2 2 0 0
1 0 1 0 1 0 0 0 0 1 1 0 40 -1 -1 0 1200 1 50 1 50000 10 3 3 1 1 5 7 6.9 6.9 4 2.5 1.65 0.6 0.28 2.24 0.0001 1 1.2 3 54178 6 0 0 2 1 1 1 0.03 5 1 6.4 9.1 6.64 3.1 9.275 0.05 0.05 0 1.95 0 0 3.5 0.1 0.4 4.8 2.1 3 0.1 2 2 0 0
1 0 1 0 1 0 0 0 0 1 1 0 40 -1 -1 0 1200 1 50 1 50000 10 3 3 1 1 5 6 6.9 6.9 4 2.5 1.65 0.6 0.28 2.24 0.0001 1 1.2 3 54178 6 0 0 2 1 1 1 0.045 5 1 2.35 8.2 4.72 0.58 20 0.05 0.05 0 1.95 0 0 1.9 0.1 0.4 2.6 0.6 3 0.1 2 2 0 0
1 0 1 0 1 0 0 0 0 1 1 0 40 -1 -1 0 1200 1 50 1 50000 10 3 3 1 1 5 9.5 6.9 6.9 4 2.5 1.65 0.6 0.28 2.24 0.0001 1 1.2 3 54178 6 0 0 2 1 1 1 0.05 5 1 8.65 8.2 5.68 2.74 5.375 0.05 0.05 0 1.95 0 0 3.5 0.1 0.4 2.6 0.6 3 0.1 2 2 0 0
1 0 1 0 1 0 0 0 0 1 1 0 40 -1 -1 0 1200 1 50 1 50000 10 3 3 1 1 5 4 6.9 6.9 4 2.5 1.65 0.6 0.28 2.24 0.0001 1 1.2 3 54178 6 0 0 2 1 1 1 0.015 5 1 8.2 6.4 8.56 2.56 18.05 0.05 0.05 0 1.95 0 0 1.9 0.1 0.4 2.6 0.1 3 0.1 2 2 0 0
1 0 1 0 1 0 0 0 0 1 1 0 40 -1 -1 0 1200 1 50 1 50000 10 3 3 1 1 5 2.5 6.9 6.9 4 2.5 1.65 0.6 0.28 2.24 0.0001 1 1.2 3 54178 6 0 0 2 1 1 1 0.0275 5 1 5.95 3.7 8.08 1.84 1.475 0.05 0.05 0 1.95 0 0 1.5 0.1 0.4 3.8 2.6 3 0.1 2 2 0 0
1 0 1 0 1 0 0 0 0 1 1 0 40 -1 -1 0 1200 1 50 1 50000 10 3 3 1 1 5 2 6.9 6.9 4 2.5 1.65 0.6 0.28 2.24 0.0001 1 1.2 3 54178 6 0 0 2 1 1 1 0.0225 5 1 9.55 1.9 10 3.28 7.325 0.05 0.05 0 1.95 0 0 2.1 0.1 0.4 3 3.85 3 0.1 2 2 0 0
1 0 1 0 1 0 0 0 0 1 1 0 40 -1 -1 0 1200 1 50 1 50000 10 3 3 1 1 5 7.5 6.9 6.9 4 2.5 1.65 0.6 0.28 2.24 0.0001 1 1.2 3 54178 6 0 0 2 1 1 1 0.02 5 1 4.15 3.7 9.52 2.92 8.3 0.05 0.05 0 1.95 0 0 1.7 0.1 0.4 1.2 0.6 3 0.1 2 2 0 0
1 0 1 0 1 0 0 0 0 1 1 0 40 -1 -1 0 1200 1 50 1 50000 10 3 3 1 1 5 5 6.9 6.9 4 2.5 1.65 0.6 0.28 2.24 0.0001 1 1.2 3 54178 6 0 0 2 1 1 1 0.0475 5 1 3.7 10 8.08 3.28 14.15 0.05 0.05 0 1.95 0 0 0.5 0.1 0.4 2.4 1.35 3 0.1 2 2 0 0
1 0 1 0 1 0 0 0 0 1 1 0 40 -1 -1 0 1200 1 50 1 50000 10 3 3 1 1 5 4 6.9 6.9 4 2.5 1.65 0.6 0.28 2.24 0.0001 1 1.2 3 54178 6 0 0 2 1 1 1 0.0375 5 1 3.7 1.45 3.76 4 8.3 0.05 0.05 0 1.95 0 0 3.5 0.1 0.4 2.6 4.35 3 0.1 2 2 0 0
1 0 1 0 1 0 0 0 0 1 1 0 40 -1 -1 0 1200 1 50 1 50000 10 3 3 1 1 5 8.5 6.9 6.9 4 2.5 1.65 0.6 0.28 2.24 0.0001 1 1.2 3 54178 6 0 0 2 1 1 1 0.0075 5 1 9.1 8.65 0.88 3.46 14.15 0.05 0.05 0 1.95 0 0 1.9 0.1 0.4 1.2 4.6 3 0.1 2 2 0 0
1 0 1 0 1 0 0 0 0 1 1 0 40 -1 -1 0 1200 1 50 1 50000 10 3 3 1 1 5 8.5 6.9 6.9 4 2.5 1.65 0.6 0.28 2.24 0.0001 1 1.2 3 54178 6 0 0 2 1 1 1 0.04 5 1 4.15 3.7 3.76 2.56 6.35 0.05 0.05 0 1.95 0 0 2.7 0.1 0.4 1.4 3.6 3 0.1 2 2 0 0
1 0 1 0 1 0 0 0 0 1 1 0 40 -1 -1 0 1200 1 50 1 50000 10 3 3 1 1 5 2.5 6.9 6.9 4 2.5 1.65 0.6 0.28 2.24 0.0001 1 1.2 3 54178 6 0 0 2 1 1 1 0.01 5 1 1 9.55 5.68 2.74 11.225 0.05 0.05 0 1.95 0 0 3.3 0.1 0.4 4.4 4.6 3 0.1 2 2 0 0
1 0 1 0 1 0 0 0 0 1 1 0 40 -1 -1 0 1200 1 50 1 50000 10 3 3 1 1 5 4.5 6.9 6.9 4 2.5 1.65 0.6 0.28 2.24 0.0001 1 1.2 3 54178 6 0 0 2 1 1 1 0.045 5 1 3.25 4.6 10 2.2 1.475 0.05 0.05 0 1.95 0 0 3.3 0.1 0.4 1.8 3.1 3 0.1 2 2 0 0
1 0 1 0 1 0 0 0 0 1 1 0 40 -1 -1 0 1200 1 50 1 50000 10 3 3 1 1 5 4.5 6.9 6.9 4 2.5 1.65 0.6 0.28 2.24 0.0001 1 1.2 3 54178 6 0 0 2 1 1 1 0.015 5 1 6.85 8.2 4.24 1.12 3.425 0.05 0.05 0 1.95 0 0 3.9 0.1 0.4 4.6 4.6 3 0.1 2 2 0 0
1 0 1 0 1 0 0 0 0 1 1 0 40 -1 -1 0 1200 1 50 1 50000 10 3 3 1 1 5 10 6.9 6.9 4 2.5 1.65 0.6 0.28 2.24 0.0001 1 1.2 3 54178 6 0 0 2 1 1 1 0.015 5 1 2.8 7.75 3.76 3.82 7.325 0.05 0.05 0 1.95 0 0 0.1 0.1 0.4 1 1.85 3 0.1 2 2 0 0
1 0 1 0 1 0 0 0 0 1 1 0 40 -1 -1 0 1200 1 50 1 50000 10 3 3 1 1 5 5.5 6.9 6.9 4 2.5 1.65 0.6 0.28 2.24 0.0001 1 1.2 3 54178 6 0 0 2 1 1 1 0.02 5 1 4.6 5.95 6.16 4 15.125 0.05 0.05 0 1.95 0 0 0.9 0.1 0.4 2.8 4.85 3 0.1 2 2 0 0
1 0 1 0 1 0 0 0 0 1 1 0 40 -1 -1 0 1200 1 50 1 50000 10 3 3 1 1 5 7.5 6.9 6.9 4 2.5 1.65 0.6 0.28 2.24 0.0001 1 1.2 3 54178 6 0 0 2 1 1 1 0.01 5 1 7.75 5.05 5.68 3.1 4.4 0.05 0.05 0 1.95 0 0 3.3 0.1 0.4 3.6 3.35 3 0.1 2 2 0 0
1 0 1 0 1 0 0 0 0 1 1 0 40 -1 -1 0 1200 1 50 1 50000 10 3 3 1 1 5 5 6.9 6.9 4 2.5 1.65 0.6 0.28 2.24 0.0001 1 1.2 3 54178 6 0 0 2 1 1 1 0.04 5 1 3.25 3.7 5.68 3.46 16.1 0.05 0.05 0 1.95 0 0 0.7 0.1 0.4 3 2.6 3 0.1 2 2 0 0
1 0 1 0 1 0 0 0 0 1 1 0 40 -1 -1 0 1200 1 50 1 50000 10 3 3 1 1 5 9 6.9 6.9 4 2.5 1.65 0.6 0.28 2.24 0.0001 1 1.2 3 54178 6 0 0 2 1 1 1 0.0275 5 1 8.65 7.3 4.24 1.48 14.15 0.05 0.05 0 1.95 0 0 1.9 0.1 0.4 4.6 1.85 3 0.1 2 2 0 0
1 0 1 0 1 0 0 0 0 1 1 0 40 -1 -1 0 1200 1 50 1 50000 10 3 3 1 1 5 8 6.9 6.9 4 2.5 1.65 0.6 0.28 2.24 0.0001 1 1.2 3 54178 6 0 0 2 1 1 1 0.01 5 1 5.05 8.2 1.36 3.46 19.025 0.05 0.05 0 1.95 0 0 0.9 0.1 0.4 3.6 3.85 3 0.1 2 2 0 0
1 0 1 0 1 0 0 0 0 1 1 0 40 -1 -1 0 1200 1 50 1 50000 10 3 3 1 1 5 9 6.9 6.9 4 2.5 1.65 0.6 0.28 2.24 0.0001 1 1.2 3 54178 6 0 0 2 1 1 1 0.04 5 1 1.45 5.95 7.6 1.3 18.05 0.05 0.05 0 1.95 0 0 0.7 0.1 0.4 4.6 1.85 3 0.1 2 2 0 0
1 0 1 0 1 0 0 0 0 1 1 0 40 -1 -1 0 1200 1 50 1 50000 10 3 3 1 1 5 7.5 6.9 6.9 4 2.5 1.65 0.6 0.28 2.24 0.0001 1 1.2 3 54178 6 0 0 2 1 1 1 0.0175 5 1 3.25 1 8.08 4 9.275 0.05 0.05 0 1.95 0 0 1.5 0.1 0.4 4.2 1.1 3 0.1 2 2 0 0
1 0 1 0 1 0 0 0 0 1 1 0 40 -1 -1 0 1200 1 50 1 50000 10 3 3 1 1 5 2 6.9 6.9 4 2.5 1.65 0.6 0.28 2.24 0.0001 1 1.2 3 54178 6 0 0 2 1 1 1 0.0125 5 1 5.05 9.55 6.16 2.02 14.15 0.05 0.05 0 1.95 0 0 4.1 0.1 0.4 3.6 0.1 3 0.1 2 2 0 0
1 0 1 0 1 0 0 0 0 1 1 0 40 -1 -1 0 1200 1 50 1 50000 10 3 3 1 1 5 1 6.9 6.9 4 2.5 1.65 0.6 0.28 2.24 0.0001 1 1.2 3 54178 6 0 0 2 1 1 1 0.035 5 1 9.55 3.7 3.76 4 6.35 0.05 0.05 0 1.95 0 0 3.1 0.1 0.4 2.4 0.35 3 0.1 2 2 0 0
1 0 1 0 1 0 0 0 0 1 1 0 40 -1 -1 0 1200 1 50 1 50000 10 3 3 1 1 5 0.5 6.9 6.9 4 2.5 1.65 0.6 0.28 2.24 0.0001 1 1.2 3 54178 6 0 0 2 1 1 1 0.0225 5 1 6.4 8.65 5.68 2.2 15.125 0.05 0.05 0 1.95 0 0 3.3 0.1 0.4 3.8 2.35 3 0.1 2 2 0 0
1 0 1 0 1 0 0 0 0 1 1 0 40 -1 -1 0 1200 1 50 1 50000 10 3 3 1 1 5 8 6.9 6.9 4 2.5 1.65 0.6 0.28 2.24 0.0001 1 1.2 3 54178 6 0 0 2 1 1 1 0.02 5 1 1.9 5.05 7.6 4 17.075 0.05 0.05 0 1.95 0 0 2.5 0.1 0.4 2.6 0.35 3 0.1 2 2 0 0
1 0 1 0 1 0 0 0 0 1 1 0 40 -1 -1 0 1200 1 50 1 50000 10 3 3 1 1 5 0 6.9 6.9 4 2.5 1.65 0.6 0.28 2.24 0.0001 1 1.2 3 54178 6 0 0 2 1 1 1 0.0375 5 1 5.95 1.45 9.52 3.64 16.1 0.05 0.05 0 1.95 0 0 1.1 0.1 0.4 2 0.1 3 0.1 2 2 0 0
1 0 1 0 1 0 0 0 0 1 1 0 40 -1 -1 0 1200 1 50 1 50000 10 3 3 1 1 5 9 6.9 6.9 4 2.5 1.65 0.6 0.28 2.24 0.0001 1 1.2 3 54178 6 0 0 2 1 1 1 0.0325 5 1 10 4.6 10 3.1 6.35 0.05 0.05 0 1.95 0 0 0.7 0.1 0.4 1 0.6 3 0.1 2 2 0 0
1 0 1 0 1 0 0 0 0 1 1 0 40 -1 -1 0 1200 1 50 1 50000 10 3 3 1 1 5 10 6.9 6.9 4 2.5 1.65 0.6 0.28 2.24 0.0001 1 1.2 3 54178 6 0 0 2 1 1 1 0.025 5 1 10 2.8 0.4 2.02 20 0.05 0.05 0 1.95 0 0 0.3 0.1 0.4 5 4.6 3 0.1 2 2 0 0
1 0 1 0 1 0 0 0 0 1 1 0 40 -1 -1 0 1200 1 50 1 50000 10 3 3 1 1 5 7.5 6.9 6.9 4 2.5 1.65 0.6 0.28 2.24 0.0001 1 1.2 3 54178 6 0 0 2 1 1 1 0.02 5 1 1 5.5 4.24 2.02 0.5 0.05 0.05 0 1.95 0 0 2.7 0.1 0.4 1.8 3.85 3 0.1 2 2 0 0
1 0 1 0 1 0 0 0 0 1 1 0 40 -1 -1 0 1200 1 50 1 50000 10 3 3 1 1 5 7 6.9 6.9 4 2.5 1.65 0.6 0.28 2.24 0.0001 1 1.2 3 54178 6 0 0 2 1 1 1 0.0225 5 1 10 7.75 1.84 2.92 9.275 0.05 0.05 0 1.95 0 0 0.1 0.1 0.4 4.2 3.6 3 0.1 2 2 0 0
1 0 1 0 1 0 0 0 0 1 1 0 40 -1 -1 0 1200 1 50 1 50000 10 3 3 1 1 5 2 6.9 6.9 4 2.5 1.65 0.6 0.28 2.24 0.0001 1 1.2 3 54178 6 0 0 2 1 1 1 0.015 5 1 3.25 6.85 2.8 3.46 5.375 0.05 0.05 0 1.95 0 0 2.7 0.1 0.4 1.6 3.6 3 0.1 2 2 0 0
1 0 1 0 1 0 0 0 0 1 1 0 40 -1 -1 0 1200 1 50 1 50000 10 3 3 1 1 5 3 6.9 6.9 4 2.5 1.65 0.6 0.28 2.24 0.0001 1 1.2 3 54178 6 0 0 2 1 1 1 0.03 5 1 1 7.75 9.52 3.64 1.475 0.05 0.05 0 1.95 0 0 1.5 0.1 0.4 3 3.85 3 0.1 2 2 0 0
1 0 1 0 1 0 0 0 0 1 1 0 40 -1 -1 0 1200 1 50 1 50000 10 3 3 1 1 5 1.5 6.9 6.9 4 2.5 1.65 0.6 0.28 2.24 0.0001 1 1.2 3 54178 6 0 0 2 1 1 1 0.0475 5 1 8.65 10 0.4 0.58 1.475 0.05 0.05 0 1.95 0 0 0.7 0.1 0.4 3.8 3.6 3 0.1 2 2 0 0
1 0 1 0 1 0 0 0 0 1 1 0 40 -1 -1 0 1200 1 50 1 50000 10 3 3 1 1 5 8.5 6.9 6.9 4 2.5 1.65 0.6 0.28 2.24 0.0001 1 1.2 3 54178 6 0 0 2 1 1 1 0.0125 5 1 9.1 1 3.76 2.56 6.35 0.05 0.05 0 1.95 0 0 0.5 0.1 0.4 2.4 0.1 3 0.1 2 2 0 0
1 0 1 0 1 0 0 0 0 1 1 0 40 -1 -1 0 1200 1 50 1 50000 10 3 3 1 1 5 10 6.9 6.9 4 2.5 1.65 0.6 0.28 2.24 0.0001 1 1.2 3 54178 6 0 0 2 1 1 1 0.0175 5 1 1.9 5.05 1.36 2.74 8.3 0.05 0.05 0 1.95 0 0 2.1 0.1 0.4 4.8 2.35 3 0.1 2 2 0 0
1 0 1 0 1 0 0 0 0 1 1 0 40 -1 -1 0 1200 1 50 1 50000 10 3 3 1 1 5 1.5 6.9 6.9 4 2.5 1.65 0.6 0.28 2.24 0.0001 1 1.2 3 54178 6 0 0 2 1 1 1 0.02 5 1 2.35 2.35 7.6 4 20 0.05 0.05 0 1.95 0 0 4.1 0.1 0.4 1.4 3.85 3 0.1 2 2 0 0
1 0 1 0 1 0 0 0 0 1 1 0 40 -1 -1 0 1200 1 50 1 50000 10 3 3 1 1 5 8.5 6.9 6.9 4 2.5 1.65 0.6 0.28 2.24 0.0001 1 1.2 3 54178 6 0 0 2 1 1 1 0.0375 5 1 3.7 2.8 1.84 3.82 0.5 0.05 0.05 0 1.95 0 0 3.9 0.1 0.4 1 1.1 3 0.1 2 2 0 0
1 0 1 0 1 0 0 0 0 1 1 0 40 -1 -1 0 1200 1 50 1 50000 10 3 3 1 1 5 1.5 6.9 6.9 4 2.5 1.65 0.6 0.28 2.24 0.0001 1 1.2 3 54178 6 0 0 2 1 1 1 0.045 5 1 6.85 3.7 2.32 3.46 6.35 0.05 0.05 0 1.95 0 0 4.1 0.1 0.4 1 2.6 3 0.1 2 2 0 0
1 0 1 0 1 0 0 0 0 1 1 0 40 -1 -1 0 1200 1 50 1 50000 10 3 3 1 1 5 0.5 6.9 6.9 4 2.5 1.65 0.6 0.28 2.24 0.0001 1 1.2 3 54178 6 0 0 2 1 1 1 0.0375 5 1 7.75 6.4 1.36 3.82 10.25 0.05 0.05 0 1.95 0 0 1.5 0.1 0.4 1.6 1.1 3 0.1 2 2 0 0
1 0 1 0 1 0 0 0 0 1 1 0 40 -1 -1 0 1200 1 50 1 50000 10 3 3 1 1 5 0.5 6.9 6.9 4 2.5 1.65 0.6 0.28 2.24 0.0001 1 1.2 3 54178 6 0 0 2 1 1 1 0.05 5 1 2.8 1.9 6.64 1.84 13.175 0.05 0.05 0 1.95 0 0 1.3 0.1 0.4 3.2 5.1 3 0.1 2 2 0 0
1 0 1 0 1 0 0 0 0 1 1 0 40 -1 -1 0 1200 1 50 1 50000 10 3 3 1 1 5 2.5 6.9 6.9 4 2.5 1.65 0.6 0.28 2.24 0.0001 1 1.2 3 54178 6 0 0 2 1 1 1 0.0425 5 1 9.1 1 8.56 3.64 6.35 0.05 0.05 0 1.95 0 0 2.9 0.1 0.4 1.8 4.85 3 0.1 2 2 0 0
1 0 1 0 1 0 0 0 0 1 1 0 40 -1 -1 0 1200 1 50 1 50000 10 3 3 1 1 5 6.5 6.9 6.9 4 2.5 1.65 0.6 0.28 2.24 0.0001 1 1.2 3 54178 6 0 0 2 1 1 1 0.0425 5 1 4.15 5.95 9.52 2.92 17.075 0.05 0.05 0 1.95 0 0 3.1 0.1 0.4 1 3.6 3 0.1 2 2 0 0
1 0 1 0 1 0 0 0 0 1 1 0 40 -1 -1 0 1200 1 50 1 50000 10 3 3 1 1 5 5 6.9 6.9 4 2.5 1.65 0.6 0.28 2.24 0.0001 1 1.2 3 54178 6 0 0 2 1 1 1 0.0075 5 1 2.35 7.3 1.36 3.82 19.025 0.05 0.05 0 1.95 0 0 1.9 0.1 0.4 2.4 1.1 3 0.1 2 2 0 0
1 0 1 0 1 0 0 0 0 1 1 0 40 -1 -1 0 1200 1 50 1 50000 10 3 3 1 1 5 4.5 6.9 6.9 4 2.5 1.65 0.6 0.28 2.24 0.0001 1 1.2 3 54178 6 0 0 2 1 1 1 0.0025 5 1 3.7 8.65 9.52 4 7.325 0.05 0.05 0 1.95 0 0 2.9 0.1 0.4 3.6 0.1 3 0.1 2 2 0 0
1 0 1 0 1 0 0 0 0 1 1 0 40 -1 -1 0 1200 1 50 1 50000 10 3 3 1 1 5 10 6.9 6.9 4 2.5 1.65 0.6 0.28 2.24 0.0001 1 1.2 3 54178 6 0 0 2 1 1 1 0.0475 5 1 6.4 1.45 4.24 2.92 14.15 0.05 0.05 0 1.95 0 0 2.9 0.1 0.4 4.4 3.35 3 0.1 2 2 0 0
1 0 1 0 1 0 0 0 0 1 1 0 40 -1 -1 0 1200 1 50 1 50000 10 3 3 1 1 5 9 6.9 6.9 4 2.5 1.65 0.6 0.28 2.24 0.0001 1 1.2 3 54178 6 0 0 2 1 1 1 0.04 5 1 6.85 1.45 1.36 1.66 1.475 0.05 0.05 0 1.95 0 0 3.5 0.1 0.4 2.6 3.35 3 0.1 2 2 0 0
1 0 1 0 1 0 0 0 0 1 1 0 40 -1 -1 0 1200 1 50 1 50000 10 3 3 1 1 5 0 6.9 6.9 4 2.5 1.65 0.6 0.28 2.24 0.0001 1 1.2 3 54178 6 0 0 2 1 1 1 0.03 5 1 2.35 6.85 8.56 3.1 8.3 0.05 0.05 0 1.95 0 0 0.7 0.1 0.4 2.2 2.6 3 0.1 2 2 0 0
1 0 1 0 1 0 0 0 0 1 1 0 40 -1 -1 0 1200 1 50 1 50000 10 3 3 1 1 5 4 6.9 6.9 4 2.5 1.65 0.6 0.28 2.24 0.0001 1 1.2 3 54178 6 0 0 2 1 1 1 0.005 5 1 9.55 6.85 7.6 2.92 17.075 0.05 0.05 0 1.95 0 0 1.7 0.1 0.4 4.6 4.85 3 0.1 2 2 0 0
1 0 1 0 1 0 0 0 0 1 1 0 40 -1 -1 0 1200 1 50 1 50000 10 3 3 1 1 5 8 6.9 6.9 4 2.5 1.65 0.6 0.28 2.24 0.0001 1 1.2 3 54178 6 0 0 2 1 1 1 0.0375 5 1 5.05 3.7 5.2 2.92 19.025 0.05 0.05 0 1.95 0 0 3.3 0.1 0.4 2 1.6 3 0.1 2 2 0 0
1 0 1 0 1 0 0 0 0 1 1 0 40 -1 -1 0 1200 1 50 1 50000 10 3 3 1 1 5 7 6.9 6.9 4 2.5 1.65 0.6 0.28 2.24 0.0001 1 1.2 3 54178 6 0 0 2 1 1 1 0.0125 5 1 1.9 5.5 5.2 1.48 4.4 0.05 0.05 0 1.95 0 0 3.5 0.1 0.4 3.4 0.35 3 0.1 2 2 0 0
1 0 1 0 1 0 0 0 0 1 1 0 40 -1 -1 0 1200 1 50 1 50000 10 3 3 1 1 5 9.5 6.9 6.9 4 2.5 1.65 0.6 0.28 2.24 0.0001 1 1.2 3 54178 6 0 0 2 1 1 1 0.0425 5 1 4.6 9.1 1.36 1.3 7.325 0.05 0.05 0 1.95 0 0 3.1 0.1 0.4 5 0.1 3 0.1 2 2 0 0
1 0 1 0 1 0 0 0 0 1 1 0 40 -1 -1 0 1200 1 50 1 50000 10 3 3 1 1 5 9 6.9 6.9 4 2.5 1.65 0.6 0.28 2.24 0.0001 1 1.2 3 54178 6 0 0 2 1 1 1 0.0325 5 1 5.95 7.3 9.52 2.56 14.15 0.05 0.05 0 1.95 0 0 1.5 0.1 0.4 3.2 0.35 3 0.1 2 2 0 0
1 0 1 0 1 0 0 0 0 1 1 0 40 -1 -1 0 1200 1 50 1 50000 10 3 3 1 1 5 1 6.9 6.9 4 2.5 1.65 0.6 0.28 2.24 0.0001 1 1.2 3 54178 6 0 0 2 1 1 1 0.0375 5 1 8.65 5.5 7.12 2.2 18.05 0.05 0.05 0 1.95 0 0 3.9 0.1 0.4 2.6 3.1 3 0.1 2 2 0 0
1 0 1 0 1 0 0 0 0 1 1 0 40 -1 -1 0 1200 1 50 1 50000 10 3 3 1 1 5 5 6.9 6.9 4 2.5 1.65 0.6 0.28 2.24 0.0001 1 1.2 3 54178 6 0 0 2 1 1 1 0.0125 5 1 4.6 5.05 1.84 1.12 20 0.05 0.05 0 1.95 0 0 3.7 0.1 0.4 1.8 2.35 3 0.1 2 2 0 0
1 0 1 0 1 0 0 0 0 1 1 0 40 -1 -1 0 1200 1 50 1 50000 10 3 3 1 1 5 0 6.9 6.9 4 2.5 1.65 0.6 0.28 2.24 0.0001 1 1.2 3 54178 6 0 0 2 1 1 1 0.025 5 1 9.55 2.35 3.76 3.82 8.3 0.05 0.05 0 1.95 0 0 0.3 0.1 0.4 3 2.35 3 0.1 2 2 0 0
1 0 1 0 1 0 0 0 0 1 1 0 40 -1 -1 0 1200 1 50 1 50000 10 3 3 1 1 5 8 6.9 6.9 4 2.5 1.65 0.6 0.28 2.24 0.0001 1 1.2 3 54178 6 0 0 2 1 1 1 0.005 5 1 7.75 1.45 9.04 2.56 5.375 0.05 0.05 0 1.95 0 0 1.7 0.1 0.4 4.8 2.1 3 0.1 2 2 0 0
1 0 1 0 1 0 0 0 0 1 1 0 40 -1 -1 0 1200 1 50 1 50000 10 3 3 1 1 5 7 6.9 6.9 4 2.5 1.65 0.6 0.28 2.24 0.0001 1 1.2 3 54178 6 0 0 2 1 1 1 0.025 5 1 3.7 10 1.36 2.56 16.1 0.05 0.05 0 1.95 0 0 0.9 0.1 0.4 3.4 1.1 3 0.1 2 2 0 0
1 0 1 0 1 0 0 0 0 1 1 0 40 -1 -1 0 1200 1 50 1 50000 10 3 3 1 1 5 6 6.9 6.9 4 2.5 1.65 0.6 0.28 2.24 0.0001 1 1.2 3 54178 6 0 0 2 1 1 1 0.0325 5 1 6.85 6.85 1.84 3.46 3.425 0.05 0.05 0 1.95 0 0 3.3 0.1 0.4 1.8 1.6 3 0.1 2 2 0 0
1 0 1 0 1 0 0 0 0 1 1 0 40 -1 -1 0 1200 1 50 1 50000 10 3 3 1 1 5 7 6.9 6.9 4 2.5 1.65 0.6 0.28 2.24 0.0001 1 1.2 3 54178 6 0 0 2 1 1 1 0.0375 5 1 4.6 8.2 4.24 3.46 12.2 0.05 0.05 0 1.95 0 0 0.5 0.1 0.4 4.4 2.85 3 0.1 2 2 0 0
1 0 1 0 1 0 0 0 0 1 1 0 40 -1 -1 0 1200 1 50 1 50000 10 3 3 1 1 5 2.5 6.9 6.9 4 2.5 1.65 0.6 0.28 2.24 0.0001 1 1.2 3 54178 6 0 0 2 1 1 1 0.0375 5 1 5.05 9.1 0.88 0.4 9.275 0.05 0.05 0 1.95 0 0 1.3 0.1 0.4 1.8 1.85 3 0.1 2 2 0 0
1 0 1 0 1 0 0 0 0 1 1 0 40 -1 -1 0 1200 1 50 1 50000 10 3 3 1 1 5 5 6.9 6.9 4 2.5 1.65 0.6 0.28 2.24 0.0001 1 1.2 3 54178 6 0 0 2 1 1 1 0.04 5 1 7.75 10 8.08 1.48 15.125 0.05 0.05 0 1.95 0 0 3.3 0.1 0.4 2.4 4.6 3 0.1 2 2 0 0
1 0 1 0 1 0 0 0 0 1 1 0 40 -1 -1 0 1200 1 50 1 50000 10 3 3 1 1 5 8.5 6.9 6.9 4 2.5 1.65 0.6 0.28 2.24 0.0001 1 1.2 3 54178 6 0 0 2 1 1 1 0.0375 5 1 10 3.7 6.16 0.76 14.15 0.05 0.05 0 1.95 0 0 3.7 0.1 0.4 4.2 5.1 3 0.1 2 2 0 0
1 0 1 0 1 0 0 0 0 1 1 0 40 -1 -1 0 1200 1 50 1 50000 10 3 3 1 1 5 7 6.9 6.9 4 2.5 1.65 0.6 0.28 2.24 0.0001 1 1.2 3 54178 6 0 0 2 1 1 1 0.045 5 1 1.45 6.4 9.04 1.66 9.275 0.05 0.05 0 1.95 0 0 1.1 0.1 0.4 5 4.85 3 0.1 2 2 0 0
1 0 1 0 1 0 0 0 0 1 1 0 40 -1 -1 0 1200 1 50 1 50000 10 3 3 1 1 5 5 6.9 6.9 4 2.5 1.65 0.6 0.28 2.24 0.0001 1 1.2 3 54178 6 0 0 2 1 1 1 0.0325 5 1 8.2 10 4.24 2.92 15.125 0.05 0.05 0 1.95 0 0 2.3 0.1 0.4 5 3.35 3 0.1 2 2 0 0
1 0 1 0 1 0 0 0 0 1 1 0 40 -1 -1 0 1200 1 50 1 50000 10 3 3 1 1 5 9.5 6.9 6.9 4 2.5 1.65 0.6 0.28 2.24 0.0001 1 1.2 3 54178 6 0 0 2 1 1 1 0.035 5 1 10 5.5 7.12 3.28 14.15 0.05 0.05 0 1.95 0 0 3.1 0.1 0.4 4.6 2.1 3 0.1 2 2 0 0
1 0 1 0 1 0 0 0 0 1 1 0 40 -1 -1 0 1200 1 50 1 50000 10 3 3 1 1 5 5.5 6.9 6.9 4 2.5 1.65 0.6 0.28 2.24 0.0001 1 1.2 3 54178 6 0 0 2 1 1 1 0.0425 5 1 2.35 4.6 2.32 3.64 9.275 0.05 0.05 0 1.95 0 0 1.9 0.1 0.4 1.4 2.35 3 0.1 2 2 0 0
1 0 1 0 1 0 0 0 0 1 1 0 40 -1 -1 0 1200 1 50 1 50000 10 3 3 1 1 5 4.5 6.9 6.9 4 2.5 1.65 0.6 0.28 2.24 0.0001 1 1.2 3 54178 6 0 0 2 1 1 1 0.025 5 1 5.05 10 4.72 0.4 11.225 0.05 0.05 0 1.95 0 0 3.7 0.1 0.4 2.8 0.1 3 0.1 2 2 0 0
1 0 1 0 1 0 0 0 0 1 1 0 40 -1 -1 0 1200 1 50 1 50000 10 3 3 1 1 5 8.5 6.9 6.9 4 2.5 1.65 0.6 0.28 2.24 0.0001 1 1.2 3 54178 6 0 0 2 1 1 1 0.0125 5 1 10 7.3 4.72 3.1 20 0.05 0.05 0 1.95 0 0 1.9 0.1 0.4 4.6 5.1 3 0.1 2 2 0 0
1 0 1 0 1 0 0 0 0 1 1 0 40 -1 -1 0 1200 1 50 1 50000 10 3 3 1 1 5 8 6.9 6.9 4 2.5 1.65 0.6 0.28 2.24 0.0001 1 1.2 3 54178 6 0 0 2 1 1 1 0.0475 5 1 1.45 4.15 2.32 1.48 1.475 0.05 0.05 0 1.95 0 0 2.3 0.1 0.4 3 0.6 3 0.1 2 2 0 0
1 0 1 0 1 0 0 0 0 1 1 0 40 -1 -1 0 1200 1 50 1 50000 10 3 3 1 1 5 10 6.9 6.9 4 2.5 1.65 0.6 0.28 2.24 0.0001 1 1.2 3 54178 6 0 0 2 1 1 1 0.0325 5 1 3.25 8.65 5.2 2.38 9.275 0.05 0.05 0 1.95 0 0 1.5 0.1 0.4 3 1.85 3 0.1 2 2 0 0
1 0 1 0 1 0 0 0 0 1 1 0 40 -1 -1 0 1200 1 50 1 50000 10 3 3 1 1 5 5.5 6.9 6.9 4 2.5 1.65 0.6 0.28 2.24 0.0001 1 1.2 3 54178 6 0 0 2 1 1 1 0.0375 5 1 2.8 2.35 5.68 2.2 3.425 0.05 0.05 0 1.95 0 0 3.9 0.1 0.4 2 3.6 3 0.1 2 2 0 0
1 0 1 0 1 0 0 0 0 1 1 0 40 -1 -1 0 1200 1 50 1 50000 10 3 3 1 1 5 9.5 6.9 6.9 4 2.5 1.65 0.6 0.28 2.24 0.0001 1 1.2 3 54178 6 0 0 2 1 1 1 0.015 5 1 9.55 5.5 5.68 2.02 4.4 0.05 0.05 0 1.95 0 0 2.5 0.1 0.4 1.4 4.1 3 0.1 2 2 0 0
1 0 1 0 1 0 0 0 0 1 1 0 40 -1 -1 0 1200 1 50 1 50000 10 3 3 1 1 5 0 6.9 6.9 4 2.5 1.65 0.6 0.28 2.24 0.0001 1 1.2 3 54178 6 0 0 2 1 1 1 0.0475 5 1 4.6 2.35 1.84 1.48 0.5 0.05 0.05 0 1.95 0 0 2.5 0.1 0.4 4.6 1.85 3 0.1 2 2 0 0
1 0 1 0 1 0 0 0 0 1 1 0 40 -1 -1 0 1200 1 50 1 50000 10 3 3 1 1 5 0 6.9 6.9 4 2.5 1.65 0.6 0.28 2.24 0.0001 1 1.2 3 54178 6 0 0 2 1 1 1 0.005 5 1 4.15 5.95 3.76 2.02 4.4 0.05 0.05 0 1.95 0 0 0.1 0.1 0.4 5 1.35 3 0.1 2 2 0 0
1 0 1 0 1 0 0 0 0 1 1 0 40 -1 -1 0 1200 1 50 1 50000 10 3 3 1 1 5 10 6.9 6.9 4 2.5 1.65 0.6 0.28 2.24 0.0001 1 1.2 3 54178 6 0 0 2 1 1 1 0.03 5 1 4.6 6.4 1.84 2.92 16.1 0.05 0.05 0 1.95 0 0 0.5 0.1 0.4 4 2.1 3 0.1 2 2 0 0
1 0 1 0 1 0 0 0 0 1 1 0 40 -1 -1 0 1200 1 50 1 50000 10 3 3 1 1 5 3 6.9 6.9 4 2.5 1.65 0.6 0.28 2.24 0.0001 1 1.2 3 54178 6 0 0 2 1 1 1 0.05 5 1 10 6.4 2.8 1.3 6.35 0.05 0.05 0 1.95 0 0 2.5 0.1 0.4 3.4 0.6 3 0.1 2 2 0 0
1 0 1 0 1 0 0 0 0 1 1 0 40 -1 -1 0 1200 1 50 1 50000 10 3 3 1 1 5 1.5 6.9 6.9 4 2.5 1.65 0.6 0.28 2.24 0.0001 1 1.2 3 54178 6 0 0 2 1 1 1 0.035 5 1 5.5 2.8 5.2 2.38 14.15 0.05 0.05 0 1.95 0 0 3.7 0.1 0.4 2.4 3.35 3 0.1 2 2 0 0
1 0 1 0 1 0 0 0 0 1 1 0 40 -1 -1 0 1200 1 50 1 50000 10 3 3 1 1 5 7.5 6.9 6.9 4 2.5 1.65 0.6 0.28 2.24 0.0001 1 1.2 3 54178 6 0 0 2 1 1 1 0.0125 5 1 5.5 9.1 4.24 2.74 12.2 0.05 0.05 0 1.95 0 0 3.3 0.1 0.4 4 2.35 3 0.1 2 2 0 0
1 0 1 0 1 0 0 0 0 1 1 0 40 -1 -1 0 1200 1 50 1 50000 10 3 3 1 1 5 3.5 6.9 6.9 4 2.5 1.65 0.6 0.28 2.24 0.0001 1 1.2 3 54178 6 0 0 2 1 1 1 0.01 5 1 6.4 8.65 7.6 3.46 1.475 0.05 0.05 0 1.95 0 0 0.7 0.1 0.4 2.8 1.1 3 0.1 2 2 0 0
1 0 1 0 1 0 0 0 0 1 1 0 40 -1 -1 0 1200 1 50 1 50000 10 3 3 1 1 5 6 6.9 6.9 4 2.5 1.65 0.6 0.28 2.24 0.0001 1 1.2 3 54178 6 0 0 2 1 1 1 0.0275 5 1 8.2 1 10 3.46 19.025 0.05 0.05 0 1.95 0 0 2.7 0.1 0.4 3.2 4.35 3 0.1 2 2 0 0
1 0 1 0 1 0 0 0 0 1 1 0 40 -1 -1 0 1200 1 50 1 50000 10 3 3 1 1 5 0.5 6.9 6.9 4 2.5 1.65 0.6 0.28 2.24 0.0001 1 1.2 3 54178 6 0 0 2 1 1 1 0.0325 5 1 8.2 2.35 8.56 1.48 2.45 0.05 0.05 0 1.95 0 0 3.1 0.1 0.4 1.8 0.6 3 0.1 2 2 0 0
1 0 1 0 1 0 0 0 0 1 1 0 40 -1 -1 0 1200 1 50 1 50000 10 3 3 1 1 5 7 6.9 6.9 4 2.5 1.65 0.6 0.28 2.24 0.0001 1 1.2 3 54178 6 0 0 2 1 1 1 0 5 1 2.35 8.65 3.76 4 19.025 0.05 0.05 0 1.95 0 0 2.5 0.1 0.4 5 1.85 3 0.1 2 2 0 0
1 0 1 0 1 0 0 0 0 1 1 0 40 -1 -1 0 1200 1 50 1 50000 10 3 3 1 1 5 0.5 6.9 6.9 4 2.5 1.65 0.6 0.28 2.24 0.0001 1 1.2 3 54178 6 0 0 2 1 1 1 0 5 1 5.5 1.9 1.84 1.12 17.075 0.05 0.05 0 1.95 0 0 0.3 0.1 0.4 3.4 0.6 3 0.1 2 2 0 0
1 0 1 0 1 0 0 0 0 1 1 0 40 -1 -1 0 1200 1 50 1 50000 10 3 3 1 1 5 5.5 6.9 6.9 4 2.5 1.65 0.6 0.28 2.24 0.0001 1 1.2 3 54178 6 0 0 2 1 1 1 0.0275 5 1 9.55 5.05 8.08 3.82 5.375 0.05 0.05 0 1.95 0 0 2.9 0.1 0.4 4.6 2.35 3 0.1 2 2 0 0
1 0 1 0 1 0 0 0 0 1 1 0 40 -1 -1 0 1200 1 50 1 50000 10 3 3 1 1 5 1.5 6.9 6.9 4 2.5 1.65 0.6 0.28 2.24 0.0001 1 1.2 3 54178 6 0 0 2 1 1 1 0.04 5 1 5.05 5.5 0.4 3.82 13.175 0.05 0.05 0 1.95 0 0 3.9 0.1 0.4 2 0.85 3 0.1 2 2 0 0
1 0 1 0 1 0 0 0 0 1 1 0 40 -1 -1 0 1200 1 50 1 50000 10 3 3 1 1 5 10 6.9 6.9 4 2.5 1.65 0.6 0.28 2.24 0.0001 1 1.2 3 54178 6 0 0 2 1 1 1 0.02 5 1 8.2 3.25 0.4 0.58 4.4 0.05 0.05 0 1.95 0 0 0.3 0.1 0.4 3 5.1 3 0.1 2 2 0 0
1 0 1 0 1 0 0 0 0 1 1 0 40 -1 -1 0 1200 1 50 1 50000 10 3 3 1 1 5 9 6.9 6.9 4 2.5 1.65 0.6 0.28 2.24 0.0001 1 1.2 3 54178 6 0 0 2 1 1 1 0.04 5 1 4.15 1.45 0.4 0.94 6.35 0.05 0.05 0 1.95 0 0 2.3 0.1 0.4 4.4 3.6 3 0.1 2 2 0 0
1 0 1 0 1 0 0 0 0 1 1 0 40 -1 -1 0 1200 1 50 1 50000 10 3 3 1 1 5 8.5 6.9 6.9 4 2.5 1.65 0.6 0.28 2.24 0.0001 1 1.2 3 54178 6 0 0 2 1 1 1 0.005 5 1 2.8 9.55 0.88 1.84 9.275 0.05 0.05 0 1.95 0 0 2.3 0.1 0.4 1.4 4.6 3 0.1 2 2 0 0
1 0 1 0 1 0 0 0 0 1 1 0 40 -1 -1 0 1200 1 50 1 50000 10 3 3 1 1 5 6.5 6.9 6.9 4 2.5 1.65 0.6 0.28 2.24 0.0001 1 1.2 3 54178 6 0 0 2 1 1 1 0.025 5 1 6.4 5.95 1.84 2.74 15.125 0.05 0.05 0 1.95 0 0 2.9 0.1 0.4 4.6 0.1 3 0.1 2 2 0 0
1 0 1 0 1 0 0 0 0 1 1 0 40 -1 -1 0 1200 1 50 1 50000 10 3 3 1 1 5 0.5 6.9 6.9 4 2.5 1.65 0.6 0.28 2.24 0.0001 1 1.2 3 54178 6 0 0 2 1 1 1 0.02 5 1 7.3 7.75 6.64 1.84 15.125 0.05 0.05 0 1.95 0 0 1.7 0.1 0.4 2.6 5.1 3 0.1 2 2 0 0
1 0 1 0 1 0 0 0 0 1 1 0 40 -1 -1 0 1200 1 50 1 50000 10 3 3 1 1 5 7 6.9 6.9 4 2.5 1.65 0.6 0.28 2.24 0.0001 1 1.2 3 54178 6 0 0 2 1 1 1 0.0375 5 1 4.6 5.05 0.4 4 6.35 0.05 0.05 0 1.95 0 0 2.5 0.1 0.4 1.6 3.6 3 0.1 2 2 0 0
1 0 1 0 1 0 0 0 0 1 1 0 40 -1 -1 0 1200 1 50 1 50000 10 3 3 1 1 5 5 6.9 6.9 4 2.5 1.65 0.6 0.28 2.24 0.0001 1 1.2 3 54178 6 0 0 2 1 1 1 0.0125 5 1 4.15 7.3 10 0.58 15.125 0.05 0.05 0 1.95 0 0 2.9 0.1 0.4 1.8 2.35 3 0.1 2 2 0 0
1 0 1 0 1 0 0 0 0 1 1 0 40 -1 -1 0 1200 1 50 1 50000 10 3 3 1 1 5 3 6.9 6.9 4 2.5 1.65 0.6 0.28 2.24 0.0001 1 1.2 3 54178 6 0 0 2 1 1 1 0.03 5 1 1.45 7.75 2.8 2.74 18.05 0.05 0.05 0 1.95 0 0 0.9 0.1 0.4 1 4.35 3 0.1 2 2 0 0
1 0 1 0 1 0 0 0 0 1 1 0 40 -1 -1 0 1200 1 50 1 50000 10 3 3 1 1 5 0 6.9 6.9 4 2.5 1.65 0.6 0.28 2.24 0.0001 1 1.2 3 54178 6 0 0 2 1 1 1 0.0125 5 1 3.7 7.75 5.68 3.46 5.375 0.05 0.05 0 1.95 0 0 2.5 0.1 0.4 1.6 4.1 3 0.1 2 2 0 0
1 0 1 0 1 0 0 0 0 1 1 0 40 -1 -1 0 1200 1 50 1 50000 10 3 3 1 1 5 8.5 6.9 6.9 4 2.5 1.65 0.6 0.28 2.24 0.0001 1 1.2 3 54178 6 0 0 2 1 1 1 0.0425 5 1 5.5 4.6 6.16 3.82 16.1 0.05 0.05 0 1.95 0 0 3.9 0.1 0.4 4.2 2.6 3 0.1 2 2 0 0
1 0 1 0 1 0 0 0 0 1 1 0 40 -1 -1 0 1200 1 50 1 50000 10 3 3 1 1 5 9 6.9 6.9 4 2.5 1.65 0.6 0.28 2.24 0.0001 1 1.2 3 54178 6 0 0 2 1 1 1 0.0225 5 1 1 5.5 6.16 2.38 11.225 0.05 0.05 0 1.95 0 0 1.3 0.1 0.4 1.6 4.1 3 0.1 2 2 0 0
1 0 1 0 1 0 0 0 0 1 1 0 40 -1 -1 0 1200 1 50 1 50000 10 3 3 1 1 5 8.5 6.9 6.9 4 2.5 1.65 0.6 0.28 2.24 0.0001 1 1.2 3 54178 6 0 0 2 1 1 1 0.0275 5 1 3.25 5.95 0.4 3.28 7.325 0.05 0.05 0 1.95 0 0 0.3 0.1 0.4 3.6 2.85 3 0.1 2 2 0 0
1 0 1 0 1 0 0 0 0 1 1 0 40 -1 -1 0 1200 1 50 1 50000 10 3 3 1 1 5 0.5 6.9 6.9 4 2.5 1.65 0.6 0.28 2.24 0.0001 1 1.2 3 54178 6 0 0 2 1 1 1 0.025 5 1 9.55 6.4 6.16 3.64 19.025 0.05 0.05 0 1.95 0 0 2.7 0.1 0.4 3.8 4.6 3 0.1 2 2 0 0
1 0 1 0 1 0 0 0 0 1 1 0 40 -1 -1 0 1200 1 50 1 50000 10 3 3 1 1 5 3.5 6.9 6.9 4 2.5 1.65 0.6 0.28 2.24 0.0001 1 1.2 3 54178 6 0 0 2 1 1 1 0.0375 5 1 2.35 10 10 0.4 13.175 0.05 0.05 0 1.95 0 0 0.5 0.1 0.4 2.2 1.1 3 0.1 2 2 0 0
1 0 1 0 1 0 0 0 0 1 1 0 40 -1 -1 0 1200 1 50 1 50000 10 3 3 1 1 5 3.5 6.9 6.9 4 2.5 1.65 0.6 0.28 2.24 0.0001 1 1.2 3 54178 6 0 0 2 1 1 1 0.04 5 1 3.25 3.7 6.16 0.76 0.5 0.05 0.05 0 1.95 0 0 2.3 0.1 0.4 1.4 4.6 3 0.1 2 2 0 0
1 0 1 0 1 0 0 0 0 1 1 0 40 -1 -1 0 1200 1 50 1 50000 10 3 3 1 1 5 5.5 6.9 6.9 4 2.5 1.65 0.6 0.28 2.24 0.0001 1 1.2 3 54178 6 0 0 2 1 1 1 0.0425 5 1 5.05 5.95 5.68 1.84 5.375 0.05 0.05 0 1.95 0 0 3.7 0.1 0.4 2.6 3.1 3 0.1 2 2 0 0
1 0 1 0 1 0 0 0 0 1 1 0 40 -1 -1 0 1200 1 50 1 50000 10 3 3 1 1 5 3 6.9 6.9 4 2.5 1.65 0.6 0.28 2.24 0.0001 1 1.2 3 54178 6 0 0 2 1 1 1 0.03 5 1 5.05 6.85 2.8 1.12 15.125 0.05 0.05 0 1.95 0 0 1.9 0.1 0.4 2.2 4.6 3 0.1 2 2 0 0
1 0 1 0 1 0 0 0 0 1 1 0 40 -1 -1 0 1200 1 50 1 50000 10 3 3 1 1 5 4.5 6.9 6.9 4 2.5 1.65 0.6 0.28 2.24 0.0001 1 1.2 3 54178 6 0 0 2 1 1 1 0.0225 5 1 8.65 6.85 5.2 2.38 9.275 0.05 0.05 0 1.95 0 0 3.1 0.1 0.4 1.6 3.85 3 0.1 2 2 0 0
1 0 1 0 1 0 0 0 0 1 1 0 40 -1 -1 0 1200 1 50 1 50000 10 3 3 1 1 5 3.5 6.9 6.9 4 2.5 1.65 0.6 0.28 2.24 0.0001 1 1.2 3 54178 6 0 0 2 1 1 1 0.0475 5 1 6.4 1.9 4.24 1.66 18.05 0.05 0.05 0 1.95 0 0 1.5 0.1 0.4 1.2 3.35 3 0.1 2 2 0 0
1 0 1 0 1 0 0 0 0 1 1 0 40 -1 -1 0 1200 1 50 1 50000 10 3 3 1 1 5 5 6.9 6.9 4 2.5 1.65 0.6 0.28 2.24 0.0001 1 1.2 3 54178 6 0 0 2 1 1 1 0.025 5 1 2.8 8.65 5.68 0.94 20 0.05 0.05 0 1.95 0 0 1.5 0.1 0.4 1.4 5.1 3 0.1 2 2 0 0
1 0 1 0 1 0 0 0 0 1 1 0 40 -1 -1 0 1200 1 50 1 50000 10 3 3 1 1 5 2.5 6.9 6.9 4 2.5 1.65 0.6 0.28 2.24 0.0001 1 1.2 3 54178 6 0 0 2 1 1 1 0 5 1 4.15 6.4 10 0.58 2.45 0.05 0.05 0 1.95 0 0 3.7 0.1 0.4 3 3.85 3 0.1 2 2 0 0
1 0 1 0 1 0 0 0 0 1 1 0 40 -1 -1 0 1200 1 50 1 50000 10 3 3 1 1 5 5 6.9 6.9 4 2.5 1.65 0.6 0.28 2.24 0.0001 1 1.2 3 54178 6 0 0 2 1 1 1 0.0425 5 1 6.85 4.6 4.72 0.4 19.025 0.05 0.05 0 1.95 0 0 2.7 0.1 0.4 1 4.85 3 0.1 2 2 0 0
1 0 1 0 1 0 0 0 0 1 1 0 40 -1 -1 0 1200 1 50 1 50000 10 3 3 1 1 5 3 6.9 6.9 4 2.5 1.65 0.6 0.28 2.24 0.0001 1 1.2 3 54178 6 0 0 2 1 1 1 0.0275 5 1 5.95 3.25 4.72 1.12 2.45 0.05 0.05 0 1.95 0 0 0.3 0.1 0.4 1.6 0.1 3 0.1 2 2 0 0
1 0 1 0 1 0 0 0 0 1 1 0 40 -1 -1 0 1200 1 50 1 50000 10 3 3 1 1 5 6 6.9 6.9 4 2.5 1.65 0.6 0.28 2.24 0.0001 1 1.2 3 54178 6 0 0 2 1 1 1 0.015 5 1 4.15 9.1 2.32 1.48 6.35 0.05 0.05 0 1.95 0 0 1.9 0.1 0.4 3.2 2.6 3 0.1 2 2 0 0
1 0 1 0 1 0 0 0 0 1 1 0 40 -1 -1 0 1200 1 50 1 50000 10 3 3 1 1 5 7.5 6.9 6.9 4 2.5 1.65 0.6 0.28 2.24 0.0001 1 1.2 3 54178 6 0 0 2 1 1 1 0 5 1 6.4 6.4 9.52 2.92 9.275 0.05 0.05 0 1.95 0 0 0.3 0.1 0.4 1.4 0.35 3 0.1 2 2 0 0
1 0 1 0 1 0 0 0 0 1 1 0 40 -1 -1 0 1200 1 50 1 50000 10 3 3 1 1 5 10 6.9 6.9 4 2.5 1.65 0.6 0.28 2.24 0.0001 1 1.2 3 54178 6 0 0 2 1 1 1 0.0475 5 1 1 9.55 9.04 0.58 8.3 0.05 0.05 0 1.95 0 0 1.1 0.1 0.4 1.6 4.35 3 0.1 2 2 0 0
1 0 1 0 1 0 0 0 0 1 1 0 40 -1 -1 0 1200 1 50 1 50000 10 3 3 1 1 5 3 6.9 6.9 4 2.5 1.65 0.6 0.28 2.24 0.0001 1 1.2 3 54178 6 0 0 2 1 1 1 0.0075 5 1 10 5.05 6.16 1.66 3.425 0.05 0.05 0 1.95 0 0 3.5 0.1 0.4 3.4 3.85 3 0.1 2 2 0 0
1 0 1 0 1 0 0 0 0 1 1 0 40 -1 -1 0 1200 1 50 1 50000 10 3 3 1 1 5 4.5 6.9 6.9 4 2.5 1.65 0.6 0.28 2.24 0.0001 1 1.2 3 54178 6 0 0 2 1 1 1 0.01 5 1 3.25 7.75 2.8 3.82 0.5 0.05 0.05 0 1.95 0 0 0.1 0.1 0.4 2.6 4.35 3 0.1 2 2 0 0
1 0 1 0 1 0 0 0 0 1 1 0 40 -1 -1 0 1200 1 50 1 50000 10 3 3 1 1 5 1.5 6.9 6.9 4 2.5 1.65 0.6 0.28 2.24 0.0001 1 1.2 3 54178 6 0 0 2 1 1 1 0.0425 5 1 8.2 1.9 8.56 2.38 3.425 0.05 0.05 0 1.95 0 0 3.7 0.1 0.4 1.4 1.6 3 0.1 2 2 0 0
1 0 1 0 1 0 0 0 0 1 1 0 40 -1 -1 0 1200 1 50 1 50000 10 3 3 1 1 5 8 6.9 6.9 4 2.5 1.65 0.6 0.28 2.24 0.0001 1 1.2 3 54178 6 0 0 2 1 1 1 0.0025 5 1 5.05 8.65 7.6 3.64 0.5 0.05 0.05 0 1.95 0 0 3.5 0.1 0.4 5 4.1 3 0.1 2 2 0 0
1 0 1 0 1 0 0 0 0 1 1 0 40 -1 -1 0 1200 1 50 1 50000 10 3 3 1 1 5 7.5 6.9 6.9 4 2.5 1.65 0.6 0.28 2.24 0.0001 1 1.2 3 54178 6 0 0 2 1 1 1 0.0175 5 1 1.9 7.75 5.68 4 13.175 0.05 0.05 0 1.95 0 0 3.5 0.1 0.4 3.6 1.1 3 0.1 2 2 0 0
1 0 1 0 1 0 0 0 0 1 1 0 40 -1 -1 0 1200 1 50 1 50000 10 3 3 1 1 5 10 6.9 6.9 4 2.5 1.65 0.6 0.28 2.24 0.0001 1 1.2 3 54178 6 0 0 2 1 1 1 0.0475 5 1 7.3 5.95 3.76 1.48 2.45 0.05 0.05 0 1.95 0 0 0.9 0.1 0.4 1.2 0.35 3 0.1 2 2 0 0
1 0 1 0 1 0 0 0 0 1 1 0 40 -1 -1 0 1200 1 50 1 50000 10 3 3 1 1 5 6.5 6.9 6.9 4 2.5 1.65 0.6 0.28 2.24 0.0001 1 1.2 3 54178 6 0 0 2 1 1 1 0.0175 5 1 2.35 8.65 10 3.28 0.5 0.05 0.05 0 1.95 0 0 1.7 0.1 0.4 2.8 1.1 3 0.1 2 2 0 0
1 0 1 0 1 0 0 0 0 1 1 0 40 -1 -1 0 1200 1 50 1 50000 10 3 3 1 1 5 4.5 6.9 6.9 4 2.5 1.65 0.6 0.28 2.24 0.0001 1 1.2 3 54178 6 0 0 2 1 1 1 0.005 5 1 4.6 5.05 7.6 2.38 4.4 0.05 0.05 0 1.95 0 0 1.9 0.1 0.4 5 0.6 3 0.1 2 2 0 0
1 0 1 0 1 0 0 0 0 1 1 0 40 -1 -1 0 1200 1 50 1 50000 10 3 3 1 1 5 8 6.9 6.9 4 2.5 1.65 0.6 0.28 2.24 0.0001 1 1.2 3 54178 6 0 0 2 1 1 1 0.0325 5 1 8.65 3.25 8.08 3.82 17.075 0.05 0.05 0 1.95 0 0 2.7 0.1 0.4 4.4 1.1 3 0.1 2 2 0 0
1 0 1 0 1 0 0 0 0 1 1 0 40 -1 -1 0 1200 1 50 1 50000 10 3 3 1 1 5 10 6.9 6.9 4 2.5 1.65 0.6 0.28 2.24 0.0001 1 1.2 3 54178 6 0 0 2 1 1 1 0.035 5 1 6.85 5.5 6.16 0.94 20 0.05 0.05 0 1.95 0 0 1.9 0.1 0.4 1.2 0.6 3 0.1 2 2 0 0
1 0 1 0 1 0 0 0 0 1 1 0 40 -1 -1 0 1200 1 50 1 50000 10 3 3 1 1 5 5.5 6.9 6.9 4 2.5 1.65 0.6 0.28 2.24 0.0001 1 1.2 3 54178 6 0 0 2 1 1 1 0.035 5 1 1.45 3.25 4.72 3.64 10.25 0.05 0.05 0 1.95 0 0 3.1 0.1 0.4 2 3.35 3 0.1 2 2 0 0
1 0 1 0 1 0 0 0 0 1 1 0 40 -1 -1 0 1200 1 50 1 50000 10 3 3 1 1 5 6 6.9 6.9 4 2.5 1.65 0.6 0.28 2.24 0.0001 1 1.2 3 54178 6 0 0 2 1 1 1 0.015 5 1 3.25 7.3 7.12 2.74 10.25 0.05 0.05 0 1.95 0 0 2.3 0.1 0.4 2 3.85 3 0.1 2 2 0 0
1 0 1 0 1 0 0 0 0 1 1 0 40 -1 -1 0 1200 1 50 1 50000 10 3 3 1 1 5 3 6.9 6.9 4 2.5 1.65 0.6 0.28 2.24 0.0001 1 1.2 3 54178 6 0 0 2 1 1 1 0.045 5 1 7.75 3.25 6.64 2.92 9.275 0.05 0.05 0 1.95 0 0 2.5 0.1 0.4 3 3.6 3 0.1 2 2 0 0
1 0 1 0 1 0 0 0 0 1 1 0 40 -1 -1 0 1200 1 50 1 50000 10 3 3 1 1 5 4 6.9 6.9 4 2.5 1.65 0.6 0.28 2.24 0.0001 1 1.2 3 54178 6 0 0 2 1 1 1 0.035 5 1 8.2 2.8 6.64 3.82 13.175 0.05 0.05 0 1.95 0 0 3.7 0.1 0.4 4.4 2.1 3 0.1 2 2 0 0
1 0 1 0 1 0 0 0 0 1 1 0 40 -1 -1 0 1200 1 50 1 50000 10 3 3 1 1 5 9.5 6.9 6.9 4 2.5 1.65 0.6 0.28 2.24 0.0001 1 1.2 3 54178 6 0 0 2 1 1 1 0.035 5 1 10 7.3 2.8 3.28 18.05 0.05 0.05 0 1.95 0 0 2.5 0.1 0.4 2.8 4.85 3 0.1 2 2 0 0
1 0 1 0 1 0 0 0 0 1 1 0 40 -1 -1 0 1200 1 50 1 50000 10 3 3 1 1 5 9.5 6.9 6.9 4 2.5 1.65 0.6 0.28 2.24 0.0001 1 1.2 3 54178 6 0 0 2 1 1 1 0.0275 5 1 3.7 5.5 8.56 0.58 17.075 0.05 0.05 0 1.95 0 0 1.5 0.1 0.4 2.4 2.1 3 0.1 2 2 0 0
1 0 1 0 1 0 0 0 0 1 1 0 40 -1 -1 0 1200 1 50 1 50000 10 3 3 1 1 5 5.5 6.9 6.9 4 2.5 1.65 0.6 0.28 2.24 0.0001 1 1.2 3 54178 6 0 0 2 1 1 1 0.0375 5 1 8.2 5.95 3.76 0.4 20 0.05 0.05 0 1.95 0 0 0.5 0.1 0.4 3.2 3.85 3 0.1 2 2 0 0
1 0 1 0 1 0 0 0 0 1 1 0 40 -1 -1 0 1200 1 50 1 50000 10 3 3 1 1 5 4 6.9 6.9 4 2.5 1.65 0.6 0.28 2.24 0.0001 1 1.2 3 54178 6 0 0 2 1 1 1 0.0325 5 1 4.15 5.5 6.64 3.64 6.35 0.05 0.05 0 1.95 0 0 0.1 0.1 0.4 1.2 2.6 3 0.1 2 2 0 0
1 0 1 0 1 0 0 0 0 1 1 0 40 -1 -1 0 1200 1 50 1 50000 10 3 3 1 1 5 7.5 6.9 6.9 4 2.5 1.65 0.6 0.28 2.24 0.0001 1 1.2 3 54178 6 0 0 2 1 1 1 0.025 5 1 5.05 8.2 5.2 1.84 15.125 0.05 0.05 0 1.95 0 0 0.3 0.1 0.4 2.6 0.35 3 0.1 2 2 0 0
1 0 1 0 1 0 0 0 0 1 1 0 40 -1 -1 0 1200 1 50 1 50000 10 3 3 1 1 5 7 6.9 6.9 4 2.5 1.65 0.6 0.28 2.24 0.0001 1 1.2 3 54178 6 0 0 2 1 1 1 0.035 5 1 2.35 5.05 7.6 0.94 17.075 0.05 0.05 0 1.95 0 0 3.5 0.1 0.4 2.4 0.6 3 0.1 2 2 0 0
1 0 1 0 1 0 0 0 0 1 1 0 40 -1 -1 0 1200 1 50 1 50000 10 3 3 1 1 5 4.5 6.9 6.9 4 2.5 1.65 0.6 0.28 2.24 0.0001 1 1.2 3 54178 6 0 0 2 1 1 1 0.035 5 1 5.5 5.95 7.6 3.64 15.125 0.05 0.05 0 1.95 0 0 3.7 0.1 0.4 3.8 4.85 3 0.1 2 2 0 0
1 0 1 0 1 0 0 0 0 1 1 0 40 -1 -1 0 1200 1 50 1 50000 10 3 3 1 1 5 4 6.9 6.9 4 2.5 1.65 0.6 0.28 2.24 0.0001 1 1.2 3 54178 6 0 0 2 1 1 1 0.0475 5 1 8.65 7.75 2.8 2.2 14.15 0.05 0.05 0 1.95 0 0 2.1 0.1 0.4 2.6 0.1 3 0.1 2 2 0 0
1 0 1 0 1 0 0 0 0 1 1 0 40 -1 -1 0 1200 1 50 1 50000 10 3 3 1 1 5 6.5 6.9 6.9 4 2.5 1.65 0.6 0.28 2.24 0.0001 1 1.2 3 54178 6 0 0 2 1 1 1 0.045 5 1 5.05 4.6 1.36 3.46 8.3 0.05 0.05 0 1.95 0 0 1.3 0.1 0.4 4.6 1.1 3 0.1 2 2 0 0
1 0 1 0 1 0 0 0 0 1 1 0 40 -1 -1 0 1200 1 50 1 50000 10 3 3 1 1 5 2.5 6.9 6.9 4 2.5 1.65 0.6 0.28 2.24 0.0001 1 1.2 3 54178 6 0 0 2 1 1 1 0.0075 5 1 9.55 1.9 4.24 2.38 16.1 0.05 0.05 0 1.95 0 0 3.1 0.1 0.4 1 1.35 3 0.1 2 2 0 0
1 0 1 0 1 0 0 0 0 1 1 0 40 -1 -1 0 1200 1 50 1 50000 10 3 3 1 1 5 5 6.9 6.9 4 2.5 1.65 0.6 0.28 2.24 0.0001 1 1.2 3 54178 6 0 0 2 1 1 1 0 5 1 5.95 8.2 6.64 0.76 6.35 0.05 0.05 0 1.95 0 0 1.1 0.1 0.4 1 4.35 3 0.1 2 2 0 0
1 0 1 0 1 0 0 0 0 1 1 0 40 -1 -1 0 1200 1 50 1 50000 10 3 3 1 1 5 4.5 6.9 6.9 4 2.5 1.65 0.6 0.28 2.24 0.0001 1 1.2 3 54178 6 0 0 2 1 1 1 0.05 5 1 1.9 2.35 1.84 2.56 0.5 0.05 0.05 0 1.95 0 0 2.7 0.1 0.4 2.2 2.35 3 0.1 2 2 0 0
1 0 1 0 1 0 0 0 0 1 1 0 40 -1 -1 0 1200 1 50 1 50000 10 3 3 1 1 5 6 6.9 6.9 4 2.5 1.65 0.6 0.28 2.24 0.0001 1 1.2 3 54178 6 0 0 2 1 1 1 0.04 5 1 2.8 1.9 7.12 1.66 11.225 0.05 0.05 0 1.95 0 0 3.5 0.1 0.4 1.2 1.6 3 0.1 2 2 0 0
1 0 1 0 1 0 0 0 0 1 1 0 40 -1 -1 0 1200 1 50 1 50000 10 3 3 1 1 5 6.5 6.9 6.9 4 2.5 1.65 0.6 0.28 2.24 0.0001 1 1.2 3 54178 6 0 0 2 1 1 1 0.015 5 1 3.7 3.25 3.28 3.28 18.05 0.05 0.05 0 1.95 0 0 2.9 0.1 0.4 2.4 4.6 3 0.1 2 2 0 0
1 0 1 0 1 0 0 0 0 1 1 0 40 -1 -1 0 1200 1 50 1 50000 10 3 3 1 1 5 3 6.9 6.9 4 2.5 1.65 0.6 0.28 2.24 0.0001 1 1.2 3 54178 6 0 0 2 1 1 1 0.0175 5 1 5.5 5.05 0.4 3.46 15.125 0.05 0.05 0 1.95 0 0 0.9 0.1 0.4 3 2.6 3 0.1 2 2 0 0
1 0 1 0 1 0 0 0 0 1 1 0 40 -1 -1 0 1200 1 50 1 50000 10 3 3 1 1 5 5.5 6.9 6.9 4 2.5 1.65 0.6 0.28 2.24 0.0001 1 1.2 3 54178 6 0 0 2 1 1 1 0.01 5 1 9.55 5.05 4.24 0.58 0.5 0.05 0.05 0 1.95 0 0 0.3 0.1 0.4 2.8 0.85 3 0.1 2 2 0 0
1 0 1 0 1 0 0 0 0 1 1 0 40 -1 -1 0 1200 1 50 1 50000 10 3 3 1 1 5 2.5 6.9 6.9 4 2.5 1.65 0.6 0.28 2.24 0.0001 1 1.2 3 54178 6 0 0 2 1 1 1 0.0125 5 1 4.15 2.35 9.04 0.58 11.225 0.05 0.05 0 1.95 0 0 3.7 0.1 0.4 3.4 1.35 3 0.1 2 2 0 0
1 0 1 0 1 0 0 0 0 1 1 0 40 -1 -1 0 1200 1 50 1 50000 10 3 3 1 1 5 0 6.9 6.9 4 2.5 1.65 0.6 0.28 2.24 0.0001 1 1.2 3 54178 6 0 0 2 1 1 1 0.0125 5 1 4.15 10 10 2.02 20 0.05 0.05 0 1.95 0 0 0.7 0.1 0.4 2 4.6 3 0.1 2 2 0 0
1 0 1 0 1 0 0 0 0 1 1 0 40 -1 -1 0 1200 1 50 1 50000 10 3 3 1 1 5 2 6.9 6.9 4 2.5 1.65 0.6 0.28 2.24 0.0001 1 1.2 3 54178 6 0 0 2 1 1 1 0.045 5 1 4.15 9.55 9.52 1.12 1.475 0.05 0.05 0 1.95 0 0 2.9 0.1 0.4 4.8 0.6 3 0.1 2 2 0 0
1 0 1 0 1 0 0 0 0 1 1 0 40 -1 -1 0 1200 1 50 1 50000 10 3 3 1 1 5 4.5 6.9 6.9 4 2.5 1.65 0.6 0.28 2.24 0.0001 1 1.2 3 54178 6 0 0 2 1 1 1 0 5 1 8.65 6.4 3.28 0.58 14.15 0.05 0.05 0 1.95 0 0 2.9 0.1 0.4 2.8 3.6 3 0.1 2 2 0 0
1 0 1 0 1 0 0 0 0 1 1 0 40 -1 -1 0 1200 1 50 1 50000 10 3 3 1 1 5 3 6.9 6.9 4 2.5 1.65 0.6 0.28 2.24 0.0001 1 1.2 3 54178 6 0 0 2 1 1 1 0.0425 5 1 2.35 9.1 3.28 2.02 7.325 0.05 0.05 0 1.95 0 0 4.1 0.1 0.4 2.4 1.85 3 0.1 2 2 0 0
1 0 1 0 1 0 0 0 0 1 1 0 40 -1 -1 0 1200 1 50 1 50000 10 3 3 1 1 5 7.5 6.9 6.9 4 2.5 1.65 0.6 0.28 2.24 0.0001 1 1.2 3 54178 6 0 0 2 1 1 1 0.0125 5 1 4.15 8.2 2.32 1.48 2.45 0.05 0.05 0 1.95 0 0 2.3 0.1 0.4 2 1.85 3 0.1 2 2 0 0
1 0 1 0 1 0 0 0 0 1 1 0 40 -1 -1 0 1200 1 50 1 50000 10 3 3 1 1 5 1 6.9 6.9 4 2.5 1.65 0.6 0.28 2.24 0.0001 1 1.2 3 54178 6 0 0 2 1 1 1 0.015 5 1 2.35 9.55 3.76 1.66 15.125 0.05 0.05 0 1.95 0 0 3.1 0.1 0.4 4.8 0.6 3 0.1 2 2 0 0
1 0 1 0 1 0 0 0 0 1 1 0 40 -1 -1 0 1200 1 50 1 50000 10 3 3 1 1 5 4.5 6.9 6.9 4 2.5 1.65 0.6 0.28 2.24 0.0001 1 1.2 3 54178 6 0 0 2 1 1 1 0.01 5 1 3.7 1 6.16 1.3 19.025 0.05 0.05 0 1.95 0 0 0.5 0.1 0.4 1.4 0.1 3 0.1 2 2 0 0
1 0 1 0 1 0 0 0 0 1 1 0 40 -1 -1 0 1200 1 50 1 50000 10 3 3 1 1 5 7.5 6.9 6.9 4 2.5 1.65 0.6 0.28 2.24 0.0001 1 1.2 3 54178 6 0 0 2 1 1 1 0.0325 5 1 7.75 10 2.8 3.64 12.2 0.05 0.05 0 1.95 0 0 3.1 0.1 0.4 2 2.1 3 0.1 2 2 0 0
1 0 1 0 1 0 0 0 0 1 1 0 40 -1 -1 0 1200 1 50 1 50000 10 3 3 1 1 5 0.5 6.9 6.9 4 2.5 1.65 0.6 0.28 2.24 0.0001 1 1.2 3 54178 6 0 0 2 1 1 1 0.025 5 1 4.15 9.1 4.72 3.82 10.25 0.05 0.05 0 1.95 0 0 1.7 0.1 0.4 4.8 2.85 3 0.1 2 2 0 0
1 0 1 0 1 0 0 0 0 1 1 0 40 -1 -1 0 1200 1 50 1 50000 10 3 3 1 1 5 6 6.9 6.9 4 2.5 1.65 0.6 0.28 2.24 0.0001 1 1.2 3 54178 6 0 0 2 1 1 1 0.0375 5 1 4.6 5.95 7.12 2.74 1.475 0.05 0.05 0 1.95 0 0 2.3 0.1 0.4 1.8 4.35 3 0.1 2 2 0 0
1 0 1 0 1 0 0 0 0 1 1 0 40 -1 -1 0 1200 1 50 1 50000 10 3 3 1 1 5 3.5 6.9 6.9 4 2.5 1.65 0.6 0.28 2.24 0.0001 1 1.2 3 54178 6 0 0 2 1 1 1 0.0225 5 1 4.15 1 3.28 3.46 20 0.05 0.05 0 1.95 0 0 1.7 0.1 0.4 4.8 4.85 3 0.1 2 2 0 0
1 0 1 0 1 0 0 0 0 1 1 0 40 -1 -1 0 1200 1 50 1 50000 10 3 3 1 1 5 9.5 6.9 6.9 4 2.5 1.65 0.6 0.28 2.24 0.0001 1 1.2 3 54178 6 0 0 2 1 1 1 0.05 5 1 5.5 6.4 5.2 3.1 14.15 0.05 0.05 0 1.95 0 0 4.1 0.1 0.4 3.6 4.35 3 0.1 2 2 0 0
1 0 1 0 1 0 0 0 0 1 1 0 40 -1 -1 0 1200 1 50 1 50000 10 3 3 1 1 5 4 6.9 6.9 4 2.5 1.65 0.6 0.28 2.24 0.0001 1 1.2 3 54178 6 0 0 2 1 1 1 0.0425 5 1 1.45 5.05 5.2 0.94 7.325 0.05 0.05 0 1.95 0 0 3.3 0.1 0.4 2.6 2.6 3 0.1 2 2 0 0
1 0 1 0 1 0 0 0 0 1 1 0 40 -1 -1 0 1200 1 50 1 50000 10 3 3 1 1 5 4.5 6.9 6.9 4 2.5 1.65 0.6 0.28 2.24 0.0001 1 1.2 3 54178 6 0 0 2 1 1 1 0.0475 5 1 7.3 1 7.12 0.58 18.05 0.05 0.05 0 1.95 0 0 1.1 0.1 0.4 5 0.35 3 0.1 2 2 0 0
1 0 1 0 1 0 0 0 0 1 1 0 40 -1 -1 0 1200 1 50 1 50000 10 3 3 1 1 5 5 6.9 6.9 4 2.5 1.65 0.6 0.28 2.24 0.0001 1 1.2 3 54178 6 0 0 2 1 1 1 0.005 5 1 4.15 5.5 6.16 2.2 5.375 0.05 0.05 0 1.95 0 0 0.3 0.1 0.4 4.2 3.1 3 0.1 2 2 0 0
1 0 1 0 1 0 0 0 0 1 1 0 40 -1 -1 0 1200 1 50 1 50000 10 3 3 1 1 5 3 6.9 6.9 4 2.5 1.65 0.6 0.28 2.24 0.0001 1 1.2 3 54178 6 0 0 2 1 1 1 0.0325 5 1 4.15 5.05 9.04 2.92 20 0.05 0.05 0 1.95 0 0 2.3 0.1 0.4 5 1.6 3 0.1 2 2 0 0
1 0 1 0 1 0 0 0 0 1 1 0 40 -1 -1 0 1200 1 50 1 50000 10 3 3 1 1 5 0.5 6.9 6.9 4 2.5 1.65 0.6 0.28 2.24 0.0001 1 1.2 3 54178 6 0 0 2 1 1 1 0.0025 5 1 5.95 2.35 3.28 3.1 19.025 0.05 0.05 0 1.95 0 0 4.1 0.1 0.4 3.2 1.35 3 0.1 2 2 0 0
1 0 1 0 1 0 0 0 0 1 1 0 40 -1 -1 0 1200 1 50 1 50000 10 3 3 1 1 5 2.5 6.9 6.9 4 2.5 1.65 0.6 0.28 2.24 0.0001 1 1.2 3 54178 6 0 0 2 1 1 1 0.0475 5 1 3.7 2.35 8.08 2.56 10.25 0.05 0.05 0 1.95 0 0 3.9 0.1 0.4 3.8 1.6 3 0.1 2 2 0 0
1 0 1 0 1 0 0 0 0 1 1 0 40 -1 -1 0 1200 1 50 1 50000 10 3 3 1 1 5 1.5 6.9 6.9 4 2.5 1.65 0.6 0.28 2.24 0.0001 1 1.2 3 54178 6 0 0 2 1 1 1 0.045 5 1 10 2.8 4.72 1.3 2.45 0.05 0.05 0 1.95 0 0 1.5 0.1 0.4 1 1.1 3 0.1 2 2 0 0
1 0 1 0 1 0 0 0 0 1 1 0 40 -1 -1 0 1200 1 50 1 50000 10 3 3 1 1 5 1.5 6.9 6.9 4 2.5 1.65 0.6 0.28 2.24 0.0001 1 1.2 3 54178 6 0 0 2 1 1 1 0.005 5 1 6.85 8.2 9.52 1.48 18.05 0.05 0.05 0 1.95 0 0 0.3 0.1 0.4 2.6 2.35 3 0.1 2 2 0 0
1 0 1 0 1 0 0 0 0 1 1 0 40 -1 -1 0 1200 1 50 1 50000 10 3 3 1 1 5 5.5 6.9 6.9 4 2.5 1.65 0.6 0.28 2.24 0.0001 1 1.2 3 54178 6 0 0 2 1 1 1 0.045 5 1 6.85 4.15 0.4 3.64 3.425 0.05 0.05 0 1.95 0 0 0.5 0.1 0.4 2.4 1.1 3 0.1 2 2 0 0
1 0 1 0 1 0 0 0 0 1 1 0 40 -1 -1 0 1200 1 50 1 50000 10 3 3 1 1 5 0.5 6.9 6.9 4 2.5 1.65 0.6 0.28 2.24 0.0001 1 1.2 3 54178 6 0 0 2 1 1 1 0.0175 5 1 5.95 1.45 0.4 1.12 13.175 0.05 0.05 0 1.95 0 0 2.9 0.1 0.4 5 1.6 3 0.1 2 2 0 0
1 0 1 0 1 0 0 0 0 1 1 0 40 -1 -1 0 1200 1 50 1 50000 10 3 3 1 1 5 5.5 6.9 6.9 4 2.5 1.65 0.6 0.28 2.24 0.0001 1 1.2 3 54178 6 0 0 2 1 1 1 0.0375 5 1 1.9 7.3 2.8 1.84 18.05 0.05 0.05 0 1.95 0 0 3.9 0.1 0.4 2.4 3.6 3 0.1 2 2 0 0
1 0 1 0 1 0 0 0 0 1 1 0 40 -1 -1 0 1200 1 50 1 50000 10 3 3 1 1 5 3 6.9 6.9 4 2.5 1.65 0.6 0.28 2.24 0.0001 1 1.2 3 54178 6 0 0 2 1 1 1 0.0375 5 1 10 5.05 4.24 3.82 19.025 0.05 0.05 0 1.95 0 0 2.7 0.1 0.4 4.4 3.6 3 0.1 2 2 0 0
1 0 1 0 1 0 0 0 0 1 1 0 40 -1 -1 0 1200 1 50 1 50000 10 3 3 1 1 5 4.5 6.9 6.9 4 2.5 1.65 0.6 0.28 2.24 0.0001 1 1.2 3 54178 6 0 0 2 1 1 1 0.03 5 1 6.4 6.85 9.04 2.38 9.275 0.05 0.05 0 1.95 0 0 3.3 0.1 0.4 4.8 3.35 3 0.1 2 2 0 0
1 0 1 0 1 0 0 0 0 1 1 0 40 -1 -1 0 1200 1 50 1 50000 10 3 3 1 1 5 8 6.9 6.9 4 2.5 1.65 0.6 0.28 2.24 0.0001 1 1.2 3 54178 6 0 0 2 1 1 1 0.015 5 1 6.85 2.8 7.12 0.4 0.5 0.05 0.05 0 1.95 0 0 2.3 0.1 0.4 2.4 1.6 3 0.1 2 2 0 0
1 0 1 0 1 0 0 0 0 1 1 0 40 -1 -1 0 1200 1 50 1 50000 10 3 3 1 1 5 7 6.9 6.9 4 2.5 1.65 0.6 0.28 2.24 0.0001 1 1.2 3 54178 6 0 0 2 1 1 1 0.0125 5 1 8.65 9.55 8.56 2.56 11.225 0.05 0.05 0 1.95 0 0 0.9 0.1 0.4 2.6 3.35 3 0.1 2 2 0 0
1 0 1 0 1 0 0 0 0 1 1 0 40 -1 -1 0 1200 1 50 1 50000 10 3 3 1 1 5 1 6.9 6.9 4 2.5 1.65 0.6 0.28 2.24 0.0001 1 1.2 3 54178 6 0 0 2 1 1 1 0.03 5 1 5.95 3.25 9.04 3.28 19.025 0.05 0.05 0 1.95 0 0 2.1 0.1 0.4 1.6 0.1 3 0.1 2 2 0 0
1 0 1 0 1 0 0 0 0 1 1 0 40 -1 -1 0 1200 1 50 1 50000 10 3 3 1 1 5 0.5 6.9 6.9 4 2.5 1.65 0.6 0.28 2.24 0.0001 1 1.2 3 54178 6 0 0 2 1 1 1 0.03 5 1 7.75 5.95 6.64 0.94 6.35 0.05 0.05 0 1.95 0 0 1.9 0.1 0.4 2 1.85 3 0.1 2 2 0 0
1 0 1 0 1 0 0 0 0 1 1 0 40 -1 -1 0 1200 1 50 1 50000 10 3 3 1 1 5 6 6.9 6.9 4 2.5 1.65 0.6 0.28 2.24 0.0001 1 1.2 3 54178 6 0 0 2 1 1 1 0.04 5 1 3.7 7.75 1.36 1.3 0.5 0.05 0.05 0 1.95 0 0 0.9 0.1 0.4 4.2 4.1 3 0.1 2 2 0 0
1 0 1 0 1 0 0 0 0 1 1 0 40 -1 -1 0 1200 1 50 1 50000 10 3 3 1 1 5 2 6.9 6.9 4 2.5 1.65 0.6 0.28 2.24 0.0001 1 1.2 3 54178 6 0 0 2 1 1 1 0.0275 5 1 5.95 4.15 3.76 1.12 11.225 0.05 0.05 0 1.95 0 0 2.1 0.1 0.4 3 2.85 3 0.1 2 2 0 0
1 0 1 0 1 0 0 0 0 1 1 0 40 -1 -1 0 1200 1 50 1 50000 10 3 3 1 1 5 0.5 6.9 6.9 4 2.5 1.65 0.6 0.28 2.24 0.0001 1 1.2 3 54178 6 0 0 2 1 1 1 0.015 5 1 9.55 7.3 6.64 3.64 18.05 0.05 0.05 0 1.95 0 0 2.1 0.1 0.4 2 0.6 3 0.1 2 2 0 0
1 0 1 0 1 0 0 0 0 1 1 0 40 -1 -1 0 1200 1 50 1 50000 10 3 3 1 1 5 1 6.9 6.9 4 2.5 1.65 0.6 0.28 2.24 0.0001 1 1.2 3 54178 6 0 0 2 1 1 1 0.0075 5 1 8.65 6.85 5.2 2.92 18.05 0.05 0.05 0 1.95 0 0 3.3 0.1 0.4 3.4 5.1 3 0.1 2 2 0 0
1 0 1 0 1 0 0 0 0 1 1 0 40 -1 -1 0 1200 1 50 1 50000 10 3 3 1 1 5 5 6.9 6.9 4 2.5 1.65 0.6 0.28 2.24 0.0001 1 1.2 3 54178 6 0 0 2 1 1 1 0.0175 5 1 4.6 5.5 4.24 1.48 14.15 0.05 0.05 0 1.95 0 0 3.1 0.1 0.4 2 2.85 3 0.1 2 2 0 0
1 0 1 0 1 0 0 0 0 1 1 0 40 -1 -1 0 1200 1 50 1 50000 10 3 3 1 1 5 1 6.9 6.9 4 2.5 1.65 0.6 0.28 2.24 0.0001 1 1.2 3 54178 6 0 0 2 1 1 1 0.0225 5 1 6.4 7.3 8.08 1.3 13.175 0.05 0.05 0 1.95 0 0 3.7 0.1 0.4 2.4 5.1 3 0.1 2 2 0 0
1 0 1 0 1 0 0 0 0 1 1 0 40 -1 -1 0 1200 1 50 1 50000 10 3 3 1 1 5 2.5 6.9 6.9 4 2.5 1.65 0.6 0.28 2.24 0.0001 1 1.2 3 54178 6 0 0 2 1 1 1 0.02 5 1 6.4 5.95 8.08 3.46 10.25 0.05 0.05 0 1.95 0 0 2.7 0.1 0.4 2.6 0.6 3 0.1 2 2 0 0
1 0 1 0 1 0 0 0 0 1 1 0 40 -1 -1 0 1200 1 50 1 50000 10 3 3 1 1 5 5.5 6.9 6.9 4 2.5 1.65 0.6 0.28 2.24 0.0001 1 1.2 3 54178 6 0 0 2 1 1 1 0.005 5 1 6.4 7.3 7.6 1.66 8.3 0.05 0.05 0 1.95 0 0 1.7 0.1 0.4 1.2 4.35 3 0.1 2 2 0 0
1 0 1 0 1 0 0 0 0 1 1 0 40 -1 -1 0 1200 1 50 1 50000 10 3 3 1 1 5 3.5 6.9 6.9 4 2.5 1.65 0.6 0.28 2.24 0.0001 1 1.2 3 54178 6 0 0 2 1 1 1 0.05 5 1 5.5 1 4.72 4 11.225 0.05 0.05 0 1.95 0 0 0.3 0.1 0.4 4.4 4.85 3 0.1 2 2 0 0
1 0 1 0 1 0 0 0 0 1 1 0 40 -1 -1 0 1200 1 50 1 50000 10 3 3 1 1 5 8 6.9 6.9 4 2.5 1.65 0.6 0.28 2.24 0.0001 1 1.2 3 54178 6 0 0 2 1 1 1 0.0225 5 1 1 2.8 10 3.46 13.175 0.05 0.05 0 1.95 0 0 3.9 0.1 0.4 2.2 2.1 3 0.1 2 2 0 0
1 0 1 0 1 0 0 0 0 1 1 0 40 -1 -1 0 1200 1 50 1 50000 10 3 3 1 1 5 4.5 6.9 6.9 4 2.5 1.65 0.6 0.28 2.24 0.0001 1 1.2 3 54178 6 0 0 2 1 1 1 0.015 5 1 8.2 8.2 8.08 0.76 8.3 0.05 0.05 0 1.95 0 0 0.7 0.1 0.4 1.4 4.35 3 0.1 2 2 0 0
1 0 1 0 1 0 0 0 0 1 1 0 40 -1 -1 0 1200 1 50 1 50000 10 3 3 1 1 5 4.5 6.9 6.9 4 2.5 1.65 0.6 0.28 2.24 0.0001 1 1.2 3 54178 6 0 0 2 1 1 1 0.015 5 1 8.2 4.6 0.4 2.02 11.225 0.05 0.05 0 1.95 0 0 3.7 0.1 0.4 4 0.35 3 0.1 2 2 0 0
1 0 1 0 1 0 0 0 0 1 1 0 40 -1 -1 0 1200 1 50 1 50000 10 3 3 1 1 5 0.5 6.9 6.9 4 2.5 1.65 0.6 0.28 2.24 0.0001 1 1.2 3 54178 6 0 0 2 1 1 1 0.04 5 1 8.65 6.85 0.4 1.3 0.5 0.05 0.05 0 1.95 0 0 4.1 0.1 0.4 3.6 2.1 3 0.1 2 2 0 0
1 0 1 0 1 0 0 0 0 1 1 0 40 -1 -1 0 1200 1 50 1 50000 10 3 3 1 1 5 0.5 6.9 6.9 4 2.5 1.65 0.6 0.28 2.24 0.0001 1 1.2 3 54178 6 0 0 2 1 1 1 0.035 5 1 7.75 1.9 7.6 2.56 14.15 0.05 0.05 0 1.95 0 0 2.3 0.1 0.4 1.6 0.85 3 0.1 2 2 0 0
1 0 1 0 1 0 0 0 0 1 1 0 40 -1 -1 0 1200 1 50 1 50000 10 3 3 1 1 5 6.5 6.9 6.9 4 2.5 1.65 0.6 0.28 2.24 0.0001 1 1.2 3 54178 6 0 0 2 1 1 1 0.0025 5 1 1.45 10 0.88 2.56 13.175 0.05 0.05 0 1.95 0 0 1.9 0.1 0.4 1 1.1 3 0.1 2 2 0 0
1 0 1 0 1 0 0 0 0 1 1 0 40 -1 -1 0 1200 1 50 1 50000 10 3 3 1 1 5 0 6.9 6.9 4 2.5 1.65 0.6 0.28 2.24 0.0001 1 1.2 3 54178 6 0 0 2 1 1 1 0.01 5 1 10 1.9 2.8 4 1.475 0.05 0.05 0 1.95 0 0 1.3 0.1 0.4 3.8 1.1 3 0.1 2 2 0 0
1 0 1 0 1 0 0 0 0 1 1 0 40 -1 -1 0 1200 1 50 1 50000 10 3 3 1 1 5 3.5 6.9 6.9 4 2.5 1.65 0.6 0.28 2.24 0.0001 1 1.2 3 54178 6 0 0 2 1 1 1 0.035 5 1 10 5.95 8.08 1.48 15.125 0.05 0.05 0 1.95 0 0 2.9 0.1 0.4 1.4 5.1 3 0.1 2 2 0 0
1 0 1 0 1 0 0 0 0 1 1 0 40 -1 -1 0 1200 1 50 1 50000 10 3 3 1 1 5 5 6.9 6.9 4 2.5 1.65 0.6 0.28 2.24 0.0001 1 1.2 3 54178 6 0 0 2 1 1 1 0.045 5 1 4.6 9.1 3.28 3.1 6.35 0.05 0.05 0 1.95 0 0 1.7 0.1 0.4 1 1.85 3 0.1 2 2 0 0
1 0 1 0 1 0 0 0 0 1 1 0 40 -1 -1 0 1200 1 50 1 50000 10 3 3 1 1 5 3.5 6.9 6.9 4 2.5 1.65 0.6 0.28 2.24 0.0001 1 1.2 3 54178 6 0 0 2 1 1 1 0.0325 5 1 4.15 7.75 10 4 19.025 0.05 0.05 0 1.95 0 0 1.5 0.1 0.4 1 4.1 3 0.1 2 2 0 0
1 0 1 0 1 0 0 0 0 1 1 0 40 -1 -1 0 1200 1 50 1 50000 10 3 3 1 1 5 8 6.9 6.9 4 2.5 1.65 0.6 0.28 2.24 0.0001 1 1.2 3 54178 6 0 0 2 1 1 1 0.005 5 1 4.15 2.8 0.88 3.64 15.125 0.05 0.05 0 1.95 0 0 2.9 0.1 0.4 3.2 3.6 3 0.1 2 2 0 0
1 0 1 0 1 0 0 0 0 1 1 0 40 -1 -1 0 1200 1 50 1 50000 10 3 3 1 1 5 6 6.9 6.9 4 2.5 1.65 0.6 0.28 2.24 0.0001 1 1.2 3 54178 6 0 0 2 1 1 1 0.0125 5 1 6.4 6.85 6.16 0.4 0.5 0.05 0.05 0 1.95 0 0 0.9 0.1 0.4 4 3.35 3 0.1 2 2 0 0
1 0 1 0 1 0 0 0 0 1 1 0 40 -1 -1 0 1200 1 50 1 50000 10 3 3 1 1 5 4.5 6.9 6.9 4 2.5 1.65 0.6 0.28 2.24 0.0001 1 1.2 3 54178 6 0 0 2 1 1 1 0.01 5 1 1.45 3.7 2.8 1.12 14.15 0.05 0.05 0 1.95 0 0 0.5 0.1 0.4 4 0.1 3 0.1 2 2 0 0
1 0 1 0 1 0 0 0 0 1 1 0 40 -1 -1 0 1200 1 50 1 50000 10 3 3 1 1 5 8.5 6.9 6.9 4 2.5 1.65 0.6 0.28 2.24 0.0001 1 1.2 3 54178 6 0 0 2 1 1 1 0.0175 5 1 1.45 3.7 1.36 0.58 7.325 0.05 0.05 0 1.95 0 0 0.7 0.1 0.4 1.8 1.85 3 0.1 2 2 0 0
1 0 1 0 1 0 0 0 0 1 1 0 40 -1 -1 0 1200 1 50 1 50000 10 3 3 1 1 5 6 6.9 6.9 4 2.5 1.65 0.6 0.28 2.24 0.0001 1 1.2 3 54178 6 0 0 2 1 1 1 0.02 5 1 2.35 5.5 7.12 3.82 11.225 0.05 0.05 0 1.95 0 0 0.7 0.1 0.4 1.6 4.1 3 0.1 2 2 0 0
1 0 1 0 1 0 0 0 0 1 1 0 40 -1 -1 0 1200 1 50 1 50000 10 3 3 1 1 5 4 6.9 6.9 4 2.5 1.65 0.6 0.28 2.24 0.0001 1 1.2 3 54178 6 0 0 2 1 1 1 0.0125 5 1 2.8 9.55 3.28 1.12 8.3 0.05 0.05 0 1.95 0 0 2.7 0.1 0.4 4.6 4.1 3 0.1 2 2 0 0
1 0 1 0 1 0 0 0 0 1 1 0 40 -1 -1 0 1200 1 50 1 50000 10 3 3 1 1 5 2 6.9 6.9 4 2.5 1.65 0.6 0.28 2.24 0.0001 1 1.2 3 54178 6 0 0 2 1 1 1 0.025 5 1 1.9 8.2 7.6 3.64 9.275 0.05 0.05 0 1.95 0 0 2.1 0.1 0.4 3.6 3.85 3 0.1 2 2 0 0
1 0 1 0 1 0 0 0 0 1 1 0 40 -1 -1 0 1200 1 50 1 50000 10 3 3 1 1 5 4.5 6.9 6.9 4 2.5 1.65 0.6 0.28 2.24 0.0001 1 1.2 3 54178 6 0 0 2 1 1 1 0.03 5 1 9.1 7.3 9.04 0.4 4.4 0.05 0.05 0 1.95 0 0 0.5 0.1 0.4 2.2 0.6 3 0.1 2 2 0 0
1 0 1 0 1 0 0 0 0 1 1 0 40 -1 -1 0 1200 1 50 1 50000 10 3 3 1 1 5 0 6.9 6.9 4 2.5 1.65 0.6 0.28 2.24 0.0001 1 1.2 3 54178 6 0 0 2 1 1 1 0.0375 5 1 4.15 9.55 2.8 2.02 13.175 0.05 0.05 0 1.95 0 0 0.5 0.1 0.4 2 2.6 3 0.1 2 2 0 0
1 0 1 0 1 0 0 0 0 1 1 0 40 -1 -1 0 1200 1 50 1 50000 10 3 3 1 1 5 5 6.9 6.9 4 2.5 1.65 0.6 0.28 2.24 0.0001 1 1.2 3 54178 6 0 0 2 1 1 1 0.025 5 1 8.2 1.45 9.04 3.46 2.45 0.05 0.05 0 1.95 0 0 3.3 0.1 0.4 4.8 0.1 3 0.1 2 2 0 0
1 0 1 0 1 0 0 0 0 1 1 0 40 -1 -1 0 1200 1 50 1 50000 10 3 3 1 1 5 9 6.9 6.9 4 2.5 1.65 0.6 0.28 2.24 0.0001 1 1.2 3 54178 6 0 0 2 1 1 1 0.0175 5 1 9.1 5.5 1.36 3.82 7.325 0.05 0.05 0 1.95 0 0 0.9 0.1 0.4 4.6 3.1 3 0.1 2 2 0 0
1 0 1 0 1 0 0 0 0 1 1 0 40 -1 -1 0 1200 1 50 1 50000 10 3 3 1 1 5 8 6.9 6.9 4 2.5 1.65 0.6 0.28 2.24 0.0001 1 1.2 3 54178 6 0 0 2 1 1 1 0.015 5 1 4.6 9.55 4.72 2.74 19.025 0.05 0.05 0 1.95 0 0 1.3 0.1 0.4 1 0.6 3 0.1 2 2 0 0
1 0 1 0 1 0 0 0 0 1 1 0 40 -1 -1 0 1200 1 50 1 50000 10 3 3 1 1 5 5 6.9 6.9 4 2.5 1.65 0.6 0.28 2.24 0.0001 1 1.2 3 54178 6 0 0 2 1 1 1 0.0175 5 1 5.95 3.25 4.72 0.94 16.1 0.05 0.05 0 1.95 0 0 1.1 0.1 0.4 4 0.35 3 0.1 2 2 0 0
1 0 1 0 1 0 0 0 0 1 1 0 40 -1 -1 0 1200 1 50 1 50000 10 3 3 1 1 5 6.5 6.9 6.9 4 2.5 1.65 0.6 0.28 2.24 0.0001 1 1.2 3 54178 6 0 0 2 1 1 1 0 5 1 9.55 4.15 0.88 2.92 0.5 0.05 0.05 0 1.95 0 0 0.3 0.1 0.4 1.8 1.1 3 0.1 2 2 0 0
1 0 1 0 1 0 0 0 0 1 1 0 40 -1 -1 0 1200 1 50 1 50000 10 3 3 1 1 5 4.5 6.9 6.9 4 2.5 1.65 0.6 0.28 2.24 0.0001 1 1.2 3 54178 6 0 0 2 1 1 1 0.01 5 1 1 3.25 10 3.1 20 0.05 0.05 0 1.95 0 0 3.7 0.1 0.4 2.6 4.85 3 0.1 2 2 0 0
1 0 1 0 1 0 0 0 0 1 1 0 40 -1 -1 0 1200 1 50 1 50000 10 3 3 1 1 5 8.5 6.9 6.9 4 2.5 1.65 0.6 0.28 2.24 0.0001 1 1.2 3 54178 6 0 0 2 1 1 1 0.0175 5 1 4.6 7.3 10 1.3 16.1 0.05 0.05 0 1.95 0 0 0.9 0.1 0.4 2.2 4.85 3 0.1 2 2 0 0
1 0 1 0 1 0 0 0 0 1 1 0 40 -1 -1 0 1200 1 50 1 50000 10 3 3 1 1 5 1.5 6.9 6.9 4 2.5 1.65 0.6 0.28 2.24 0.0001 1 1.2 3 54178 6 0 0 2 1 1 1 0.01 5 1 6.85 1.9 9.52 1.3 15.125 0.05 0.05 0 1.95 0 0 0.7 0.1 0.4 4.2 3.85 3 0.1 2 2 0 0
1 0 1 0 1 0 0 0 0 1 1 0 40 -1 -1 0 1200 1 50 1 50000 10 3 3 1 1 5 2.5 6.9 6.9 4 2.5 1.65 0.6 0.28 2.24 0.0001 1 1.2 3 54178 6 0 0 2 1 1 1 0.015 5 1 8.2 6.4 3.76 1.84 17.075 0.05 0.05 0 1.95 0 0 1.3 0.1 0.4 5 3.85 3 0.1 2 2 0 0
1 0 1 0 1 0 0 0 0 1 1 0 40 -1 -1 0 1200 1 50 1 50000 10 3 3 1 1 5 0.5 6.9 6.9 4 2.5 1.65 0.6 0.28 2.24 0.0001 1 1.2 3 54178 6 0 0 2 1 1 1 0.02 5 1 5.5 4.6 9.52 4 15.125 0.05 0.05 0 1.95 0 0 2.5 0.1 0.4 3 3.85 3 0.1 2 2 0 0
1 0 1 0 1 0 0 0 0 1 1 0 40 -1 -1 0 1200 1 50 1 50000 10 3 3 1 1 5 8.5 6.9 6.9 4 2.5 1.65 0.6 0.28 2.24 0.0001 1 1.2 3 54178 6 0 0 2 1 1 1 0.05 5 1 9.1 6.4 5.68 3.28 15.125 0.05 0.05 0 1.95 0 0 3.9 0.1 0.4 5 0.35 3 0.1 2 2 0 0
1 0 1 0 1 0 0 0 0 1 1 0 40 -1 -1 0 1200 1 50 1 50000 10 3 3 1 1 5 7 6.9 6.9 4 2.5 1.65 0.6 0.28 2.24 0.0001 1 1.2 3 54178 6 0 0 2 1 1 1 0.045 5 1 3.7 10 5.2 1.12 13.175 0.05 0.05 0 1.95 0 0 1.1 0.1 0.4 3 0.85 3 0.1 2 2 0 0
1 0 1 0 1 0 0 0 0 1 1 0 40 -1 -1 0 1200 1 50 1 50000 10 3 3 1 1 5 0.5 6.9 6.9 4 2.5 1.65 0.6 0.28 2.24 0.0001 1 1.2 3 54178 6 0 0 2 1 1 1 0.0075 5 1 5.05 1.45 5.68 3.46 15.125 0.05 0.05 0 1.95 0 0 0.5 0.1 0.4 1.4 0.1 3 0.1 2 2 0 0
1 0 1 0 1 0 0 0 0 1 1 0 40 -1 -1 0 1200 1 50 1 50000 10 3 3 1 1 5 1 6.9 6.9 4 2.5 1.65 0.6 0.28 2.24 0.0001 1 1.2 3 54178 6 0 0 2 1 1 1 0.03 5 1 7.3 3.7 9.52 3.82 6.35 0.05 0.05 0 1.95 0 0 2.1 0.1 0.4 1.6 0.1 3 0.1 2 2 0 0
1 0 1 0 1 0 0 0 0 1 1 0 40 -1 -1 0 1200 1 50 1 50000 10 3 3 1 1 5 8 6.9 6.9 4 2.5 1.65 0.6 0.28 2.24 0.0001 1 1.2 3 54178 6 0 0 2 1 1 1 0.0325 5 1 6.85 8.65 10 2.2 19.025 0.05 0.05 0 1.95 0 0 3.3 0.1 0.4 4.8 2.6 3 0.1 2 2 0 0
1 0 1 0 1 0 0 0 0 1 1 0 40 -1 -1 0 1200 1 50 1 50000 10 3 3 1 1 5 7 6.9 6.9 4 2.5 1.65 0.6 0.28 2.24 0.0001 1 1.2 3 54178 6 0 0 2 1 1 1 0.045 5 1 2.35 3.25 4.24 2.38 16.1 0.05 0.05 0 1.95 0 0 0.7 0.1 0.4 1.6 4.85 3 0.1 2 2 0 0
1 0 1 0 1 0 0 0 0 1 1 0 40 -1 -1 0 1200 1 50 1 50000 10 3 3 1 1 5 9.5 6.9 6.9 4 2.5 1.65 0.6 0.28 2.24 0.0001 1 1.2 3 54178 6 0 0 2 1 1 1 0.025 5 1 5.05 5.05 10 1.84 11.225 0.05 0.05 0 1.95 0 0 1.7 0.1 0.4 3.4 2.85 3 0.1 2 2 0 0
1 0 1 0 1 0 0 0 0 1 1 0 40 -1 -1 0 1200 1 50 1 50000 10 3 3 1 1 5 9.5 6.9 6.9 4 2.5 1.65 0.6 0.28 2.24 0.0001 1 1.2 3 54178 6 0 0 2 1 1 1 0.0325 5 1 1 5.05 10 1.3 7.325 0.05 0.05 0 1.95 0 0 0.5 0.1 0.4 3.4 1.85 3 0.1 2 2 0 0
1 0 1 0 1 0 0 0 0 1 1 0 40 -1 -1 0 1200 1 50 1 50000 10 3 3 1 1 5 6 6.9 6.9 4 2.5 1.65 0.6 0.28 2.24 0.0001 1 1.2 3 54178 6 0 0 2 1 1 1 0.015 5 1 3.7 1.9 4.72 2.56 1.475 0.05 0.05 0 1.95 0 0 2.9 0.1 0.4 1.2 4.1 3 0.1 2 2 0 0
1 0 1 0 1 0 0 0 0 1 1 0 40 -1 -1 0 1200 1 50 1 50000 10 3 3 1 1 5 3.5 6.9 6.9 4 2.5 1.65 0.6 0.28 2.24 0.0001 1 1.2 3 54178 6 0 0 2 1 1 1 0 5 1 2.8 7.75 7.12 1.66 0.5 0.05 0.05 0 1.95 0 0 1.7 0.1 0.4 2.4 2.6 3 0.1 2 2 0 0
1 0 1 0 1 0 0 0 0 1 1 0 40 -1 -1 0 1200 1 50 1 50000 10 3 3 1 1 5 2 6.9 6.9 4 2.5 1.65 0.6 0.28 2.24 0.0001 1 1.2 3 54178 6 0 0 2 1 1 1 0.0125 5 1 1.45 9.55 9.52 2.02 17.075 0.05 0.05 0 1.95 0 0 3.3 0.1 0.4 3.2 0.1 3 0.1 2 2 0 0
1 0 1 0 1 0 0 0 0 1 1 0 40 -1 -1 0 1200 1 50 1 50000 10 3 3 1 1 5 0.5 6.9 6.9 4 2.5 1.65 0.6 0.28 2.24 0.0001 1 1.2 3 54178 6 0 0 2 1 1 1 0 5 1 1.9 1.9 5.2 0.4 18.05 0.05 0.05 0 1.95 0 0 3.5 0.1 0.4 3.2 1.1 3 0.1 2 2 0 0
1 0 1 0 1 0 0 0 0 1 1 0 40 -1 -1 0 1200 1 50 1 50000 10 3 3 1 1 5 5.5 6.9 6.9 4 2.5 1.65 0.6 0.28 2.24 0.0001 1 1.2 3 54178 6 0 0 2 1 1 1 0.03 5 1 5.5 10 1.84 0.76 16.1 0.05 0.05 0 1.95 0 0 0.5 0.1 0.4 3.6 3.6 3 0.1 2 2 0 0
1 0 1 0 1 0 0 0 0 1 1 0 40 -1 -1 0 1200 1 50 1 50000 10 3 3 1 1 5 5.5 6.9 6.9 4 2.5 1.65 0.6 0.28 2.24 0.0001 1 1.2 3 54178 6 0 0 2 1 1 1 0.045 5 1 3.7 4.15 2.32 3.64 9.275 0.05 0.05 0 1.95 0 0 1.1 0.1 0.4 2 4.6 3 0.1 2 2 0 0
1 0 1 0 1 0 0 0 0 1 1 0 40 -1 -1 0 1200 1 50 1 50000 10 3 3 1 1 5 6.5 6.9 6.9 4 2.5 1.65 0.6 0.28 2.24 0.0001 1 1.2 3 54178 6 0 0 2 1 1 1 0.035 5 1 3.7 5.05 4.24 2.56 8.3 0.05 0.05 0 1.95 0 0 2.7 0.1 0.4 1 2.6 3 0.1 2 2 0 0
1 0 1 0 1 0 0 0 0 1 1 0 40 -1 -1 0 1200 1 50 1 50000 10 3 3 1 1 5 8 6.9 6.9 4 2.5 1.65 0.6 0.28 2.24 0.0001 1 1.2 3 54178 6 0 0 2 1 1 1 0.0475 5 1 6.4 10 2.32 4 0.5 0.05 0.05 0 1.95 0 0 2.5 0.1 0.4 2.2 3.1 3 0.1 2 2 0 0
1 0 1 0 1 0 0 0 0 1 1 0 40 -1 -1 0 1200 1 50 1 50000 10 3 3 1 1 5 6.5 6.9 6.9 4 2.5 1.65 0.6 0.28 2.24 0.0001 1 1.2 3 54178 6 0 0 2 1 1 1 0.02 5 1 2.8 3.7 3.76 0.4 15.125 0.05 0.05 0 1.95 0 0 3.5 0.1 0.4 1 0.35 3 0.1 2 2 0 0
1 0 1 0 1 0 0 0 0 1 1 0 40 -1 -1 0 1200 1 50 1 50000 10 3 3 1 1 5 5 6.9 6.9 4 2.5 1.65 0.6 0.28 2.24 0.0001 1 1.2 3 54178 6 0 0 2 1 1 1 0.035 5 1 1.9 3.25 0.4 3.82 17.075 0.05 0.05 0 1.95 0 0 1.3 0.1 0.4 1.6 1.6 3 0.1 2 2 0 0
1 0 1 0 1 0 0 0 0 1 1 0 40 -1 -1 0 1200 1 50 1 50000 10 3 3 1 1 5 7.5 6.9 6.9 4 2.5 1.65 0.6 0.28 2.24 0.0001 1 1.2 3 54178 6 0 0 2 1 1 1 0.0375 5 1 2.8 5.5 4.72 3.64 14.15 0.05 0.05 0 1.95 0 0 0.9 0.1 0.4 3.2 0.85 3 0.1 2 2 0 0
1 0 1 0 1 0 0 0 0 1 1 0 40 -1 -1 0 1200 1 50 1 50000 10 3 3 1 1 5 10 6.9 6.9 4 2.5 1.65 0.6 0.28 2.24 0.0001 1 1.2 3 54178 6 0 0 2 1 1 1 0.04 5 1 5.05 1.9 5.68 0.94 12.2 0.05 0.05 0 1.95 0 0 3.1 0.1 0.4 3.2 4.35 3 0.1 2 2 0 0
1 0 1 0 1 0 0 0 0 1 1 0 40 -1 -1 0 1200 1 50 1 50000 10 3 3 1 1 5 2.5 6.9 6.9 4 2.5 1.65 0.6 0.28 2.24 0.0001 1 1.2 3 54178 6 0 0 2 1 1 1 0.0325 5 1 9.1 4.15 7.12 3.82 12.2 0.05 0.05 0 1.95 0 0 1.1 0.1 0.4 2.8 4.1 3 0.1 2 2 0 0
1 0 1 0 1 0 0 0 0 1 1 0 40 -1 -1 0 1200 1 50 1 50000 10 3 3 1 1 5 0.5 6.9 6.9 4 2.5 1.65 0.6 0.28 2.24 0.0001 1 1.2 3 54178 6 0 0 2 1 1 1 0.035 5 1 9.55 3.7 2.8 2.74 15.125 0.05 0.05 0 1.95 0 0 4.1 0.1 0.4 1.6 3.85 3 0.1 2 2 0 0
1 0 1 0 1 0 0 0 0 1 1 0 40 -1 -1 0 1200 1 50 1 50000 10 3 3 1 1 5 9.5 6.9 6.9 4 2.5 1.65 0.6 0.28 2.24 0.0001 1 1.2 3 54178 6 0 0 2 1 1 1 0.0025 5 1 1.45 1 6.64 2.38 17.075 0.05 0.05 0 1.95 0 0 3.9 0.1 0.4 3.6 0.6 3 0.1 2 2 0 0
1 0 1 0 1 0 0 0 0 1 1 0 40 -1 -1 0 1200 1 50 1 50000 10 3 3 1 1 5 1.5 6.9 6.9 4 2.5 1.65 0.6 0.28 2.24 0.0001 1 1.2 3 54178 6 0 0 2 1 1 1 0.04 5 1 7.3 4.15 2.8 3.64 5.375 0.05 0.05 0 1.95 0 0 4.1 0.1 0.4 4 4.85 3 0.1 2 2 0 0
1 0 1 0 1 0 0 0 0 1 1 0 40 -1 -1 0 1200 1 50 1 50000 10 3 3 1 1 5 7.5 6.9 6.9 4 2.5 1.65 0.6 0.28 2.24 0.0001 1 1.2 3 54178 6 0 0 2 1 1 1 0.0375 5 1 3.25 7.3 6.16 1.48 2.45 0.05 0.05 0 1.95 0 0 0.1 0.1 0.4 4.6 3.85 3 0.1 2 2 0 0
1 0 1 0 1 0 0 0 0 1 1 0 40 -1 -1 0 1200 1 50 1 50000 10 3 3 1 1 5 2.5 6.9 6.9 4 2.5 1.65 0.6 0.28 2.24 0.0001 1 1.2 3 54178 6 0 0 2 1 1 1 0.015 5 1 7.75 9.1 8.56 1.12 7.325 0.05 0.05 0 1.95 0 0 2.1 0.1 0.4 3.8 5.1 3 0.1 2 2 0 0
1 0 1 0 1 0 0 0 0 1 1 0 40 -1 -1 0 1200 1 50 1 50000 10 3 3 1 1 5 8.5 6.9 6.9 4 2.5 1.65 0.6 0.28 2.24 0.0001 1 1.2 3 54178 6 0 0 2 1 1 1 0.0375 5 1 4.6 7.75 0.4 2.56 20 0.05 0.05 0 1.95 0 0 3.5 0.1 0.4 4.8 3.85 3 0.1 2 2 0 0
1 0 1 0 1 0 0 0 0 1 1 0 40 -1 -1 0 1200 1 50 1 50000 10 3 3 1 1 5 3 6.9 6.9 4 2.5 1.65 0.6 0.28 2.24 0.0001 1 1.2 3 54178 6 0 0 2 1 1 1 0.0375 5 1 9.55 5.05 8.56 1.3 9.275 0.05 0.05 0 1.95 0 0 1.5 0.1 0.4 2.6 3.35 3 0.1 2 2 0 0
1 0 1 0 1 0 0 0 0 1 1 0 40 -1 -1 0 1200 1 50 1 50000 10 3 3 1 1 5 5.5 6.9 6.9 4 2.5 1.65 0.6 0.28 2.24 0.0001 1 1.2 3 54178 6 0 0 2 1 1 1 0.0325 5 1 8.65 2.8 3.76 2.2 20 0.05 0.05 0 1.95 0 0 3.7 0.1 0.4 3 0.6 3 0.1 2 2 0 0
1 0 1 0 1 0 0 0 0 1 1 0 40 -1 -1 0 1200 1 50 1 50000 10 3 3 1 1 5 6 6.9 6.9 4 2.5 1.65 0.6 0.28 2.24 0.0001 1 1.2 3 54178 6 0 0 2 1 1 1 0.015 5 1 9.1 6.4 5.68 3.28 18.05 0.05 0.05 0 1.95 0 0 2.9 0.1 0.4 2.8 3.85 3 0.1 2 2 0 0
1 0 1 0 1 0 0 0 0 1 1 0 40 -1 -1 0 1200 1 50 1 50000 10 3 3 1 1 5 2.5 6.9 6.9 4 2.5 1.65 0.6 0.28 2.24 0.0001 1 1.2 3 54178 6 0 0 2 1 1 1 0 5 1 5.5 9.1 5.2 0.94 8.3 0.05 0.05 0 1.95 0 0 3.5 0.1 0.4 3.8 2.35 3 0.1 2 2 0 0
1 0 1 0 1 0 0 0 0 1 1 0 40 -1 -1 0 1200 1 50 1 50000 10 3 3 1 1 5 8 6.9 6.9 4 2.5 1.65 0.6 0.28 2.24 0.0001 1 1.2 3 54178 6 0 0 2 1 1 1 0 5 1 6.4 10 1.84 3.28 18.05 0.05 0.05 0 1.95 0 0 1.1 0.1 0.4 2.8 1.6 3 0.1 2 2 0 0
1 0 1 0 1 0 0 0 0 1 1 0 40 -1 -1 0 1200 1 50 1 50000 10 3 3 1 1 5 7.5 6.9 6.9 4 2.5 1.65 0.6 0.28 2.24 0.0001 1 1.2 3 54178 6 0 0 2 1 1 1 0.015 5 1 2.8 6.85 6.16 1.66 0.5 0.05 0.05 0 1.95 0 0 3.3 0.1 0.4 3.8 1.85 3 0.1 2 2 0 0
1 0 1 0 1 0 0 0 0 1 1 0 40 -1 -1 0 1200 1 50 1 50000 10 3 3 1 1 5 6.5 6.9 6.9 4 2.5 1.65 0.6 0.28 2.24 0.0001 1 1.2 3 54178 6 0 0 2 1 1 1 0.045 5 1 3.7 5.5 2.32 1.3 16.1 0.05 0.05 0 1.95 0 0 4.1 0.1 0.4 1.4 1.1 3 0.1 2 2 0 0
1 0 1 0 1 0 0 0 0 1 1 0 40 -1 -1 0 1200 1 50 1 50000 10 3 3 1 1 5 2.5 6.9 6.9 4 2.5 1.65 0.6 0.28 2.24 0.0001 1 1.2 3 54178 6 0 0 2 1 1 1 0.0075 5 1 3.7 10 0.4 0.94 10.25 0.05 0.05 0 1.95 0 0 2.5 0.1 0.4 1.6 0.85 3 0.1 2 2 0 0
1 0 1 0 1 0 0 0 0 1 1 0 40 -1 -1 0 1200 1 50 1 50000 10 3 3 1 1 5 0 6.9 6.9 4 2.5 1.65 0.6 0.28 2.24 0.0001 1 1.2 3 54178 6 0 0 2 1 1 1 0.0375 5 1 5.5 1.45 9.52 2.56 10.25 0.05 0.05 0 1.95 0 0 1.3 0.1 0.4 3.6 1.85 3 0.1 2 2 0 0
1 0 1 0 1 0 0 0 0 1 1 0 40 -1 -1 0 1200 1 50 1 50000 10 3 3 1 1 5 0.5 6.9 6.9 4 2.5 1.65 0.6 0.28 2.24 0.0001 1 1.2 3 54178 6 0 0 2 1 1 1 0.0075 5 1 6.85 5.05 9.04 2.2 1.475 0.05 0.05 0 1.95 0 0 2.5 0.1 0.4 1 4.1 3 0.1 2 2 0 0
1 0 1 0 1 0 0 0 0 1 1 0 40 -1 -1 0 1200 1 50 1 50000 10 3 3 1 1 5 10 6.9 6.9 4 2.5 1.65 0.6 0.28 2.24 0.0001 1 1.2 3 54178 6 0 0 2 1 1 1 0.005 5 1 1 3.25 1.36 1.12 6.35 0.05 0.05 0 1.95 0 0 0.1 0.1 0.4 3.8 3.6 3 0.1 2 2 0 0
1 0 1 0 1 0 0 0 0 1 1 0 40 -1 -1 0 1200 1 50 1 50000 10 3 3 1 1 5 8 6.9 6.9 4 2.5 1.65 0.6 0.28 2.24 0.0001 1 1.2 3 54178 6 0 0 2 1 1 1 0.0225 5 1 7.3 9.55 8.56 2.02 6.35 0.05 0.05 0 1.95 0 0 0.1 0.1 0.4 3.4 3.6 3 0.1 2 2 0 0
1 0 1 0 1 0 0 0 0 1 1 0 40 -1 -1 0 1200 1 50 1 50000 10 3 3 1 1 5 6.5 6.9 6.9 4 2.5 1.65 0.6 0.28 2.24 0.0001 1 1.2 3 54178 6 0 0 2 1 1 1 0.0175 5 1 4.15 1 2.8 1.12 8.3 0.05 0.05 0 1.95 0 0 0.1 0.1 0.4 3.6 1.6 3 0.1 2 2 0 0
1 0 1 0 1 0 0 0 0 1 1 0 40 -1 -1 0 1200 1 50 1 50000 10 3 3 1 1 5 7 6.9 6.9 4 2.5 1.65 0.6 0.28 2.24 0.0001 1 1.2 3 54178 6 0 0 2 1 1 1 0.0025 5 1 4.15 6.4 8.56 0.94 11.225 0.05 0.05 0 1.95 0 0 0.9 0.1 0.4 2.6 1.35 3 0.1 2 2 0 0
1 0 1 0 1 0 0 0 0 1 1 0 40 -1 -1 0 1200 1 50 1 50000 10 3 3 1 1 5 4 6.9 6.9 4 2.5 1.65 0.6 0.28 2.24 0.0001 1 1.2 3 54178 6 0 0 2 1 1 1 0.0225 5 1 5.95 9.1 0.88 1.12 7.325 0.05 0.05 0 1.95 0 0 0.3 0.1 0.4 2.6 0.35 3 0.1 2 2 0 0
1 0 1 0 1 0 0 0 0 1 1 0 40 -1 -1 0 1200 1 50 1 50000 10 3 3 1 1 5 5 6.9 6.9 4 2.5 1.65 0.6 0.28 2.24 0.0001 1 1.2 3 54178 6 0 0 2 1 1 1 0.0425 5 1 1 2.35 0.88 2.38 12.2 0.05 0.05 0 1.95 0 0 0.3 0.1 0.4 4.8 0.6 3 0.1 2 2 0 0
1 0 1 0 1 0 0 0 0 1 1 0 40 -1 -1 0 1200 1 50 1 50000 10 3 3 1 1 5 3 6.9 6.9 4 2.5 1.65 0.6 0.28 2.24 0.0001 1 1.2 3 54178 6 0 0 2 1 1 1 0.0375 5 1 9.1 9.55 1.36 3.28 2.45 0.05 0.05 0 1.95 0 0 3.9 0.1 0.4 2.6 1.1 3 0.1 2 2 0 0
1 0 1 0 1 0 0 0 0 1 1 0 40 -1 -1 0 1200 1 50 1 50000 10 3 3 1 1 5 9 6.9 6.9 4 2.5 1.65 0.6 0.28 2.24 0.0001 1 1.2 3 54178 6 0 0 2 1 1 1 0.0325 5 1 8.65 1 6.64 1.12 0.5 0.05 0.05 0 1.95 0 0 0.5 0.1 0.4 1 4.6 3 0.1 2 2 0 0
1 0 1 0 1 0 0 0 0 1 1 0 40 -1 -1 0 1200 1 50 1 50000 10 3 3 1 1 5 3 6.9 6.9 4 2.5 1.65 0.6 0.28 2.24 0.0001 1 1.2 3 54178 6 0 0 2 1 1 1 0.0325 5 1 7.75 5.5 0.88 4 8.3 0.05 0.05 0 1.95 0 0 1.7 0.1 0.4 2.8 2.85 3 0.1 2 2 0 0
1 0 1 0 1 0 0 0 0 1 1 0 40 -1 -1 0 1200 1 50 1 50000 10 3 3 1 1 5 6 6.9 6.9 4 2.5 1.65 0.6 0.28 2.24 0.0001 1 1.2 3 54178 6 0 0 2 1 1 1 0.0475 5 1 8.2 1.45 6.16 3.46 10.25 0.05 0.05 0 1.95 0 0 0.9 0.1 0.4 2.4 1.85 3 0.1 2 2 0 0
1 0 1 0 1 0 0 0 0 1 1 0 40 -1 -1 0 1200 1 50 1 50000 10 3 3 1 1 5 7.5 6.9 6.9 4 2.5 1.65 0.6 0.28 2.24 0.0001 1 1.2 3 54178 6 0 0 2 1 1 1 0.025 5 1 7.3 6.4 6.64 2.38 14.15 0.05 0.05 0 1.95 0 0 0.1 0.1 0.4 4.6 2.85 3 0.1 2 2 0 0
1 0 1 0 1 0 0 0 0 1 1 0 40 -1 -1 0 1200 1 50 1 50000 10 3 3 1 1 5 7 6.9 6.9 4 2.5 1.65 0.6 0.28 2.24 0.0001 1 1.2 3 54178 6 0 0 2 1 1 1 0.0025 5 1 7.3 2.8 7.6 1.12 12.2 0.05 0.05 0 1.95 0 0 3.9 0.1 0.4 1.2 2.1 3 0.1 2 2 0 0
1 0 1 0 1 0 0 0 0 1 1 0 40 -1 -1 0 1200 1 50 1 50000 10 3 3 1 1 5 7.5 6.9 6.9 4 2.5 1.65 0.6 0.28 2.24 0.0001 1 1.2 3 54178 6 0 0 2 1 1 1 0.0075 5 1 1 3.25 6.16 3.82 9.275 0.05 0.05 0 1.95 0 0 2.5 0.1 0.4 2.6 0.6 3 0.1 2 2 0 0
1 0 1 0 1 0 0 0 0 1 1 0 40 -1 -1 0 1200 1 50 1 50000 10 3 3 1 1 5 6 6.9 6.9 4 2.5 1.65 0.6 0.28 2.24 0.0001 1 1.2 3 54178 6 0 0 2 1 1 1 0.0075 5 1 7.3 2.35 6.64 0.76 12.2 0.05 0.05 0 1.95 0 0 2.9 0.1 0.4 4.6 4.35 3 0.1 2 2 0 0
1 0 1 0 1 0 0 0 0 1 1 0 40 -1 -1 0 1200 1 50 1 50000 10 3 3 1 1 5 8 6.9 6.9 4 2.5 1.65 0.6 0.28 2.24 0.0001 1 1.2 3 54178 6 0 0 2 1 1 1 0.05 5 1 2.8 3.25 4.24 1.48 18.05 0.05 0.05 0 1.95 0 0 0.7 0.1 0.4 4.2 3.1 3 0.1 2 2 0 0
1 0 1 0 1 0 0 0 0 1 1 0 40 -1 -1 0 1200 1 50 1 50000 10 3 3 1 1 5 8.5 6.9 6.9 4 2.5 1.65 0.6 0.28 2.24 0.0001 1 1.2 3 54178 6 0 0 2 1 1 1 0.045 5 1 7.75 7.3 1.84 2.92 12.2 0.05 0.05 0 1.95 0 0 3.3 0.1 0.4 1.2 5.1 3 0.1 2 2 0 0
1 0 1 0 1 0 0 0 0 1 1 0 40 -1 -1 0 1200 1 50 1 50000 10 3 3 1 1 5 0.5 6.9 6.9 4 2.5 1.65 0.6 0.28 2.24 0.0001 1 1.2 3 54178 6 0 0 2 1 1 1 0.0175 5 1 5.05 10 9.04 1.3 7.325 0.05 0.05 0 1.95 0 0 0.5 0.1 0.4 2 4.6 3 0.1 2 2 0 0
1 0 1 0 1 0 0 0 0 1 1 0 40 -1 -1 0 1200 1 50 1 50000 10 3 3 1 1 5 7.5 6.9 6.9 4 2.5 1.65 0.6 0.28 2.24 0.0001 1 1.2 3 54178 6 0 0 2 1 1 1 0.0425 5 1 5.05 1.45 2.32 0.58 5.375 0.05 0.05 0 1.95 0 0 4.1 0.1 0.4 1.2 4.35 3 0.1 2 2 0 0
1 0 1 0 1 0 0 0 0 1 1 0 40 -1 -1 0 1200 1 50 1 50000 10 3 3 1 1 5 0 6.9 6.9 4 2.5 1.65 0.6 0.28 2.24 0.0001 1 1.2 3 54178 6 0 0 2 1 1 1 0.0275 5 1 3.7 1.45 8.08 1.84 18.05 0.05 0.05 0 1.95 0 0 0.3 0.1 0.4 2.6 4.85 3 0.1 2 2 0 0
1 0 1 0 1 0 0 0 0 1 1 0 40 -1 -1 0 1200 1 50 1 50000 10 3 3 1 1 5 2.5 6.9 6.9 4 2.5 1.65 0.6 0.28 2.24 0.0001 1 1.2 3 54178 6 0 0 2 1 1 1 0.0125 5 1 5.5 8.2 0.4 0.76 13.175 0.05 0.05 0 1.95 0 0 2.5 0.1 0.4 1.2 2.35 3 0.1 2 2 0 0
1 0 1 0 1 0 0 0 0 1 1 0 40 -1 -1 0 1200 1 50 1 50000 10 3 3 1 1 5 1 6.9 6.9 4 2.5 1.65 0.6 0.28 2.24 0.0001 1 1.2 3 54178 6 0 0 2 1 1 1 0.0475 5 1 5.95 9.55 0.88 1.12 0.5 0.05 0.05 0 1.95 0 0 2.5 0.1 0.4 2 2.1 3 0.1 2 2 0 0
1 0 1 0 1 0 0 0 0 1 1 0 40 -1 -1 0 1200 1 50 1 50000 10 3 3 1 1 5 4.5 6.9 6.9 4 2.5 1.65 0.6 0.28 2.24 0.0001 1 1.2 3 54178 6 0 0 2 1 1 1 0.015 5 1 10 4.6 1.36 2.02 8.3 0.05 0.05 0 1.95 0 0 1.5 0.1 0.4 5 4.1 3 0.1 2 2 0 0
1 0 1 0 1 0 0 0 0 1 1 0 40 -1 -1 0 1200 1 50 1 50000 10 3 3 1 1 5 3.5 6.9 6.9 4 2.5 1.65 0.6 0.28 2.24 0.0001 1 1.2 3 54178 6 0 0 2 1 1 1 0.0375 5 1 9.55 9.1 7.6 3.1 2.45 0.05 0.05 0 1.95 0 0 0.3 0.1 0.4 2.2 3.35 3 0.1 2 2 0 0
1 0 1 0 1 0 0 0 0 1 1 0 40 -1 -1 0 1200 1 50 1 50000 10 3 3 1 1 5 3.5 6.9 6.9 4 2.5 1.65 0.6 0.28 2.24 0.0001 1 1.2 3 54178 6 0 0 2 1 1 1 0.025 5 1 8.65 2.8 10 4 20 0.05 0.05 0 1.95 0 0 2.9 0.1 0.4 4.6 4.35 3 0.1 2 2 0 0
1 0 1 0 1 0 0 0 0 1 1 0 40 -1 -1 0 1200 1 50 1 50000 10 3 3 1 1 5 10 6.9 6.9 4 2.5 1.65 0.6 0.28 2.24 0.0001 1 1.2 3 54178 6 0 0 2 1 1 1 0.0225 5 1 6.4 6.4 6.16 1.3 9.275 0.05 0.05 0 1.95 0 0 1.9 0.1 0.4 4.8 0.35 3 0.1 2 2 0 0
1 0 1 0 1 0 0 0 0 1 1 0 40 -1 -1 0 1200 1 50 1 50000 10 3 3 1 1 5 8 6.9 6.9 4 2.5 1.65 0.6 0.28 2.24 0.0001 1 1.2 3 54178 6 0 0 2 1 1 1 0.0075 5 1 8.2 7.3 9.04 3.1 4.4 0.05 0.05 0 1.95 0 0 1.1 0.1 0.4 5 4.6 3 0.1 2 2 0 0
1 0 1 0 1 0 0 0 0 1 1 0 40 -1 -1 0 1200 1 50 1 50000 10 3 3 1 1 5 0 6.9 6.9 4 2.5 1.65 0.6 0.28 2.24 0.0001 1 1.2 3 54178 6 0 0 2 1 1 1 0.05 5 1 7.75 1 10 2.38 16.1 0.05 0.05 0 1.95 0 0 3.3 0.1 0.4 1.4 2.85 3 0.1 2 2 0 0
1 0 1 0 1 0 0 0 0 1 1 0 40 -1 -1 0 1200 1 50 1 50000 10 3 3 1 1 5 6 6.9 6.9 4 2.5 1.65 0.6 0.28 2.24 0.0001 1 1.2 3 54178 6 0 0 2 1 1 1 0.025 5 1 2.8 2.35 0.4 2.02 8.3 0.05 0.05 0 1.95 0 0 3.3 0.1 0.4 3.6 4.1 3 0.1 2 2 0 0
1 0 1 0 1 0 0 0 0 1 1 0 40 -1 -1 0 1200 1 50 1 50000 10 3 3 1 1 5 7.5 6.9 6.9 4 2.5 1.65 0.6 0.28 2.24 0.0001 1 1.2 3 54178 6 0 0 2 1 1 1 0.0325 5 1 9.1 3.25 9.04 1.48 9.275 0.05 0.05 0 1.95 0 0 3.9 0.1 0.4 2.8 2.85 3 0.1 2 2 0 0
1 0 1 0 1 0 0 0 0 1 1 0 40 -1 -1 0 1200 1 50 1 50000 10 3 3 1 1 5 3.5 6.9 6.9 4 2.5 1.65 0.6 0.28 2.24 0.0001 1 1.2 3 54178 6 0 0 2 1 1 1 0.0475 5 1 8.2 9.1 2.32 3.82 7.325 0.05 0.05 0 1.95 0 0 4.1 0.1 0.4 4.6 3.6 3 0.1 2 2 0 0
1 0 1 0 1 0 0 0 0 1 1 0 40 -1 -1 0 1200 1 50 1 50000 10 3 3 1 1 5 2 6.9 6.9 4 2.5 1.65 0.6 0.28 2.24 0.0001 1 1.2 3 54178 6 0 0 2 1 1 1 0.0325 5 1 10 2.35 9.52 2.2 2.45 0.05 0.05 0 1.95 0 0 3.5 0.1 0.4 1.6 3.1 3 0.1 2 2 0 0
1 0 1 0 1 0 0 0 0 1 1 0 40 -1 -1 0 1200 1 50 1 50000 10 3 3 1 1 5 2 6.9 6.9 4 2.5 1.65 0.6 0.28 2.24 0.0001 1 1.2 3 54178 6 0 0 2 1 1 1 0.0275 5 1 9.1 1 4.24 0.4 12.2 0.05 0.05 0 1.95 0 0 1.5 0.1 0.4 2 2.1 3 0.1 2 2 0 0
1 0 1 0 1 0 0 0 0 1 1 0 40 -1 -1 0 1200 1 50 1 50000 10 3 3 1 1 5 7.5 6.9 6.9 4 2.5 1.65 0.6 0.28 2.24 0.0001 1 1.2 3 54178 6 0 0 2 1 1 1 0.0225 5 1 6.4 6.4 8.08 0.4 11.225 0.05 0.05 0 1.95 0 0 2.5 0.1 0.4 3.2 0.1 3 0.1 2 2 0 0
1 0 1 0 1 0 0 0 0 1 1 0 40 -1 -1 0 1200 1 50 1 50000 10 3 3 1 1 5 3 6.9 6.9 4 2.5 1.65 0.6 0.28 2.24 0.0001 1 1.2 3 54178 6 0 0 2 1 1 1 0.01 5 1 8.2 1.45 0.88 2.56 6.35 0.05 0.05 0 1.95 0 0 1.5 0.1 0.4 3.2 0.6 3 0.1 2 2 0 0
1 0 1 0 1 0 0 0 0 1 1 0 40 -1 -1 0 1200 1 50 1 50000 10 3 3 1 1 5 3.5 6.9 6.9 4 2.5 1.65 0.6 0.28 2.24 0.0001 1 1.2 3 54178 6 0 0 2 1 1 1 0.02 5 1 6.85 9.55 9.52 2.92 8.3 0.05 0.05 0 1.95 0 0 2.1 0.1 0.4 1 0.85 3 0.1 2 2 0 0
1 0 1 0 1 0 0 0 0 1 1 0 40 -1 -1 0 1200 1 50 1 50000 10 3 3 1 1 5 8.5 6.9 6.9 4 2.5 1.65 0.6 0.28 2.24 0.0001 1 1.2 3 54178 6 0 0 2 1 1 1 0.045 5 1 5.5 5.95 10 2.56 19.025 0.05 0.05 0 1.95 0 0 2.9 0.1 0.4 3.8 2.1 3 0.1 2 2 0 0
1 0 1 0 1 0 0 0 0 1 1 0 40 -1 -1 0 1200 1 50 1 50000 10 3 3 1 1 5 8 6.9 6.9 4 2.5 1.65 0.6 0.28 2.24 0.0001 1 1.2 3 54178 6 0 0 2 1 1 1 0.0025 5 1 5.95 6.4 4.24 2.92 5.375 0.05 0.05 0 1.95 0 0 3.5 0.1 0.4 4 0.1 3 0.1 2 2 0 0
1 0 1 0 1 0 0 0 0 1 1 0 40 -1 -1 0 1200 1 50 1 50000 10 3 3 1 1 5 5 6.9 6.9 4 2.5 1.65 0.6 0.28 2.24 0.0001 1 1.2 3 54178 6 0 0 2 1 1 1 0.0175 5 1 3.7 2.35 2.8 0.94 15.125 0.05 0.05 0 1.95 0 0 0.1 0.1 0.4 1.6 4.35 3 0.1 2 2 0 0
1 0 1 0 1 0 0 0 0 1 1 0 40 -1 -1 0 1200 1 50 1 50000 10 3 3 1 1 5 8 6.9 6.9 4 2.5 1.65 0.6 0.28 2.24 0.0001 1 1.2 3 54178 6 0 0 2 1 1 1 0 5 1 7.3 10 10 0.76 1.475 0.05 0.05 0 1.95 0 0 2.9 0.1 0.4 1.8 4.1 3 0.1 2 2 0 0
1 0 1 0 1 0 0 0 0 1 1 0 40 -1 -1 0 1200 1 50 1 50000 10 3 3 1 1 5 2 6.9 6.9 4 2.5 1.65 0.6 0.28 2.24 0.0001 1 1.2 3 54178 6 0 0 2 1 1 1 0.0025 5 1 9.55 6.85 6.64 0.4 4.4 0.05 0.05 0 1.95 0 0 1.3 0.1 0.4 4.4 0.85 3 0.1 2 2 0 0
1 0 1 0 1 0 0 0 0 1 1 0 40 -1 -1 0 1200 1 50 1 50000 10 3 3 1 1 5 1 6.9 6.9 4 2.5 1.65 0.6 0.28 2.24 0.0001 1 1.2 3 54178 6 0 0 2 1 1 1 0.0225 5 1 5.5 9.1 6.16 3.46 18.05 0.05 0.05 0 1.95 0 0 1.5 0.1 0.4 4.2 2.35 3 0.1 2 2 0 0
1 0 1 0 1 0 0 0 0 1 1 0 40 -1 -1 0 1200 1 50 1 50000 10 3 3 1 1 5 5 6.9 6.9 4 2.5 1.65 0.6 0.28 2.24 0.0001 1 1.2 3 54178 6 0 0 2 1 1 1 0.0125 5 1 8.2 5.5 9.04 1.84 4.4 0.05 0.05 0 1.95 0 0 1.1 0.1 0.4 2.2 2.85 3 0.1 2 2 0 0
1 0 1 0 1 0 0 0 0 1 1 0 40 -1 -1 0 1200 1 50 1 50000 10 3 3 1 1 5 1 6.9 6.9 4 2.5 1.65 0.6 0.28 2.24 0.0001 1 1.2 3 54178 6 0 0 2 1 1 1 0.0225 5 1 6.85 7.75 1.84 3.28 7.325 0.05 0.05 0 1.95 0 0 0.5 0.1 0.4 3.2 2.1 3 0.1 2 2 0 0
1 0 1 0 1 0 0 0 0 1 1 0 40 -1 -1 0 1200 1 50 1 50000 10 3 3 1 1 5 10 6.9 6.9 4 2.5 1.65 0.6 0.28 2.24 0.0001 1 1.2 3 54178 6 0 0 2 1 1 1 0 5 1 4.15 6.85 4.72 1.84 10.25 0.05 0.05 0 1.95 0 0 0.9 0.1 0.4 4.4 1.85 3 0.1 2 2 0 0
1 0 1 0 1 0 0 0 0 1 1 0 40 -1 -1 0 1200 1 50 1 50000 10 3 3 1 1 5 9 6.9 6.9 4 2.5 1.65 0.6 0.28 2.24 0.0001 1 1.2 3 54178 6 0 0 2 1 1 1 0.035 5 1 10 5.95 8.08 1.12 16.1 0.05 0.05 0 1.95 0 0 1.5 0.1 0.4 5 3.1 3 0.1 2 2 0 0
1 0 1 0 1 0 0 0 0 1 1 0 40 -1 -1 0 1200 1 50 1 50000 10 3 3 1 1 5 1.5 6.9 6.9 4 2.5 1.65 0.6 0.28 2.24 0.0001 1 1.2 3 54178 6 0 0 2 1 1 1 0.035 5 1 6.4 6.85 5.68 4 16.1 0.05 0.05 0 1.95 0 0 1.5 0.1 0.4 1.6 4.6 3 0.1 2 2 0 0
1 0 1 0 1 0 0 0 0 1 1 0 40 -1 -1 0 1200 1 50 1 50000 10 3 3 1 1 5 9 6.9 6.9 4 2.5 1.65 0.6 0.28 2.24 0.0001 1 1.2 3 54178 6 0 0 2 1 1 1 0.05 5 1 4.6 7.3 10 3.1 12.2 0.05 0.05 0 1.95 0 0 0.7 0.1 0.4 4.4 1.6 3 0.1 2 2 0 0
1 0 1 0 1 0 0 0 0 1 1 0 40 -1 -1 0 1200 1 50 1 50000 10 3 3 1 1 5 6.5 6.9 6.9 4 2.5 1.65 0.6 0.28 2.24 0.0001 1 1.2 3 54178 6 0 0 2 1 1 1 0.0175 5 1 1 6.85 4.72 3.1 14.15 0.05 0.05 0 1.95 0 0 0.1 0.1 0.4 1.6 0.1 3 0.1 2 2 0 0
1 0 1 0 1 0 0 0 0 1 1 0 40 -1 -1 0 1200 1 50 1 50000 10 3 3 1 1 5 10 6.9 6.9 4 2.5 1.65 0.6 0.28 2.24 0.0001 1 1.2 3 54178 6 0 0 2 1 1 1 0.035 5 1 3.7 5.05 4.24 0.94 2.45 0.05 0.05 0 1.95 0 0 0.9 0.1 0.4 4.2 4.6 3 0.1 2 2 0 0
1 0 1 0 1 0 0 0 0 1 1 0 40 -1 -1 0 1200 1 50 1 50000 10 3 3 1 1 5 0.5 6.9 6.9 4 2.5 1.65 0.6 0.28 2.24 0.0001 1 1.2 3 54178 6 0 0 2 1 1 1 0.0025 5 1 5.95 1.9 10 0.76 7.325 0.05 0.05 0 1.95 0 0 2.7 0.1 0.4 1.4 3.85 3 0.1 2 2 0 0
1 0 1 0 1 0 0 0 0 1 1 0 40 -1 -1 0 1200 1 50 1 50000 10 3 3 1 1 5 4 6.9 6.9 4 2.5 1.65 0.6 0.28 2.24 0.0001 1 1.2 3 54178 6 0 0 2 1 1 1 0.02 5 1 2.35 6.4 0.88 1.48 13.175 0.05 0.05 0 1.95 0 0 0.7 0.1 0.4 5 3.85 3 0.1 2 2 0 0
1 0 1 0 1 0 0 0 0 1 1 0 40 -1 -1 0 1200 1 50 1 50000 10 3 3 1 1 5 2 6.9 6.9 4 2.5 1.65 0.6 0.28 2.24 0.0001 1 1.2 3 54178 6 0 0 2 1 1 1 0.0125 5 1 7.3 8.65 5.2 1.12 15.125 0.05 0.05 0 1.95 0 0 3.5 0.1 0.4 1.8 1.35 3 0.1 2 2 0 0
1 0 1 0 1 0 0 0 0 1 1 0 40 -1 -1 0 1200 1 50 1 50000 10 3 3 1 1 5 8 6.9 6.9 4 2.5 1.65 0.6 0.28 2.24 0.0001 1 1.2 3 54178 6 0 0 2 1 1 1 0.015 5 1 7.3 3.7 0.4 2.74 13.175 0.05 0.05 0 1.95 0 0 2.3 0.1 0.4 1.6 4.85 3 0.1 2 2 0 0
1 0 1 0 1 0 0 0 0 1 1 0 40 -1 -1 0 1200 1 50 1 50000 10 3 3 1 1 5 3.5 6.9 6.9 4 2.5 1.65 0.6 0.28 2.24 0.0001 1 1.2 3 54178 6 0 0 2 1 1 1 0.035 5 1 9.55 9.1 8.56 1.12 13.175 0.05 0.05 0 1.95 0 0 3.5 0.1 0.4 4.8 2.35 3 0.1 2 2 0 0
1 0 1 0 1 0 0 0 0 1 1 0 40 -1 -1 0 1200 1 50 1 50000 10 3 3 1 1 5 5.5 6.9 6.9 4 2.5 1.65 0.6 0.28 2.24 0.0001 1 1.2 3 54178 6 0 0 2 1 1 1 0.0375 5 1 6.85 5.05 4.24 4 20 0.05 0.05 0 1.95 0 0 0.5 0.1 0.4 3 3.1 3 0.1 2 2 0 0
1 0 1 0 1 0 0 0 0 1 1 0 40 -1 -1 0 1200 1 50 1 50000 10 3 3 1 1 5 10 6.9 6.9 4 2.5 1.65 0.6 0.28 2.24 0.0001 1 1.2 3 54178 6 0 0 2 1 1 1 0 5 1 7.3 5.95 0.4 0.4 10.25 0.05 0.05 0 1.95 0 0 0.1 0.1 0.4 3.2 0.1 3 0.1 2 2 0 0
1 0 1 0 1 0 0 0 0 1 1 0 40 -1 -1 0 1200 1 50 1 50000 10 3 3 1 1 5 6 6.9 6.9 4 2.5 1.65 0.6 0.28 2.24 0.0001 1 1.2 3 54178 6 0 0 2 1 1 1 0.03 5 1 8.2 1.9 6.64 1.48 6.35 0.05 0.05 0 1.95 0 0 1.9 0.1 0.4 3.4 5.1 3 0.1 2 2 0 0
1 0 1 0 1 0 0 0 0 1 1 0 40 -1 -1 0 1200 1 50 1 50000 10 3 3 1 1 5 1 6.9 6.9 4 2.5 1.65 0.6 0.28 2.24 0.0001 1 1.2 3 54178 6 0 0 2 1 1 1 0.0125 5 1 4.6 8.65 7.6 3.28 0.5 0.05 0.05 0 1.95 0 0 2.9 0.1 0.4 1.6 4.85 3 0.1 2 2 0 0
1 0 1 0 1 0 0 0 0 1 1 0 40 -1 -1 0 1200 1 50 1 50000 10 3 3 1 1 5 8 6.9 6.9 4 2.5 1.65 0.6 0.28 2.24 0.0001 1 1.2 3 54178 6 0 0 2 1 1 1 0.0325 5 1 6.85 8.2 8.08 2.02 14.15 0.05 0.05 0 1.95 0 0 0.7 0.1 0.4 3.4 0.1 3 0.1 2 2 0 0
1 0 1 0 1 0 0 0 0 1 1 0 40 -1 -1 0 1200 1 50 1 50000 10 3 3 1 1 5 1 6.9 6.9 4 2.5 1.65 0.6 0.28 2.24 0.0001 1 1.2 3 54178 6 0 0 2 1 1 1 0.0275 5 1 6.85 2.8 6.64 3.64 15.125 0.05 0.05 0 1.95 0 0 4.1 0.1 0.4 4 0.6 3 0.1 2 2 0 0
1 0 1 0 1 0 0 0 0 1 1 0 40 -1 -1 0 1200 1 50 1 50000 10 3 3 1 1 5 7 6.9 6.9 4 2.5 1.65 0.6 0.28 2.24 0.0001 1 1.2 3 54178 6 0 0 2 1 1 1 0.0275 5 1 8.2 4.15 8.56 1.48 19.025 0.05 0.05 0 1.95 0 0 0.9 0.1 0.4 3.2 3.1 3 0.1 2 2 0 0
1 0 1 0 1 0 0 0 0 1 1 0 40 -1 -1 0 1200 1 50 1 50000 10 3 3 1 1 5 0.5 6.9 6.9 4 2.5 1.65 0.6 0.28 2.24 0.0001 1 1.2 3 54178 6 0 0 2 1 1 1 0 5 1 6.4 10 4.24 1.12 17.075 0.05 0.05 0 1.95 0 0 1.7 0.1 0.4 1.6 2.35 3 0.1 2 2 0 0
1 0 1 0 1 0 0 0 0 1 1 0 40 -1 -1 0 1200 1 50 1 50000 10 3 3 1 1 5 8.5 6.9 6.9 4 2.5 1.65 0.6 0.28 2.24 0.0001 1 1.2 3 54178 6 0 0 2 1 1 1 0.05 5 1 2.8 6.4 2.8 2.56 20 0.05 0.05 0 1.95 0 0 0.5 0.1 0.4 2.4 4.35 3 0.1 2 2 0 0
1 0 1 0 1 0 0 0 0 1 1 0 40 -1 -1 0 1200 1 50 1 50000 10 3 3 1 1 5 5.5 6.9 6.9 4 2.5 1.65 0.6 0.28 2.24 0.0001 1 1.2 3 54178 6 0 0 2 1 1 1 0.0375 5 1 9.1 9.55 9.52 3.46 10.25 0.05 0.05 0 1.95 0 0 0.9 0.1 0.4 1.6 2.35 3 0.1 2 2 0 0
1 0 1 0 1 0 0 0 0 1 1 0 40 -1 -1 0 1200 1 50 1 50000 10 3 3 1 1 5 2.5 6.9 6.9 4 2.5 1.65 0.6 0.28 2.24 0.0001 1 1.2 3 54178 6 0 0 2 1 1 1 0.025 5 1 3.7 8.2 6.16 3.28 12.2 0.05 0.05 0 1.95 0 0 0.7 0.1 0.4 3.4 3.35 3 0.1 2 2 0 0
1 0 1 0 1 0 0 0 0 1 1 0 40 -1 -1 0 1200 1 50 1 50000 10 3 3 1 1 5 9.5 6.9 6.9 4 2.5 1.65 0.6 0.28 2.24 0.0001 1 1.2 3 54178 6 0 0 2 1 1 1 0.0275 5 1 1 9.55 8.08 2.56 19.025 0.05 0.05 0 1.95 0 0 0.5 0.1 0.4 3.4 0.35 3 0.1 2 2 0 0
1 0 1 0 1 0 0 0 0 1 1 0 40 -1 -1 0 1200 1 50 1 50000 10 3 3 1 1 5 8.5 6.9 6.9 4 2.5 1.65 0.6 0.28 2.24 0.0001 1 1.2 3 54178 6 0 0 2 1 1 1 0.0125 5 1 7.3 3.7 1.36 3.64 8.3 0.05 0.05 0 1.95 0 0 2.9 0.1 0.4 2.8 1.1 3 0.1 2 2 0 0
1 0 1 0 1 0 0 0 0 1 1 0 40 -1 -1 0 1200 1 50 1 50000 10 3 3 1 1 5 0.5 6.9 6.9 4 2.5 1.65 0.6 0.28 2.24 0.0001 1 1.2 3 54178 6 0 0 2 1 1 1 0.0425 5 1 1 6.85 9.52 0.58 20 0.05 0.05 0 1.95 0 0 4.1 0.1 0.4 3.2 3.6 3 0.1 2 2 0 0
1 0 1 0 1 0 0 0 0 1 1 0 40 -1 -1 0 1200 1 50 1 50000 10 3 3 1 1 5 0.5 6.9 6.9 4 2.5 1.65 0.6 0.28 2.24 0.0001 1 1.2 3 54178 6 0 0 2 1 1 1 0.02 5 1 5.95 1 3.28 3.82 3.425 0.05 0.05 0 1.95 0 0 3.9 0.1 0.4 2.2 3.1 3 0.1 2 2 0 0
1 0 1 0 1 0 0 0 0 1 1 0 40 -1 -1 0 1200 1 50 1 50000 10 3 3 1 1 5 3 6.9 6.9 4 2.5 1.65 0.6 0.28 2.24 0.0001 1 1.2 3 54178 6 0 0 2 1 1 1 0.0375 5 1 4.6 1.9 1.36 2.38 11.225 0.05 0.05 0 1.95 0 0 1.1 0.1 0.4 2 2.1 3 0.1 2 2 0 0
1 0 1 0 1 0 0 0 0 1 1 0 40 -1 -1 0 1200 1 50 1 50000 10 3 3 1 1 5 0 6.9 6.9 4 2.5 1.65 0.6 0.28 2.24 0.0001 1 1.2 3 54178 6 0 0 2 1 1 1 0.03 5 1 5.5 8.2 7.6 1.48 3.425 0.05 0.05 0 1.95 0 0 3.5 0.1 0.4 3.2 4.6 3 0.1 2 2 0 0
1 0 1 0 1 0 0 0 0 1 1 0 40 -1 -1 0 1200 1 50 1 50000 10 3 3 1 1 5 10 6.9 6.9 4 2.5 1.65 0.6 0.28 2.24 0.0001 1 1.2 3 54178 6 0 0 2 1 1 1 0.0175 5 1 5.95 3.7 6.64 1.48 9.275 0.05 0.05 0 1.95 0 0 0.1 0.1 0.4 2 3.35 3 0.1 2 2 0 0
1 0 1 0 1 0 0 0 0 1 1 0 40 -1 -1 0 1200 1 50 1 50000 10 3 3 1 1 5 9 6.9 6.9 4 2.5 1.65 0.6 0.28 2.24 0.0001 1 1.2 3 54178 6 0 0 2 1 1 1 0.05 5 1 1.9 1 4.24 3.46 17.075 0.05 0.05 0 1.95 0 0 3.9 0.1 0.4 5 3.1 3 0.1 2 2 0 0
1 0 1 0 1 0 0 0 0 1 1 0 40 -1 -1 0 1200 1 50 1 50000 10 3 3 1 1 5 10 6.9 6.9 4 2.5 1.65 0.6 0.28 2.24 0.0001 1 1.2 3 54178 6 0 0 2 1 1 1 0.0075 5 1 8.65 1 1.36 2.74 11.225 0.05 0.05 0 1.95 0 0 2.5 0.1 0.4 2.6 2.6 3 0.1 2 2 0 0
1 0 1 0 1 0 0 0 0 1 1 0 40 -1 -1 0 1200 1 50 1 50000 10 3 3 1 1 5 1 6.9 6.9 4 2.5 1.65 0.6 0.28 2.24 0.0001 1 1.2 3 54178 6 0 0 2 1 1 1 0.0375 5 1 2.35 1 1.36 3.64 2.45 0.05 0.05 0 1.95 0 0 0.7 0.1 0.4 1.2 0.35 3 0.1 2 2 0 0
1 0 1 0 1 0 0 0 0 1 1 0 40 -1 -1 0 1200 1 50 1 50000 10 3 3 1 1 5 4.5 6.9 6.9 4 2.5 1.65 0.6 0.28 2.24 0.0001 1 1.2 3 54178 6 0 0 2 1 1 1 0.045 5 1 7.3 1 3.76 0.94 8.3 0.05 0.05 0 1.95 0 0 2.7 0.1 0.4 1.4 3.1 3 0.1 2 2 0 0
1 0 1 0 1 0 0 0 0 1 1 0 40 -1 -1 0 1200 1 50 1 50000 10 3 3 1 1 5 5 6.9 6.9 4 2.5 1.65 0.6 0.28 2.24 0.0001 1 1.2 3 54178 6 0 0 2 1 1 1 0.0225 5 1 9.55 2.35 6.64 2.2 14.15 0.05 0.05 0 1.95 0 0 3.1 0.1 0.4 3.4 0.6 3 0.1 2 2 0 0
1 0 1 0 1 0 0 0 0 1 1 0 40 -1 -1 0 1200 1 50 1 50000 10 3 3 1 1 5 9 6.9 6.9 4 2.5 1.65 0.6 0.28 2.24 0.0001 1 1.2 3 54178 6 0 0 2 1 1 1 0.03 5 1 8.65 3.25 10 2.02 15.125 0.05 0.05 0 1.95 0 0 2.3 0.1 0.4 1.4 2.1 3 0.1 2 2 0 0
1 0 1 0 1 0 0 0 0 1 1 0 40 -1 -1 0 1200 1 50 1 50000 10 3 3 1 1 5 2 6.9 6.9 4 2.5 1.65 0.6 0.28 2.24 0.0001 1 1.2 3 54178 6 0 0 2 1 1 1 0.0075 5 1 2.35 8.2 8.56 2.92 5.375 0.05 0.05 0 1.95 0 0 1.3 0.1 0.4 2.6 3.1 3 0.1 2 2 0 0
1 0 1 0 1 0 0 0 0 1 1 0 40 -1 -1 0 1200 1 50 1 50000 10 3 3 1 1 5 8.5 6.9 6.9 4 2.5 1.65 0.6 0.28 2.24 0.0001 1 1.2 3 54178 6 0 0 2 1 1 1 0.015 5 1 8.65 3.25 5.2 2.56 2.45 0.05 0.05 0 1.95 0 0 3.9 0.1 0.4 3.6 1.35 3 0.1 2 2 0 0
1 0 1 0 1 0 0 0 0 1 1 0 40 -1 -1 0 1200 1 50 1 50000 10 3 3 1 1 5 6.5 6.9 6.9 4 2.5 1.65 0.6 0.28 2.24 0.0001 1 1.2 3 54178 6 0 0 2 1 1 1 0.005 5 1 3.7 4.6 7.12 4 13.175 0.05 0.05 0 1.95 0 0 3.3 0.1 0.4 4.8 3.6 3 0.1 2 2 0 0
1 0 1 0 1 0 0 0 0 1 1 0 40 -1 -1 0 1200 1 50 1 50000 10 3 3 1 1 5 8 6.9 6.9 4 2.5 1.65 0.6 0.28 2.24 0.0001 1 1.2 3 54178 6 0 0 2 1 1 1 0.035 5 1 7.75 2.8 2.32 2.92 14.15 0.05 0.05 0 1.95 0 0 2.1 0.1 0.4 4 3.6 3 0.1 2 2 0 0
1 0 1 0 1 0 0 0 0 1 1 0 40 -1 -1 0 1200 1 50 1 50000 10 3 3 1 1 5 9.5 6.9 6.9 4 2.5 1.65 0.6 0.28 2.24 0.0001 1 1.2 3 54178 6 0 0 2 1 1 1 0.0375 5 1 8.2 3.25 7.12 2.2 4.4 0.05 0.05 0 1.95 0 0 0.9 0.1 0.4 3.8 5.1 3 0.1 2 2 0 0
1 0 1 0 1 0 0 0 0 1 1 0 40 -1 -1 0 1200 1 50 1 50000 10 3 3 1 1 5 3 6.9 6.9 4 2.5 1.65 0.6 0.28 2.24 0.0001 1 1.2 3 54178 6 0 0 2 1 1 1 0.025 5 1 6.85 1.9 0.88 4 7.325 0.05 0.05 0 1.95 0 0 1.7 0.1 0.4 1.8 1.6 3 0.1 2 2 0 0
1 0 1 0 1 0 0 0 0 1 1 0 40 -1 -1 0 1200 1 50 1 50000 10 3 3 1 1 5 0.5 6.9 6.9 4 2.5 1.65 0.6 0.28 2.24 0.0001 1 1.2 3 54178 6 0 0 2 1 1 1 0.0375 5 1 4.15 9.1 1.36 0.4 5.375 0.05 0.05 0 1.95 0 0 0.7 0.1 0.4 5 3.85 3 0.1 2 2 0 0
1 0 1 0 1 0 0 0 0 1 1 0 40 -1 -1 0 1200 1 50 1 50000 10 3 3 1 1 5 10 6.9 6.9 4 2.5 1.65 0.6 0.28 2.24 0.0001 1 1.2 3 54178 6 0 0 2 1 1 1 0 5 1 2.35 10 1.36 0.4 17.075 0.05 0.05 0 1.95 0 0 0.3 0.1 0.4 5 4.85 3 0.1 2 2 0 0
1 0 1 0 1 0 0 0 0 1 1 0 40 -1 -1 0 1200 1 50 1 50000 10 3 3 1 1 5 5 6.9 6.9 4 2.5 1.65 0.6 0.28 2.24 0.0001 1 1.2 3 54178 6 0 0 2 1 1 1 0.03 5 1 8.65 8.65 3.28 2.56 11.225 0.05 0.05 0 1.95 0 0 1.3 0.1 0.4 2.8 0.6 3 0.1 2 2 0 0
1 0 1 0 1 0 0 0 0 1 1 0 40 -1 -1 0 1200 1 50 1 50000 10 3 3 1 1 5 5.5 6.9 6.9 4 2.5 1.65 0.6 0.28 2.24 0.0001 1 1.2 3 54178 6 0 0 2 1 1 1 0.01 5 1 1.9 7.3 9.52 3.28 4.4 0.05 0.05 0 1.95 0 0 1.1 0.1 0.4 1.4 3.35 3 0.1 2 2 0 0
1 0 1 0 1 0 0 0 0 1 1 0 40 -1 -1 0 1200 1 50 1 50000 10 3 3 1 1 5 3.5 6.9 6.9 4 2.5 1.65 0.6 0.28 2.24 0.0001 1 1.2 3 54178 6 0 0 2 1 1 1 0.0275 5 1 1.9 2.8 4.72 1.84 9.275 0.05 0.05 0 1.95 0 0 4.1 0.1 0.4 4.4 1.6 3 0.1 2 2 0 0
1 0 1 0 1 0 0 0 0 1 1 0 40 -1 -1 0 1200 1 50 1 50000 10 3 3 1 1 5 3 6.9 6.9 4 2.5 1.65 0.6 0.28 2.24 0.0001 1 1.2 3 54178 6 0 0 2 1 1 1 0.03 5 1 3.7 3.7 6.64 2.56 16.1 0.05 0.05 0 1.95 0 0 2.7 0.1 0.4 4.8 1.6 3 0.1 2 2 0 0
1 0 1 0 1 0 0 0 0 1 1 0 40 -1 -1 0 1200 1 50 1 50000 10 3 3 1 1 5 8 6.9 6.9 4 2.5 1.65 0.6 0.28 2.24 0.0001 1 1.2 3 54178 6 0 0 2 1 1 1 0.0325 5 1 8.65 9.55 2.32 3.1 20 0.05 0.05 0 1.95 0 0 1.9 0.1 0.4 5 0.85 3 0.1 2 2 0 0
1 0 1 0 1 0 0 0 0 1 1 0 40 -1 -1 0 1200 1 50 1 50000 10 3 3 1 1 5 4.5 6.9 6.9 4 2.5 1.65 0.6 0.28 2.24 0.0001 1 1.2 3 54178 6 0 0 2 1 1 1 0.05 5 1 2.8 1.45 9.52 3.46 14.15 0.05 0.05 0 1.95 0 0 1.3 0.1 0.4 1.8 3.85 3 0.1 2 2 0 0
1 0 1 0 1 0 0 0 0 1 1 0 40 -1 -1 0 1200 1 50 1 50000 10 3 3 1 1 5 0.5 6.9 6.9 4 2.5 1.65 0.6 0.28 2.24 0.0001 1 1.2 3 54178 6 0 0 2 1 1 1 0.0325 5 1 3.7 1.9 8.08 1.84 19.025 0.05 0.05 0 1.95 0 0 2.7 0.1 0.4 1.6 3.1 3 0.1 2 2 0 0
1 0 1 0 1 0 0 0 0 1 1 0 40 -1 -1 0 1200 1 50 1 50000 10 3 3 1 1 5 7 6.9 6.9 4 2.5 1.65 0.6 0.28 2.24 0.0001 1 1.2 3 54178 6 0 0 2 1 1 1 0.0275 5 1 9.1 3.7 3.28 1.3 10.25 0.05 0.05 0 1.95 0 0 0.3 0.1 0.4 1 4.1 3 0.1 2 2 0 0
1 0 1 0 1 0 0 0 0 1 1 0 40 -1 -1 0 1200 1 50 1 50000 10 3 3 1 1 5 1.5 6.9 6.9 4 2.5 1.65 0.6 0.28 2.24 0.0001 1 1.2 3 54178 6 0 0 2 1 1 1 0.05 5 1 1 7.75 1.36 2.74 1.475 0.05 0.05 0 1.95 0 0 3.1 0.1 0.4 2.2 1.6 3 0.1 2 2 0 0
1 0 1 0 1 0 0 0 0 1 1 0 40 -1 -1 0 1200 1 50 1 50000 10 3 3 1 1 5 4 6.9 6.9 4 2.5 1.65 0.6 0.28 2.24 0.0001 1 1.2 3 54178 6 0 0 2 1 1 1 0.0125 5 1 5.5 5.5 9.04 3.46 11.225 0.05 0.05 0 1.95 0 0 1.3 0.1 0.4 5 2.85 3 0.1 2 2 0 0
1 0 1 0 1 0 0 0 0 1 1 0 40 -1 -1 0 1200 1 50 1 50000 10 3 3 1 1 5 0.5 6.9 6.9 4 2.5 1.65 0.6 0.28 2.24 0.0001 1 1.2 3 54178 6 0 0 2 1 1 1 0.035 5 1 3.7 4.6 9.52 1.66 13.175 0.05 0.05 0 1.95 0 0 0.5 0.1 0.4 5 2.35 3 0.1 2 2 0 0
1 0 1 0 1 0 0 0 0 1 1 0 40 -1 -1 0 1200 1 50 1 50000 10 3 3 1 1 5 8.5 6.9 6.9 4 2.5 1.65 0.6 0.28 2.24 0.0001 1 1.2 3 54178 6 0 0 2 1 1 1 0.0425 5 1 3.25 1.9 7.12 1.12 1.475 0.05 0.05 0 1.95 0 0 2.1 0.1 0.4 3.6 5.1 3 0.1 2 2 0 0
1 0 1 0 1 0 0 0 0 1 1 0 40 -1 -1 0 1200 1 50 1 50000 10 3 3 1 1 5 2 6.9 6.9 4 2.5 1.65 0.6 0.28 2.24 0.0001 1 1.2 3 54178 6 0 0 2 1 1 1 0.03 5 1 3.25 5.95 9.52 3.28 0.5 0.05 0.05 0 1.95 0 0 3.3 0.1 0.4 2.4 0.35 3 0.1 2 2 0 0
1 0 1 0 1 0 0 0 0 1 1 0 40 -1 -1 0 1200 1 50 1 50000 10 3 3 1 1 5 9.5 6.9 6.9 4 2.5 1.65 0.6 0.28 2.24 0.0001 1 1.2 3 54178 6 0 0 2 1 1 1 0.03 5 1 5.95 4.6 7.6 1.12 12.2 0.05 0.05 0 1.95 0 0 0.7 0.1 0.4 4.2 2.35 3 0.1 2 2 0 0
1 0 1 0 1 0 0 0 0 1 1 0 40 -1 -1 0 1200 1 50 1 50000 10 3 3 1 1 5 3.5 6.9 6.9 4 2.5 1.65 0.6 0.28 2.24 0.0001 1 1.2 3 54178 6 0 0 2 1 1 1 0.0325 5 1 3.25 8.2 0.88 0.4 18.05 0.05 0.05 0 1.95 0 0 3.1 0.1 0.4 4.2 4.85 3 0.1 2 2 0 0
1 0 1 0 1 0 0 0 0 1 1 0 40 -1 -1 0 1200 1 50 1 50000 10 3 3 1 1 5 5.5 6.9 6.9 4 2.5 1.65 0.6 0.28 2.24 0.0001 1 1.2 3 54178 6 0 0 2 1 1 1 0.0325 5 1 9.1 9.55 6.64 1.12 4.4 0.05 0.05 0 1.95 0 0 2.5 0.1 0.4 3.8 2.1 3 0.1 2 2 0 0
1 0 1 0 1 0 0 0 0 1 1 0 40 -1 -1 0 1200 1 50 1 50000 10 3 3 1 1 5 6.5 6.9 6.9 4 2.5 1.65 0.6 0.28 2.24 0.0001 1 1.2 3 54178 6 0 0 2 1 1 1 0.025 5 1 5.95 1 3.28 2.74 1.475 0.05 0.05 0 1.95 0 0 0.3 0.1 0.4 2 3.6 3 0.1 2 2 0 0
1 0 1 0 1 0 0 0 0 1 1 0 40 -1 -1 0 1200 1 50 1 50000 10 3 3 1 1 5 5.5 6.9 6.9 4 2.5 1.65 0.6 0.28 2.24 0.0001 1 1.2 3 54178 6 0 0 2 1 1 1 0.005 5 1 3.7 5.5 7.6 0.58 12.2 0.05 0.05 0 1.95 0 0 3.9 0.1 0.4 3.2 4.85 3 0.1 2 2 0 0
1 0 1 0 1 0 0 0 0 1 1 0 40 -1 -1 0 1200 1 50 1 50000 10 3 3 1 1 5 0 6.9 6.9 4 2.5 1.65 0.6 0.28 2.24 0.0001 1 1.2 3 54178 6 0 0 2 1 1 1 0.03 5 1 3.7 9.55 9.04 3.82 17.075 0.05 0.05 0 1.95 0 0 1.7 0.1 0.4 4.4 3.85 3 0.1 2 2 0 0
1 0 1 0 1 0 0 0 0 1 1 0 40 -1 -1 0 1200 1 50 1 50000 10 3 3 1 1 5 3.5 6.9 6.9 4 2.5 1.65 0.6 0.28 2.24 0.0001 1 1.2 3 54178 6 0 0 2 1 1 1 0.045 5 1 7.3 3.7 8.56 0.4 0.5 0.05 0.05 0 1.95 0 0 3.1 0.1 0.4 4.8 3.35 3 0.1 2 2 0 0
1 0 1 0 1 0 0 0 0 1 1 0 40 -1 -1 0 1200 1 50 1 50000 10 3 3 1 1 5 9.5 6.9 6.9 4 2.5 1.65 0.6 0.28 2.24 0.0001 1 1.2 3 54178 6 0 0 2 1 1 1 0.05 5 1 4.15 7.3 1.36 2.02 10.25 0.05 0.05 0 1.95 0 0 3.5 0.1 0.4 2.6 3.6 3 0.1 2 2 0 0
1 0 1 0 1 0 0 0 0 1 1 0 40 -1 -1 0 1200 1 50 1 50000 10 3 3 1 1 5 3.5 6.9 6.9 4 2.5 1.65 0.6 0.28 2.24 0.0001 1 1.2 3 54178 6 0 0 2 1 1 1 0.015 5 1 7.75 10 8.08 1.48 12.2 0.05 0.05 0 1.95 0 0 3.3 0.1 0.4 4.2 4.1 3 0.1 2 2 0 0
1 0 1 0 1 0 0 0 0 1 1 0 40 -1 -1 0 1200 1 50 1 50000 10 3 3 1 1 5 6.5 6.9 6.9 4 2.5 1.65 0.6 0.28 2.24 0.0001 1 1.2 3 54178 6 0 0 2 1 1 1 0.0425 5 1 1.9 8.65 5.2 3.46 19.025 0.05 0.05 0 1.95 0 0 0.3 0.1 0.4 3.6 0.1 3 0.1 2 2 0 0
1 0 1 0 1 0 0 0 0 1 1 0 40 -1 -1 0 1200 1 50 1 50000 10 3 3 1 1 5 1 6.9 6.9 4 2.5 1.65 0.6 0.28 2.24 0.0001 1 1.2 3 54178 6 0 0 2 1 1 1 0.015 5 1 2.8 6.4 2.32 3.28 15.125 0.05 0.05 0 1.95 0 0 2.1 0.1 0.4 1.2 4.35 3 0.1 2 2 0 0
1 0 1 0 1 0 0 0 0 1 1 0 40 -1 -1 0 1200 1 50 1 50000 10 3 3 1 1 5 1.5 6.9 6.9 4 2.5 1.65 0.6 0.28 2.24 0.0001 1 1.2 3 54178 6 0 0 2 1 1 1 0 5 1 5.5 7.75 10 3.46 3.425 0.05 0.05 0 1.95 0 0 2.3 0.1 0.4 1.6 2.85 3 0.1 2 2 0 0
1 0 1 0 1 0 0 0 0 1 1 0 40 -1 -1 0 1200 1 50 1 50000 10 3 3 1 1 5 3 6.9 6.9 4 2.5 1.65 0.6 0.28 2.24 0.0001 1 1.2 3 54178 6 0 0 2 1 1 1 0.035 5 1 7.75 5.05 1.36 2.2 6.35 0.05 0.05 0 1.95 0 0 2.7 0.1 0.4 1.2 4.1 3 0.1 2 2 0 0
1 0 1 0 1 0 0 0 0 1 1 0 40 -1 -1 0 1200 1 50 1 50000 10 3 3 1 1 5 3 6.9 6.9 4 2.5 1.65 0.6 0.28 2.24 0.0001 1 1.2 3 54178 6 0 0 2 1 1 1 0.04 5 1 2.8 6.85 8.08 1.84 4.4 0.05 0.05 0 1.95 0 0 4.1 0.1 0.4 1.4 2.1 3 0.1 2 2 0 0
1 0 1 0 1 0 0 0 0 1 1 0 40 -1 -1 0 1200 1 50 1 50000 10 3 3 1 1 5 10 6.9 6.9 4 2.5 1.65 0.6 0.28 2.24 0.0001 1 1.2 3 54178 6 0 0 2 1 1 1 0.03 5 1 5.5 3.7 9.04 1.84 4.4 0.05 0.05 0 1.95 0 0 2.3 0.1 0.4 1.2 3.85 3 0.1 2 2 0 0
1 0 1 0 1 0 0 0 0 1 1 0 40 -1 -1 0 1200 1 50 1 50000 10 3 3 1 1 5 4.5 6.9 6.9 4 2.5 1.65 0.6 0.28 2.24 0.0001 1 1.2 3 54178 6 0 0 2 1 1 1 0.015 5 1 10 5.05 7.12 1.66 9.275 0.05 0.05 0 1.95 0 0 3.5 0.1 0.4 1.8 2.85 3 0.1 2 2 0 0
1 0 1 0 1 0 0 0 0 1 1 0 40 -1 -1 0 1200 1 50 1 50000 10 3 3 1 1 5 8 6.9 6.9 4 2.5 1.65 0.6 0.28 2.24 0.0001 1 1.2 3 54178 6 0 0 2 1 1 1 0.04 5 1 3.25 3.7 9.52 1.84 6.35 0.05 0.05 0 1.95 0 0 1.3 0.1 0.4 3.2 4.35 3 0.1 2 2 0 0
1 0 1 0 1 0 0 0 0 1 1 0 40 -1 -1 0 1200 1 50 1 50000 10 3 3 1 1 5 1.5 6.9 6.9 4 2.5 1.65 0.6 0.28 2.24 0.0001 1 1.2 3 54178 6 0 0 2 1 1 1 0.0125 5 1 3.7 2.8 5.2 4 20 0.05 0.05 0 1.95 0 0 1.1 0.1 0.4 1.6 1.35 3 0.1 2 2 0 0
1 0 1 0 1 0 0 0 0 1 1 0 40 -1 -1 0 1200 1 50 1 50000 10 3 3 1 1 5 8.5 6.9 6.9 4 2.5 1.65 0.6 0.28 2.24 0.0001 1 1.2 3 54178 6 0 0 2 1 1 1 0.0025 5 1 5.5 1 0.4 1.66 3.425 0.05 0.05 0 1.95 0 0 3.1 0.1 0.4 3.2 0.35 3 0.1 2 2 0 0
1 0 1 0 1 0 0 0 0 1 1 0 40 -1 -1 0 1200 1 50 1 50000 10 3 3 1 1 5 8.5 6.9 6.9 4 2.5 1.65 0.6 0.28 2.24 0.0001 1 1.2 3 54178 6 0 0 2 1 1 1 0.0425 5 1 1.45 7.3 6.16 3.64 0.5 0.05 0.05 0 1.95 0 0 1.1 0.1 0.4 4.4 4.35 3 0.1 2 2 0 0
1 0 1 0 1 0 0 0 0 1 1 0 40 -1 -1 0 1200 1 50 1 50000 10 3 3 1 1 5 3.5 6.9 6.9 4 2.5 1.65 0.6 0.28 2.24 0.0001 1 1.2 3 54178 6 0 0 2 1 1 1 0.0125 5 1 5.05 5.05 9.04 4 17.075 0.05 0.05 0 1.95 0 0 0.5 0.1 0.4 4.2 2.6 3 0.1 2 2 0 0
1 0 1 0 1 0 0 0 0 1 1 0 40 -1 -1 0 1200 1 50 1 50000 10 3 3 1 1 5 2.5 6.9 6.9 4 2.5 1.65 0.6 0.28 2.24 0.0001 1 1.2 3 54178 6 0 0 2 1 1 1 0.0125 5 1 10 5.05 6.64 2.92 2.45 0.05 0.05 0 1.95 0 0 4.1 0.1 0.4 2.2 5.1 3 0.1 2 2 0 0
1 0 1 0 1 0 0 0 0 1 1 0 40 -1 -1 0 1200 1 50 1 50000 10 3 3 1 1 5 5 6.9 6.9 4 2.5 1.65 0.6 0.28 2.24 0.0001 1 1.2 3 54178 6 0 0 2 1 1 1 0.04 5 1 6.85 1 9.04 0.94 16.1 0.05 0.05 0 1.95 0 0 3.1 0.1 0.4 2.6 3.6 3 0.1 2 2 0 0
1 0 1 0 1 0 0 0 0 1 1 0 40 -1 -1 0 1200 1 50 1 50000 10 3 3 1 1 5 3.5 6.9 6.9 4 2.5 1.65 0.6 0.28 2.24 0.0001 1 1.2 3 54178 6 0 0 2 1 1 1 0.0225 5 1 10 6.4 6.16 4 6.35 0.05 0.05 0 1.95 0 0 3.1 0.1 0.4 2.8 0.85 3 0.1 2 2 0 0
1 0 1 0 1 0 0 0 0 1 1 0 40 -1 -1 0 1200 1 50 1 50000 10 3 3 1 1 5 7 6.9 6.9 4 2.5 1.65 0.6 0.28 2.24 0.0001 1 1.2 3 54178 6 0 0 2 1 1 1 0.035 5 1 2.8 1 6.64 2.38 12.2 0.05 0.05 0 1.95 0 0 1.5 0.1 0.4 1.2 3.6 3 0.1 2 2 0 0
1 0 1 0 1 0 0 0 0 1 1 0 40 -1 -1 0 1200 1 50 1 50000 10 3 3 1 1 5 0 6.9 6.9 4 2.5 1.65 0.6 0.28 2.24 0.0001 1 1.2 3 54178 6 0 0 2 1 1 1 0.0075 5 1 7.75 4.15 0.88 1.66 20 0.05 0.05 0 1.95 0 0 4.1 0.1 0.4 2.8 2.35 3 0.1 2 2 0 0
1 0 1 0 1 0 0 0 0 1 1 0 40 -1 -1 0 1200 1 50 1 50000 10 3 3 1 1 5 7.5 6.9 6.9 4 2.5 1.65 0.6 0.28 2.24 0.0001 1 1.2 3 54178 6 0 0 2 1 1 1 0.03 5 1 2.8 6.4 10 1.12 7.325 0.05 0.05 0 1.95 0 0 2.1 0.1 0.4 3 1.1 3 0.1 2 2 0 0
1 0 1 0 1 0 0 0 0 1 1 0 40 -1 -1 0 1200 1 50 1 50000 10 3 3 1 1 5 2 6.9 6.9 4 2.5 1.65 0.6 0.28 2.24 0.0001 1 1.2 3 54178 6 0 0 2 1 1 1 0.025 5 1 7.75 9.1 5.68 3.1 9.275 0.05 0.05 0 1.95 0 0 2.7 0.1 0.4 1.6 0.35 3 0.1 2 2 0 0
1 0 1 0 1 0 0 0 0 1 1 0 40 -1 -1 0 1200 1 50 1 50000 10 3 3 1 1 5 3 6.9 6.9 4 2.5 1.65 0.6 0.28 2.24 0.0001 1 1.2 3 54178 6 0 0 2 1 1 1 0.0175 5 1 7.75 2.35 0.4 2.02 14.15 0.05 0.05 0 1.95 0 0 0.5 0.1 0.4 4 2.35 3 0.1 2 2 0 0
1 0 1 0 1 0 0 0 0 1 1 0 40 -1 -1 0 1200 1 50 1 50000 10 3 3 1 1 5 1 6.9 6.9 4 2.5 1.65 0.6 0.28 2.24 0.0001 1 1.2 3 54178 6 0 0 2 1 1 1 0.0125 5 1 8.65 1 6.64 1.3 8.3 0.05 0.05 0 1.95 0 0 0.1 0.1 0.4 5 2.6 3 0.1 2 2 0 0
1 0 1 0 1 0 0 0 0 1 1 0 40 -1 -1 0 1200 1 50 1 50000 10 3 3 1 1 5 9 6.9 6.9 4 2.5 1.65 0.6 0.28 2.24 0.0001 1 1.2 3 54178 6 0 0 2 1 1 1 0.045 5 1 9.1 6.85 7.6 3.82 6.35 0.05 0.05 0 1.95 0 0 2.9 0.1 0.4 3 2.85 3 0.1 2 2 0 0
1 0 1 0 1 0 0 0 0 1 1 0 40 -1 -1 0 1200 1 50 1 50000 10 3 3 1 1 5 9.5 6.9 6.9 4 2.5 1.65 0.6 0.28 2.24 0.0001 1 1.2 3 54178 6 0 0 2 1 1 1 0.025 5 1 3.25 3.25 3.28 2.2 12.2 0.05 0.05 0 1.95 0 0 1.1 0.1 0.4 3.4 4.1 3 0.1 2 2 0 0
1 0 1 0 1 0 0 0 0 1 1 0 40 -1 -1 0 1200 1 50 1 50000 10 3 3 1 1 5 0.5 6.9 6.9 4 2.5 1.65 0.6 0.28 2.24 0.0001 1 1.2 3 54178 6 0 0 2 1 1 1 0.045 5 1 7.75 5.05 1.36 0.4 9.275 0.05 0.05 0 1.95 0 0 2.9 0.1 0.4 4.8 4.85 3 0.1 2 2 0 0
1 0 1 0 1 0 0 0 0 1 1 0 40 -1 -1 0 1200 1 50 1 50000 10 3 3 1 1 5 9 6.9 6.9 4 2.5 1.65 0.6 0.28 2.24 0.0001 1 1.2 3 54178 6 0 0 2 1 1 1 0.0275 5 1 7.3 1 4.72 4 8.3 0.05 0.05 0 1.95 0 0 0.3 0.1 0.4 5 2.1 3 0.1 2 2 0 0
1 0 1 0 1 0 0 0 0 1 1 0 40 -1 -1 0 1200 1 50 1 50000 10 3 3 1 1 5 8 6.9 6.9 4 2.5 1.65 0.6 0.28 2.24 0.0001 1 1.2 3 54178 6 0 0 2 1 1 1 0.025 5 1 3.7 3.25 1.84 2.02 9.275 0.05 0.05 0 1.95 0 0 2.1 0.1 0.4 2.8 0.1 3 0.1 2 2 0 0
1 0 1 0 1 0 0 0 0 1 1 0 40 -1 -1 0 1200 1 50 1 50000 10 3 3 1 1 5 8 6.9 6.9 4 2.5 1.65 0.6 0.28 2.24 0.0001 1 1.2 3 54178 6 0 0 2 1 1 1 0.0125 5 1 8.2 10 8.56 0.76 5.375 0.05 0.05 0 1.95 0 0 3.9 0.1 0.4 5 5.1 3 0.1 2 2 0 0
1 0 1 0 1 0 0 0 0 1 1 0 40 -1 -1 0 1200 1 50 1 50000 10 3 3 1 1 5 2.5 6.9 6.9 4 2.5 1.65 0.6 0.28 2.24 0.0001 1 1.2 3 54178 6 0 0 2 1 1 1 0.035 5 1 1.9 3.7 6.16 2.02 16.1 0.05 0.05 0 1.95 0 0 1.3 0.1 0.4 4.2 0.85 3 0.1 2 2 0 0
1 0 1 0 1 0 0 0 0 1 1 0 40 -1 -1 0 1200 1 50 1 50000 10 3 3 1 1 5 0.5 6.9 6.9 4 2.5 1.65 0.6 0.28 2.24 0.0001 1 1.2 3 54178 6 0 0 2 1 1 1 0.0075 5 1 4.15 2.8 4.24 2.74 17.075 0.05 0.05 0 1.95 0 0 2.5 0.1 0.4 1.4 1.1 3 0.1 2 2 0 0
1 0 1 0 1 0 0 0 0 1 1 0 40 -1 -1 0 1200 1 50 1 50000 10 3 3 1 1 5 9.5 6.9 6.9 4 2.5 1.65 0.6 0.28 2.24 0.0001 1 1.2 3 54178 6 0 0 2 1 1 1 0.005 5 1 1.9 4.6 9.04 0.94 8.3 0.05 0.05 0 1.95 0 0 2.9 0.1 0.4 1.6 0.85 3 0.1 2 2 0 0
1 0 1 0 1 0 0 0 0 1 1 0 40 -1 -1 0 1200 1 50 1 50000 10 3 3 1 1 5 2.5 6.9 6.9 4 2.5 1.65 0.6 0.28 2.24 0.0001 1 1.2 3 54178 6 0 0 2 1 1 1 0.0475 5 1 6.4 5.05 6.16 2.56 16.1 0.05 0.05 0 1.95 0 0 2.1 0.1 0.4 1.4 0.85 3 0.1 2 2 0 0
1 0 1 0 1 0 0 0 0 1 1 0 40 -1 -1 0 1200 1 50 1 50000 10 3 3 1 1 5 5 6.9 6.9 4 2.5 1.65 0.6 0.28 2.24 0.0001 1 1.2 3 54178 6 0 0 2 1 1 1 0.025 5 1 5.95 9.55 5.68 3.28 7.325 0.05 0.05 0 1.95 0 0 0.7 0.1 0.4 1.2 3.35 3 0.1 2 2 0 0
1 0 1 0 1 0 0 0 0 1 1 0 40 -1 -1 0 1200 1 50 1 50000 10 3 3 1 1 5 5 6.9 6.9 4 2.5 1.65 0.6 0.28 2.24 0.0001 1 1.2 3 54178 6 0 0 2 1 1 1 0 5 1 5.05 10 4.24 2.02 18.05 0.05 0.05 0 1.95 0 0 2.7 0.1 0.4 3.6 2.6 3 0.1 2 2 0 0
1 0 1 0 1 0 0 0 0 1 1 0 40 -1 -1 0 1200 1 50 1 50000 10 3 3 1 1 5 0 6.9 6.9 4 2.5 1.65 0.6 0.28 2.24 0.0001 1 1.2 3 54178 6 0 0 2 1 1 1 0.015 5 1 4.6 9.1 4.24 0.94 2.45 0.05 0.05 0 1.95 0 0 0.5 0.1 0.4 3.2 1.85 3 0.1 2 2 0 0
1 0 1 0 1 0 0 0 0 1 1 0 40 -1 -1 0 1200 1 50 1 50000 10 3 3 1 1 5 3 6.9 6.9 4 2.5 1.65 0.6 0.28 2.24 0.0001 1 1.2 3 54178 6 0 0 2 1 1 1 0.0325 5 1 6.4 6.85 6.64 3.82 4.4 0.05 0.05 0 1.95 0 0 2.3 0.1 0.4 1.4 2.1 3 0.1 2 2 0 0
1 0 1 0 1 0 0 0 0 1 1 0 40 -1 -1 0 1200 1 50 1 50000 10 3 3 1 1 5 3.5 6.9 6.9 4 2.5 1.65 0.6 0.28 2.24 0.0001 1 1.2 3 54178 6 0 0 2 1 1 1 0.01 5 1 3.25 9.55 7.6 3.64 1.475 0.05 0.05 0 1.95 0 0 2.3 0.1 0.4 2.2 1.85 3 0.1 2 2 0 0
1 0 1 0 1 0 0 0 0 1 1 0 40 -1 -1 0 1200 1 50 1 50000 10 3 3 1 1 5 4.5 6.9 6.9 4 2.5 1.65 0.6 0.28 2.24 0.0001 1 1.2 3 54178 6 0 0 2 1 1 1 0.0325 5 1 8.2 1.9 2.8 2.2 20 0.05 0.05 0 1.95 0 0 3.7 0.1 0.4 2.6 0.35 3 0.1 2 2 0 0
1 0 1 0 1 0 0 0 0 1 1 0 40 -1 -1 0 1200 1 50 1 50000 10 3 3 1 1 5 5 6.9 6.9 4 2.5 1.65 0.6 0.28 2.24 0.0001 1 1.2 3 54178 6 0 0 2 1 1 1 0.015 5 1 5.05 9.1 9.52 2.92 12.2 0.05 0.05 0 1.95 0 0 0.7 0.1 0.4 4.2 4.35 3 0.1 2 2 0 0
1 0 1 0 1 0 0 0 0 1 1 0 40 -1 -1 0 1200 1 50 1 50000 10 3 3 1 1 5 0.5 6.9 6.9 4 2.5 1.65 0.6 0.28 2.24 0.0001 1 1.2 3 54178 6 0 0 2 1 1 1 0.0025 5 1 8.2 3.25 7.6 1.66 18.05 0.05 0.05 0 1.95 0 0 2.7 0.1 0.4 2 3.1 3 0.1 2 2 0 0
1 0 1 0 1 0 0 0 0 1 1 0 40 -1 -1 0 1200 1 50 1 50000 10 3 3 1 1 5 1.5 6.9 6.9 4 2.5 1.65 0.6 0.28 2.24 0.0001 1 1.2 3 54178 6 0 0 2 1 1 1 0.04 5 1 6.4 5.5 5.68 2.74 16.1 0.05 0.05 0 1.95 0 0 0.3 0.1 0.4 4.4 4.6 3 0.1 2 2 0 0
1 0 1 0 1 0 0 0 0 1 1 0 40 -1 -1 0 1200 1 50 1 50000 10 3 3 1 1 5 5 6.9 6.9 4 2.5 1.65 0.6 0.28 2.24 0.0001 1 1.2 3 54178 6 0 0 2 1 1 1 0.0125 5 1 2.35 5.05 4.24 3.82 16.1 0.05 0.05 0 1.95 0 0 4.1 0.1 0.4 5 0.1 3 0.1 2 2 0 0
1 0 1 0 1 0 0 0 0 1 1 0 40 -1 -1 0 1200 1 50 1 50000 10 3 3 1 1 5 7.5 6.9 6.9 4 2.5 1.65 0.6 0.28 2.24 0.0001 1 1.2 3 54178 6 0 0 2 1 1 1 0.045 5 1 6.4 5.05 1.36 3.82 17.075 0.05 0.05 0 1.95 0 0 1.1 0.1 0.4 2.4 0.35 3 0.1 2 2 0 0
1 0 1 0 1 0 0 0 0 1 1 0 40 -1 -1 0 1200 1 50 1 50000 10 3 3 1 1 5 1 6.9 6.9 4 2.5 1.65 0.6 0.28 2.24 0.0001 1 1.2 3 54178 6 0 0 2 1 1 1 0.0175 5 1 7.75 10 8.08 2.92 7.325 0.05 0.05 0 1.95 0 0 1.5 0.1 0.4 3.2 4.85 3 0.1 2 2 0 0
1 0 1 0 1 0 0 0 0 1 1 0 40 -1 -1 0 1200 1 50 1 50000 10 3 3 1 1 5 4 6.9 6.9 4 2.5 1.65 0.6 0.28 2.24 0.0001 1 1.2 3 54178 6 0 0 2 1 1 1 0.0125 5 1 5.95 4.6 6.16 3.82 2.45 0.05 0.05 0 1.95 0 0 2.1 0.1 0.4 3.4 0.6 3 0.1 2 2 0 0
1 0 1 0 1 0 0 0 0 1 1 0 40 -1 -1 0 1200 1 50 1 50000 10 3 3 1 1 5 4 6.9 6.9 4 2.5 1.65 0.6 0.28 2.24 0.0001 1 1.2 3 54178 6 0 0 2 1 1 1 0.05 5 1 5.5 5.05 2.8 1.66 16.1 0.05 0.05 0 1.95 0 0 0.5 0.1 0.4 1.4 5.1 3 0.1 2 2 0 0
1 0 1 0 1 0 0 0 0 1 1 0 40 -1 -1 0 1200 1 50 1 50000 10 3 3 1 1 5 5.5 6.9 6.9 4 2.5 1.65 0.6 0.28 2.24 0.0001 1 1.2 3 54178 6 0 0 2 1 1 1 0.04 5 1 1 8.2 3.76 1.84 16.1 0.05 0.05 0 1.95 0 0 3.1 0.1 0.4 1.6 1.1 3 0.1 2 2 0 0
1 0 1 0 1 0 0 0 0 1 1 0 40 -1 -1 0 1200 1 50 1 50000 10 3 3 1 1 5 2.5 6.9 6.9 4 2.5 1.65 0.6 0.28 2.24 0.0001 1 1.2 3 54178 6 0 0 2 1 1 1 0.0025 5 1 5.5 7.3 6.64 2.56 8.3 0.05 0.05 0 1.95 0 0 4.1 0.1 0.4 4.6 0.6 3 0.1 2 2 0 0
1 0 1 0 1 0 0 0 0 1 1 0 40 -1 -1 0 1200 1 50 1 50000 10 3 3 1 1 5 10 6.9 6.9 4 2.5 1.65 0.6 0.28 2.24 0.0001 1 1.2 3 54178 6 0 0 2 1 1 1 0.02 5 1 2.8 4.15 5.68 1.12 4.4 0.05 0.05 0 1.95 0 0 2.9 0.1 0.4 2.2 0.1 3 0.1 2 2 0 0
1 0 1 0 1 0 0 0 0 1 1 0 40 -1 -1 0 1200 1 50 1 50000 10 3 3 1 1 5 9 6.9 6.9 4 2.5 1.65 0.6 0.28 2.24 0.0001 1 1.2 3 54178 6 0 0 2 1 1 1 0.0075 5 1 8.2 3.7 5.68 3.1 14.15 0.05 0.05 0 1.95 0 0 1.3 0.1 0.4 2.8 5.1 3 0.1 2 2 0 0
1 0 1 0 1 0 0 0 0 1 1 0 40 -1 -1 0 1200 1 50 1 50000 10 3 3 1 1 5 0.5 6.9 6.9 4 2.5 1.65 0.6 0.28 2.24 0.0001 1 1.2 3 54178 6 0 0 2 1 1 1 0.03 5 1 5.5 1 1.84 1.3 5.375 0.05 0.05 0 1.95 0 0 1.7 0.1 0.4 2.2 2.35 3 0.1 2 2 0 0
1 0 1 0 1 0 0 0 0 1 1 0 40 -1 -1 0 1200 1 50 1 50000 10 3 3 1 1 5 6.5 6.9 6.9 4 2.5 1.65 0.6 0.28 2.24 0.0001 1 1.2 3 54178 6 0 0 2 1 1 1 0.045 5 1 4.6 3.25 7.6 3.1 3.425 0.05 0.05 0 1.95 0 0 3.1 0.1 0.4 2 5.1 3 0.1 2 2 0 0
1 0 1 0 1 0 0 0 0 1 1 0 40 -1 -1 0 1200 1 50 1 50000 10 3 3 1 1 5 0 6.9 6.9 4 2.5 1.65 0.6 0.28 2.24 0.0001 1 1.2 3 54178 6 0 0 2 1 1 1 0.015 5 1 5.95 5.05 9.04 2.2 16.1 0.05 0.05 0 1.95 0 0 1.3 0.1 0.4 5 4.85 3 0.1 2 2 0 0
1 0 1 0 1 0 0 0 0 1 1 0 40 -1 -1 0 1200 1 50 1 50000 10 3 3 1 1 5 7.5 6.9 6.9 4 2.5 1.65 0.6 0.28 2.24 0.0001 1 1.2 3 54178 6 0 0 2 1 1 1 0.015 5 1 3.25 5.5 2.32 2.2 19.025 0.05 0.05 0 1.95 0 0 2.3 0.1 0.4 3.8 2.6 3 0.1 2 2 0 0
1 0 1 0 1 0 0 0 0 1 1 0 40 -1 -1 0 1200 1 50 1 50000 10 3 3 1 1 5 2.5 6.9 6.9 4 2.5 1.65 0.6 0.28 2.24 0.0001 1 1.2 3 54178 6 0 0 2 1 1 1 0.045 5 1 6.85 1.45 5.2 2.2 9.275 0.05 0.05 0 1.95 0 0 3.1 0.1 0.4 3.6 2.85 3 0.1 2 2 0 0
1 0 1 0 1 0 0 0 0 1 1 0 40 -1 -1 0 1200 1 50 1 50000 10 3 3 1 1 5 7 6.9 6.9 4 2.5 1.65 0.6 0.28 2.24 0.0001 1 1.2 3 54178 6 0 0 2 1 1 1 0.02 5 1 1.9 9.55 5.2 1.48 6.35 0.05 0.05 0 1.95 0 0 1.1 0.1 0.4 2.2 3.85 3 0.1 2 2 0 0
1 0 1 0 1 0 0 0 0 1 1 0 40 -1 -1 0 1200 1 50 1 50000 10 3 3 1 1 5 5.5 6.9 6.9 4 2.5 1.65 0.6 0.28 2.24 0.0001 1 1.2 3 54178 6 0 0 2 1 1 1 0.0075 5 1 5.05 7.75 5.2 2.92 6.35 0.05 0.05 0 1.95 0 0 0.5 0.1 0.4 5 2.35 3 0.1 2 2 0 0
1 0 1 0 1 0 0 0 0 1 1 0 40 -1 -1 0 1200 1 50 1 50000 10 3 3 1 1 5 4.5 6.9 6.9 4 2.5 1.65 0.6 0.28 2.24 0.0001 1 1.2 3 54178 6 0 0 2 1 1 1 0.0025 5 1 6.85 5.05 7.6 0.94 16.1 0.05 0.05 0 1.95 0 0 0.1 0.1 0.4 3.2 3.85 3 0.1 2 2 0 0
1 0 1 0 1 0 0 0 0 1 1 0 40 -1 -1 0 1200 1 50 1 50000 10 3 3 1 1 5 9 6.9 6.9 4 2.5 1.65 0.6 0.28 2.24 0.0001 1 1.2 3 54178 6 0 0 2 1 1 1 0.0025 5 1 5.5 2.35 8.56 3.64 13.175 0.05 0.05 0 1.95 0 0 0.9 0.1 0.4 3.8 1.6 3 0.1 2 2 0 0
1 0 1 0 1 0 0 0 0 1 1 0 40 -1 -1 0 1200 1 50 1 50000 10 3 3 1 1 5 8.5 6.9 6.9 4 2.5 1.65 0.6 0.28 2.24 0.0001 1 1.2 3 54178 6 0 0 2 1 1 1 0.025 5 1 7.3 1.45 3.76 1.48 15.125 0.05 0.05 0 1.95 0 0 2.1 0.1 0.4 1.8 0.85 3 0.1 2 2 0 0
1 0 1 0 1 0 0 0 0 1 1 0 40 -1 -1 0 1200 1 50 1 50000 10 3 3 1 1 5 6 6.9 6.9 4 2.5 1.65 0.6 0.28 2.24 0.0001 1 1.2 3 54178 6 0 0 2 1 1 1 0.045 5 1 3.7 2.8 8.56 1.12 11.225 0.05 0.05 0 1.95 0 0 0.3 0.1 0.4 4.4 2.35 3 0.1 2 2 0 0
1 0 1 0 1 0 0 0 0 1 1 0 40 -1 -1 0 1200 1 50 1 50000 10 3 3 1 1 5 6.5 6.9 6.9 4 2.5 1.65 0.6 0.28 2.24 0.0001 1 1.2 3 54178 6 0 0 2 1 1 1 0.02 5 1 1 5.5 2.8 3.1 5.375 0.05 0.05 0 1.95 0 0 1.9 0.1 0.4 4.4 2.6 3 0.1 2 2 0 0
1 0 1 0 1 0 0 0 0 1 1 0 40 -1 -1 0 1200 1 50 1 50000 10 3 3 1 1 5 5.5 6.9 6.9 4 2.5 1.65 0.6 0.28 2.24 0.0001 1 1.2 3 54178 6 0 0 2 1 1 1 0.035 5 1 7.75 6.85 6.16 1.48 8.3 0.05 0.05 0 1.95 0 0 2.1 0.1 0.4 2.6 0.6 3 0.1 2 2 0 0
1 0 1 0 1 0 0 0 0 1 1 0 40 -1 -1 0 1200 1 50 1 50000 10 3 3 1 1 5 4 6.9 6.9 4 2.5 1.65 0.6 0.28 2.24 0.0001 1 1.2 3 54178 6 0 0 2 1 1 1 0.045 5 1 1 4.6 5.68 2.74 20 0.05 0.05 0 1.95 0 0 3.1 0.1 0.4 4.8 2.35 3 0.1 2 2 0 0
1 0 1 0 1 0 0 0 0 1 1 0 40 -1 -1 0 1200 1 50 1 50000 10 3 3 1 1 5 5.5 6.9 6.9 4 2.5 1.65 0.6 0.28 2.24 0.0001 1 1.2 3 54178 6 0 0 2 1 1 1 0.02 5 1 5.05 3.7 1.36 3.82 5.375 0.05 0.05 0 1.95 0 0 1.5 0.1 0.4 3.8 3.1 3 0.1 2 2 0 0
1 0 1 0 1 0 0 0 0 1 1 0 40 -1 -1 0 1200 1 50 1 50000 10 3 3 1 1 5 7.5 6.9 6.9 4 2.5 1.65 0.6 0.28 2.24 0.0001 1 1.2 3 54178 6 0 0 2 1 1 1 0 5 1 2.8 7.3 7.6 0.94 10.25 0.05 0.05 0 1.95 0 0 1.3 0.1 0.4 3.8 3.1 3 0.1 2 2 0 0
1 0 1 0 1 0 0 0 0 1 1 0 40 -1 -1 0 1200 1 50 1 50000 10 3 3 1 1 5 8.5 6.9 6.9 4 2.5 1.65 0.6 0.28 2.24 0.0001 1 1.2 3 54178 6 0 0 2 1 1 1 0.015 5 1 2.35 4.15 2.32 1.3 2.45 0.05 0.05 0 1.95 0 0 1.9 0.1 0.4 2.8 4.1 3 0.1 2 2 0 0
1 0 1 0 1 0 0 0 0 1 1 0 40 -1 -1 0 1200 1 50 1 50000 10 3 3 1 1 5 5.5 6.9 6.9 4 2.5 1.65 0.6 0.28 2.24 0.0001 1 1.2 3 54178 6 0 0 2 1 1 1 0.05 5 1 2.35 7.3 9.04 3.64 1.475 0.05 0.05 0 1.95 0 0 3.9 0.1 0.4 4.8 2.35 3 0.1 2 2 0 0
1 0 1 0 1 0 0 0 0 1 1 0 40 -1 -1 0 1200 1 50 1 50000 10 3 3 1 1 5 4.5 6.9 6.9 4 2.5 1.65 0.6 0.28 2.24 0.0001 1 1.2 3 54178 6 0 0 2 1 1 1 0.01 5 1 6.4 9.1 3.76 3.1 12.2 0.05 0.05 0 1.95 0 0 0.3 0.1 0.4 1.4 3.1 3 0.1 2 2 0 0
1 0 1 0 1 0 0 0 0 1 1 0 40 -1 -1 0 1200 1 50 1 50000 10 3 3 1 1 5 3.5 6.9 6.9 4 2.5 1.65 0.6 0.28 2.24 0.0001 1 1.2 3 54178 6 0 0 2 1 1 1 0.0125 5 1 5.5 5.95 10 4 1.475 0.05 0.05 0 1.95 0 0 3.7 0.1 0.4 1 1.6 3 0.1 2 2 0 0
1 0 1 0 1 0 0 0 0 1 1 0 40 -1 -1 0 1200 1 50 1 50000 10 3 3 1 1 5 2.5 6.9 6.9 4 2.5 1.65 0.6 0.28 2.24 0.0001 1 1.2 3 54178 6 0 0 2 1 1 1 0.045 5 1 4.6 6.85 5.68 2.38 13.175 0.05 0.05 0 1.95 0 0 2.7 0.1 0.4 1.6 0.6 3 0.1 2 2 0 0
1 0 1 0 1 0 0 0 0 1 1 0 40 -1 -1 0 1200 1 50 1 50000 10 3 3 1 1 5 1 6.9 6.9 4 2.5 1.65 0.6 0.28 2.24 0.0001 1 1.2 3 54178 6 0 0 2 1 1 1 0.0425 5 1 4.6 6.4 1.84 2.38 2.45 0.05 0.05 0 1.95 0 0 0.9 0.1 0.4 3.4 4.1 3 0.1 2 2 0 0
1 0 1 0 1 0 0 0 0 1 1 0 40 -1 -1 0 1200 1 50 1 50000 10 3 3 1 1 5 7 6.9 6.9 4 2.5 1.65 0.6 0.28 2.24 0.0001 1 1.2 3 54178 6 0 0 2 1 1 1 0.005 5 1 7.75 3.25 4.72 2.02 9.275 0.05 0.05 0 1.95 0 0 0.9 0.1 0.4 3 0.85 3 0.1 2 2 0 0
1 0 1 0 1 0 0 0 0 1 1 0 40 -1 -1 0 1200 1 50 1 50000 10 3 3 1 1 5 0.5 6.9 6.9 4 2.5 1.65 0.6 0.28 2.24 0.0001 1 1.2 3 54178 6 0 0 2 1 1 1 0.05 5 1 8.2 8.2 7.12 3.1 0.5 0.05 0.05 0 1.95 0 0 0.5 0.1 0.4 3 2.6 3 0.1 2 2 0 0
1 0 1 0 1 0 0 0 0 1 1 0 40 -1 -1 0 1200 1 50 1 50000 10 3 3 1 1 5 2.5 6.9 6.9 4 2.5 1.65 0.6 0.28 2.24 0.0001 1 1.2 3 54178 6 0 0 2 1 1 1 0.0125 5 1 8.2 8.2 5.2 0.94 5.375 0.05 0.05 0 1.95 0 0 0.9 0.1 0.4 4.6 0.1 3 0.1 2 2 0 0
1 0 1 0 1 0 0 0 0 1 1 0 40 -1 -1 0 1200 1 50 1 50000 10 3 3 1 1 5 2 6.9 6.9 4 2.5 1.65 0.6 0.28 2.24 0.0001 1 1.2 3 54178 6 0 0 2 1 1 1 0.0025 5 1 5.05 8.65 3.76 3.46 0.5 0.05 0.05 0 1.95 0 0 1.5 0.1 0.4 4 0.35 3 0.1 2 2 0 0
1 0 1 0 1 0 0 0 0 1 1 0 40 -1 -1 0 1200 1 50 1 50000 10 3 3 1 1 5 2.5 6.9 6.9 4 2.5 1.65 0.6 0.28 2.24 0.0001 1 1.2 3 54178 6 0 0 2 1 1 1 0.0425 5 1 9.1 6.4 2.32 2.2 4.4 0.05 0.05 0 1.95 0 0 2.3 0.1 0.4 4.2 1.85 3 0.1 2 2 0 0
1 0 1 0 1 0 0 0 0 1 1 0 40 -1 -1 0 1200 1 50 1 50000 10 3 3 1 1 5 1 6.9 6.9 4 2.5 1.65 0.6 0.28 2.24 0.0001 1 1.2 3 54178 6 0 0 2 1 1 1 0.0225 5 1 2.35 7.75 4.72 1.84 16.1 0.05 0.05 0 1.95 0 0 0.7 0.1 0.4 4.6 4.35 3 0.1 2 2 0 0
1 0 1 0 1 0 0 0 0 1 1 0 40 -1 -1 0 1200 1 50 1 50000 10 3 3 1 1 5 4 6.9 6.9 4 2.5 1.65 0.6 0.28 2.24 0.0001 1 1.2 3 54178 6 0 0 2 1 1 1 0.025 5 1 1.9 8.2 0.88 3.1 8.3 0.05 0.05 0 1.95 0 0 0.9 0.1 0.4 4 4.6 3 0.1 2 2 0 0
1 0 1 0 1 0 0 0 0 1 1 0 40 -1 -1 0 1200 1 50 1 50000 10 3 3 1 1 5 5 6.9 6.9 4 2.5 1.65 0.6 0.28 2.24 0.0001 1 1.2 3 54178 6 0 0 2 1 1 1 0.0225 5 1 5.05 3.25 6.64 1.66 11.225 0.05 0.05 0 1.95 0 0 1.5 0.1 0.4 1.8 4.1 3 0.1 2 2 0 0
1 0 1 0 1 0 0 0 0 1 1 0 40 -1 -1 0 1200 1 50 1 50000 10 3 3 1 1 5 1.5 6.9 6.9 4 2.5 1.65 0.6 0.28 2.24 0.0001 1 1.2 3 54178 6 0 0 2 1 1 1 0.05 5 1 4.6 8.65 1.36 1.48 3.425 0.05 0.05 0 1.95 0 0 0.7 0.1 0.4 3.8 0.35 3 0.1 2 2 0 0
1 0 1 0 1 0 0 0 0 1 1 0 40 -1 -1 0 1200 1 50 1 50000 10 3 3 1 1 5 1 6.9 6.9 4 2.5 1.65 0.6 0.28 2.24 0.0001 1 1.2 3 54178 6 0 0 2 1 1 1 0.045 5 1 3.25 6.85 8.56 0.94 12.2 0.05 0.05 0 1.95 0 0 2.9 0.1 0.4 2 0.1 3 0.1 2 2 0 0
1 0 1 0 1 0 0 0 0 1 1 0 40 -1 -1 0 1200 1 50 1 50000 10 3 3 1 1 5 3 6.9 6.9 4 2.5 1.65 0.6 0.28 2.24 0.0001 1 1.2 3 54178 6 0 0 2 1 1 1 0 5 1 7.75 6.85 5.2 1.84 13.175 0.05 0.05 0 1.95 0 0 0.7 0.1 0.4 3.2 4.85 3 0.1 2 2 0 0
1 0 1 0 1 0 0 0 0 1 1 0 40 -1 -1 0 1200 1 50 1 50000 10 3 3 1 1 5 0.5 6.9 6.9 4 2.5 1.65 0.6 0.28 2.24 0.0001 1 1.2 3 54178 6 0 0 2 1 1 1 0.02 5 1 1.45 3.7 5.68 3.46 8.3 0.05 0.05 0 1.95 0 0 1.5 0.1 0.4 3.6 2.6 3 0.1 2 2 0 0
1 0 1 0 1 0 0 0 0 1 1 0 40 -1 -1 0 1200 1 50 1 50000 10 3 3 1 1 5 9 6.9 6.9 4 2.5 1.65 0.6 0.28 2.24 0.0001 1 1.2 3 54178 6 0 0 2 1 1 1 0 5 1 2.8 3.25 0.4 3.1 10.25 0.05 0.05 0 1.95 0 0 0.9 0.1 0.4 3.6 3.6 3 0.1 2 2 0 0
1 0 1 0 1 0 0 0 0 1 1 0 40 -1 -1 0 1200 1 50 1 50000 10 3 3 1 1 5 1.5 6.9 6.9 4 2.5 1.65 0.6 0.28 2.24 0.0001 1 1.2 3 54178 6 0 0 2 1 1 1 0.05 5 1 7.3 1 10 1.66 12.2 0.05 0.05 0 1.95 0 0 1.7 0.1 0.4 4 4.6 3 0.1 2 2 0 0
1 0 1 0 1 0 0 0 0 1 1 0 40 -1 -1 0 1200 1 50 1 50000 10 3 3 1 1 5 9 6.9 6.9 4 2.5 1.65 0.6 0.28 2.24 0.0001 1 1.2 3 54178 6 0 0 2 1 1 1 0.0325 5 1 3.7 1.9 3.76 0.4 15.125 0.05 0.05 0 1.95 0 0 3.1 0.1 0.4 1.8 4.6 3 0.1 2 2 0 0
1 0 1 0 1 0 0 0 0 1 1 0 40 -1 -1 0 1200 1 50 1 50000 10 3 3 1 1 5 9 6.9 6.9 4 2.5 1.65 0.6 0.28 2.24 0.0001 1 1.2 3 54178 6 0 0 2 1 1 1 0.045 5 1 2.8 7.3 5.68 0.4 6.35 0.05 0.05 0 1.95 0 0 0.3 0.1 0.4 1 4.6 3 0.1 2 2 0 0
1 0 1 0 1 0 0 0 0 1 1 0 40 -1 -1 0 1200 1 50 1 50000 10 3 3 1 1 5 9.5 6.9 6.9 4 2.5 1.65 0.6 0.28 2.24 0.0001 1 1.2 3 54178 6 0 0 2 1 1 1 0.0025 5 1 4.6 8.65 6.64 0.94 6.35 0.05 0.05 0 1.95 0 0 0.9 0.1 0.4 2.6 2.6 3 0.1 2 2 0 0
1 0 1 0 1 0 0 0 0 1 1 0 40 -1 -1 0 1200 1 50 1 50000 10 3 3 1 1 5 5 6.9 6.9 4 2.5 1.65 0.6 0.28 2.24 0.0001 1 1.2 3 54178 6 0 0 2 1 1 1 0 5 1 7.3 2.8 2.8 3.28 18.05 0.05 0.05 0 1.95 0 0 0.7 0.1 0.4 3.4 3.85 3 0.1 2 2 0 0
1 0 1 0 1 0 0 0 0 1 1 0 40 -1 -1 0 1200 1 50 1 50000 10 3 3 1 1 5 1.5 6.9 6.9 4 2.5 1.65 0.6 0.28 2.24 0.0001 1 1.2 3 54178 6 0 0 2 1 1 1 0.045 5 1 8.2 4.15 7.6 3.64 12.2 0.05 0.05 0 1.95 0 0 0.9 0.1 0.4 2.2 3.85 3 0.1 2 2 0 0
1 0 1 0 1 0 0 0 0 1 1 0 40 -1 -1 0 1200 1 50 1 50000 10 3 3 1 1 5 7 6.9 6.9 4 2.5 1.65 0.6 0.28 2.24 0.0001 1 1.2 3 54178 6 0 0 2 1 1 1 0.04 5 1 9.55 1.45 0.4 2.56 2.45 0.05 0.05 0 1.95 0 0 3.1 0.1 0.4 4.2 1.35 3 0.1 2 2 0 0
1 0 1 0 1 0 0 0 0 1 1 0 40 -1 -1 0 1200 1 50 1 50000 10 3 3 1 1 5 0 6.9 6.9 4 2.5 1.65 0.6 0.28 2.24 0.0001 1 1.2 3 54178 6 0 0 2 1 1 1 0.0075 5 1 5.05 7.75 6.64 4 10.25 0.05 0.05 0 1.95 0 0 0.5 0.1 0.4 4.2 1.1 3 0.1 2 2 0 0
1 0 1 0 1 0 0 0 0 1 1 0 40 -1 -1 0 1200 1 50 1 50000 10 3 3 1 1 5 6 6.9 6.9 4 2.5 1.65 0.6 0.28 2.24 0.0001 1 1.2 3 54178 6 0 0 2 1 1 1 0.0325 5 1 1 2.35 5.2 1.3 3.425 0.05 0.05 0 1.95 0 0 1.1 0.1 0.4 1.4 1.85 3 0.1 2 2 0 0
1 0 1 0 1 0 0 0 0 1 1 0 40 -1 -1 0 1200 1 50 1 50000 10 3 3 1 1 5 5.5 6.9 6.9 4 2.5 1.65 0.6 0.28 2.24 0.0001 1 1.2 3 54178 6 0 0 2 1 1 1 0.0275 5 1 7.3 8.2 7.6 1.66 10.25 0.05 0.05 0 1.95 0 0 0.7 0.1 0.4 2.4 5.1 3 0.1 2 2 0 0
1 0 1 0 1 0 0 0 0 1 1 0 40 -1 -1 0 1200 1 50 1 50000 10 3 3 1 1 5 4 6.9 6.9 4 2.5 1.65 0.6 0.28 2.24 0.0001 1 1.2 3 54178 6 0 0 2 1 1 1 0.02 5 1 6.85 9.1 2.32 3.82 13.175 0.05 0.05 0 1.95 0 0 0.9 0.1 0.4 1 0.85 3 0.1 2 2 0 0
1 0 1 0 1 0 0 0 0 1 1 0 40 -1 -1 0 1200 1 50 1 50000 10 3 3 1 1 5 8 6.9 6.9 4 2.5 1.65 0.6 0.28 2.24 0.0001 1 1.2 3 54178 6 0 0 2 1 1 1 0.0375 5 1 3.25 4.15 3.28 3.28 12.2 0.05 0.05 0 1.95 0 0 1.3 0.1 0.4 4.6 5.1 3 0.1 2 2 0 0
1 0 1 0 1 0 0 0 0 1 1 0 40 -1 -1 0 1200 1 50 1 50000 10 3 3 1 1 5 0 6.9 6.9 4 2.5 1.65 0.6 0.28 2.24 0.0001 1 1.2 3 54178 6 0 0 2 1 1 1 0.0475 5 1 8.65 2.8 9.52 0.76 19.025 0.05 0.05 0 1.95 0 0 1.5 0.1 0.4 4.2 2.85 3 0.1 2 2 0 0
1 0 1 0 1 0 0 0 0 1 1 0 40 -1 -1 0 1200 1 50 1 50000 10 3 3 1 1 5 4.5 6.9 6.9 4 2.5 1.65 0.6 0.28 2.24 0.0001 1 1.2 3 54178 6 0 0 2 1 1 1 0.0125 5 1 5.95 6.4 2.32 4 14.15 0.05 0.05 0 1.95 0 0 0.3 0.1 0.4 3.4 4.85 3 0.1 2 2 0 0
1 0 1 0 1 0 0 0 0 1 1 0 40 -1 -1 0 1200 1 50 1 50000 10 3 3 1 1 5 0 6.9 6.9 4 2.5 1.65 0.6 0.28 2.24 0.0001 1 1.2 3 54178 6 0 0 2 1 1 1 0.0075 5 1 6.85 5.05 5.2 1.48 11.225 0.05 0.05 0 1.95 0 0 0.9 0.1 0.4 4.8 0.35 3 0.1 2 2 0 0
1 0 1 0 1 0 0 0 0 1 1 0 40 -1 -1 0 1200 1 50 1 50000 10 3 3 1 1 5 2 6.9 6.9 4 2.5 1.65 0.6 0.28 2.24 0.0001 1 1.2 3 54178 6 0 0 2 1 1 1 0.04 5 1 7.75 3.7 5.2 2.38 11.225 0.05 0.05 0 1.95 0 0 4.1 0.1 0.4 3.4 0.6 3 0.1 2 2 0 0
1 0 1 0 1 0 0 0 0 1 1 0 40 -1 -1 0 1200 1 50 1 50000 10 3 3 1 1 5 10 6.9 6.9 4 2.5 1.65 0.6 0.28 2.24 0.0001 1 1.2 3 54178 6 0 0 2 1 1 1 0.0375 5 1 6.85 4.15 2.32 1.48 5.375 0.05 0.05 0 1.95 0 0 0.1 0.1 0.4 2.2 3.1 3 0.1 2 2 0 0
